CNPJ_CIA;DT_REFER;VERSAO;DENOM_CIA;CD_CVM;GRUPO_DFP;MOEDA;ESCALA_MOEDA;ORDEM_EXERC;DT_INI_EXERC;DT_FIM_EXERC;COLUNA_DF;CD_CONTA;DS_CONTA;VL_CONTA;ST_CONTA_FIXA
09.305.994/0001-29;2021-03-31;1;AZUL S.A.;24112;DF Individual - Demonstração das Mutações do Patrimônio Líquido;REAL;MIL;PENÚLTIMO;2020-01-01;2020-03-31;Capital Social Integralizado;5.01;Saldos Iniciais;2243215.0;S
09.305.994/0001-29;2021-03-31;1;AZUL S.A.;24112;DF Individual - Demonstração das Mutações do Patrimônio Líquido;REAL;MIL;ÚLTIMO;2021-01-01;2021-03-31;Capital Social Integralizado;5.01;Saldos Iniciais;2266992.0;S
09.305.994/0001-29;2021-03-31;1;AZUL S.A.;24112;DF Individual - Demonstração das Mutações do Patrimônio Líquido;REAL;MIL;PENÚLTIMO;2020-01-01;2020-03-31;Reservas de Capital, Opções Outorgadas e Ações em Tesouraria;5.01;Saldos Iniciais;1913265.0;S
09.305.994/0001-29;2021-03-31;1;AZUL S.A.;24112;DF Individual - Demonstração das Mutações do Patrimônio Líquido;REAL;MIL;ÚLTIMO;2021-01-01;2021-03-31;Reservas de Capital, Opções Outorgadas e Ações em Tesouraria;5.01;Saldos Iniciais;1934705.0;S
09.305.994/0001-29;2021-03-31;1;AZUL S.A.;24112;DF Individual - Demonstração das Mutações do Patrimônio Líquido;REAL;MIL;PENÚLTIMO;2020-01-01;2020-03-31;Reservas de Lucro;5.01;Saldos Iniciais;0.0;S
09.305.994/0001-29;2021-03-31;1;AZUL S.A.;24112;DF Individual - Demonstração das Mutações do Patrimônio Líquido;REAL;MIL;ÚLTIMO;2021-01-01;2021-03-31;Reservas de Lucro;5.01;Saldos Iniciais;0.0;S
09.305.994/0001-29;2021-03-31;1;AZUL S.A.;24112;DF Individual - Demonstração das Mutações do Patrimônio Líquido;REAL;MIL;PENÚLTIMO;2020-01-01;2020-03-31;Lucros ou Prejuízos Acumulados;5.01;Saldos Iniciais;-7516393.0;S
09.305.994/0001-29;2021-03-31;1;AZUL S.A.;24112;DF Individual - Demonstração das Mutações do Patrimônio Líquido;REAL;MIL;ÚLTIMO;2021-01-01;2021-03-31;Lucros ou Prejuízos Acumulados;5.01;Saldos Iniciais;-18351102.0;S
09.305.994/0001-29;2021-03-31;1;AZUL S.A.;24112;DF Individual - Demonstração das Mutações do Patrimônio Líquido;REAL;MIL;PENÚLTIMO;2020-01-01;2020-03-31;Outros Resultados Abrangentes;5.01;Saldos Iniciais;-159261.0;S
09.305.994/0001-29;2021-03-31;1;AZUL S.A.;24112;DF Individual - Demonstração das Mutações do Patrimônio Líquido;REAL;MIL;ÚLTIMO;2021-01-01;2021-03-31;Outros Resultados Abrangentes;5.01;Saldos Iniciais;655.0;S
09.305.994/0001-29;2021-03-31;1;AZUL S.A.;24112;DF Individual - Demonstração das Mutações do Patrimônio Líquido;REAL;MIL;PENÚLTIMO;2020-01-01;2020-03-31;Patrimônio Líquido;5.01;Saldos Iniciais;-3519174.0;S
09.305.994/0001-29;2021-03-31;1;AZUL S.A.;24112;DF Individual - Demonstração das Mutações do Patrimônio Líquido;REAL;MIL;ÚLTIMO;2021-01-01;2021-03-31;Patrimônio Líquido;5.01;Saldos Iniciais;-14148750.0;S
09.305.994/0001-29;2021-03-31;1;AZUL S.A.;24112;DF Individual - Demonstração das Mutações do Patrimônio Líquido;REAL;MIL;PENÚLTIMO;2020-01-01;2020-03-31;Capital Social Integralizado;5.02;Ajustes de Exercícios Anteriores;0.0;S
09.305.994/0001-29;2021-03-31;1;AZUL S.A.;24112;DF Individual - Demonstração das Mutações do Patrimônio Líquido;REAL;MIL;ÚLTIMO;2021-01-01;2021-03-31;Capital Social Integralizado;5.02;Ajustes de Exercícios Anteriores;0.0;S
09.305.994/0001-29;2021-03-31;1;AZUL S.A.;24112;DF Individual - Demonstração das Mutações do Patrimônio Líquido;REAL;MIL;PENÚLTIMO;2020-01-01;2020-03-31;Reservas de Capital, Opções Outorgadas e Ações em Tesouraria;5.02;Ajustes de Exercícios Anteriores;0.0;S
09.305.994/0001-29;2021-03-31;1;AZUL S.A.;24112;DF Individual - Demonstração das Mutações do Patrimônio Líquido;REAL;MIL;ÚLTIMO;2021-01-01;2021-03-31;Reservas de Capital, Opções Outorgadas e Ações em Tesouraria;5.02;Ajustes de Exercícios Anteriores;0.0;S
09.305.994/0001-29;2021-03-31;1;AZUL S.A.;24112;DF Individual - Demonstração das Mutações do Patrimônio Líquido;REAL;MIL;PENÚLTIMO;2020-01-01;2020-03-31;Reservas de Lucro;5.02;Ajustes de Exercícios Anteriores;0.0;S
09.305.994/0001-29;2021-03-31;1;AZUL S.A.;24112;DF Individual - Demonstração das Mutações do Patrimônio Líquido;REAL;MIL;ÚLTIMO;2021-01-01;2021-03-31;Reservas de Lucro;5.02;Ajustes de Exercícios Anteriores;0.0;S
09.305.994/0001-29;2021-03-31;1;AZUL S.A.;24112;DF Individual - Demonstração das Mutações do Patrimônio Líquido;REAL;MIL;PENÚLTIMO;2020-01-01;2020-03-31;Lucros ou Prejuízos Acumulados;5.02;Ajustes de Exercícios Anteriores;0.0;S
09.305.994/0001-29;2021-03-31;1;AZUL S.A.;24112;DF Individual - Demonstração das Mutações do Patrimônio Líquido;REAL;MIL;ÚLTIMO;2021-01-01;2021-03-31;Lucros ou Prejuízos Acumulados;5.02;Ajustes de Exercícios Anteriores;0.0;S
09.305.994/0001-29;2021-03-31;1;AZUL S.A.;24112;DF Individual - Demonstração das Mutações do Patrimônio Líquido;REAL;MIL;PENÚLTIMO;2020-01-01;2020-03-31;Outros Resultados Abrangentes;5.02;Ajustes de Exercícios Anteriores;0.0;S
09.305.994/0001-29;2021-03-31;1;AZUL S.A.;24112;DF Individual - Demonstração das Mutações do Patrimônio Líquido;REAL;MIL;ÚLTIMO;2021-01-01;2021-03-31;Outros Resultados Abrangentes;5.02;Ajustes de Exercícios Anteriores;0.0;S
09.305.994/0001-29;2021-03-31;1;AZUL S.A.;24112;DF Individual - Demonstração das Mutações do Patrimônio Líquido;REAL;MIL;PENÚLTIMO;2020-01-01;2020-03-31;Patrimônio Líquido;5.02;Ajustes de Exercícios Anteriores;0.0;S
09.305.994/0001-29;2021-03-31;1;AZUL S.A.;24112;DF Individual - Demonstração das Mutações do Patrimônio Líquido;REAL;MIL;ÚLTIMO;2021-01-01;2021-03-31;Patrimônio Líquido;5.02;Ajustes de Exercícios Anteriores;0.0;S
09.305.994/0001-29;2021-03-31;1;AZUL S.A.;24112;DF Individual - Demonstração das Mutações do Patrimônio Líquido;REAL;MIL;PENÚLTIMO;2020-01-01;2020-03-31;Capital Social Integralizado;5.03;Saldos Iniciais Ajustados;2243215.0;S
09.305.994/0001-29;2021-03-31;1;AZUL S.A.;24112;DF Individual - Demonstração das Mutações do Patrimônio Líquido;REAL;MIL;ÚLTIMO;2021-01-01;2021-03-31;Capital Social Integralizado;5.03;Saldos Iniciais Ajustados;2266992.0;S
09.305.994/0001-29;2021-03-31;1;AZUL S.A.;24112;DF Individual - Demonstração das Mutações do Patrimônio Líquido;REAL;MIL;PENÚLTIMO;2020-01-01;2020-03-31;Reservas de Capital, Opções Outorgadas e Ações em Tesouraria;5.03;Saldos Iniciais Ajustados;1913265.0;S
09.305.994/0001-29;2021-03-31;1;AZUL S.A.;24112;DF Individual - Demonstração das Mutações do Patrimônio Líquido;REAL;MIL;ÚLTIMO;2021-01-01;2021-03-31;Reservas de Capital, Opções Outorgadas e Ações em Tesouraria;5.03;Saldos Iniciais Ajustados;1934705.0;S
09.305.994/0001-29;2021-03-31;1;AZUL S.A.;24112;DF Individual - Demonstração das Mutações do Patrimônio Líquido;REAL;MIL;PENÚLTIMO;2020-01-01;2020-03-31;Reservas de Lucro;5.03;Saldos Iniciais Ajustados;0.0;S
09.305.994/0001-29;2021-03-31;1;AZUL S.A.;24112;DF Individual - Demonstração das Mutações do Patrimônio Líquido;REAL;MIL;ÚLTIMO;2021-01-01;2021-03-31;Reservas de Lucro;5.03;Saldos Iniciais Ajustados;0.0;S
09.305.994/0001-29;2021-03-31;1;AZUL S.A.;24112;DF Individual - Demonstração das Mutações do Patrimônio Líquido;REAL;MIL;PENÚLTIMO;2020-01-01;2020-03-31;Lucros ou Prejuízos Acumulados;5.03;Saldos Iniciais Ajustados;-7516393.0;S
09.305.994/0001-29;2021-03-31;1;AZUL S.A.;24112;DF Individual - Demonstração das Mutações do Patrimônio Líquido;REAL;MIL;ÚLTIMO;2021-01-01;2021-03-31;Lucros ou Prejuízos Acumulados;5.03;Saldos Iniciais Ajustados;-18351102.0;S
09.305.994/0001-29;2021-03-31;1;AZUL S.A.;24112;DF Individual - Demonstração das Mutações do Patrimônio Líquido;REAL;MIL;PENÚLTIMO;2020-01-01;2020-03-31;Outros Resultados Abrangentes;5.03;Saldos Iniciais Ajustados;-159261.0;S
09.305.994/0001-29;2021-03-31;1;AZUL S.A.;24112;DF Individual - Demonstração das Mutações do Patrimônio Líquido;REAL;MIL;ÚLTIMO;2021-01-01;2021-03-31;Outros Resultados Abrangentes;5.03;Saldos Iniciais Ajustados;655.0;S
09.305.994/0001-29;2021-03-31;1;AZUL S.A.;24112;DF Individual - Demonstração das Mutações do Patrimônio Líquido;REAL;MIL;PENÚLTIMO;2020-01-01;2020-03-31;Patrimônio Líquido;5.03;Saldos Iniciais Ajustados;-3519174.0;S
09.305.994/0001-29;2021-03-31;1;AZUL S.A.;24112;DF Individual - Demonstração das Mutações do Patrimônio Líquido;REAL;MIL;ÚLTIMO;2021-01-01;2021-03-31;Patrimônio Líquido;5.03;Saldos Iniciais Ajustados;-14148750.0;S
09.305.994/0001-29;2021-03-31;1;AZUL S.A.;24112;DF Individual - Demonstração das Mutações do Patrimônio Líquido;REAL;MIL;PENÚLTIMO;2020-01-01;2020-03-31;Capital Social Integralizado;5.04;Transações de Capital com os Sócios;1860.0;S
09.305.994/0001-29;2021-03-31;1;AZUL S.A.;24112;DF Individual - Demonstração das Mutações do Patrimônio Líquido;REAL;MIL;ÚLTIMO;2021-01-01;2021-03-31;Capital Social Integralizado;5.04;Transações de Capital com os Sócios;22320.0;S
09.305.994/0001-29;2021-03-31;1;AZUL S.A.;24112;DF Individual - Demonstração das Mutações do Patrimônio Líquido;REAL;MIL;PENÚLTIMO;2020-01-01;2020-03-31;Reservas de Capital, Opções Outorgadas e Ações em Tesouraria;5.04;Transações de Capital com os Sócios;4166.0;S
09.305.994/0001-29;2021-03-31;1;AZUL S.A.;24112;DF Individual - Demonstração das Mutações do Patrimônio Líquido;REAL;MIL;ÚLTIMO;2021-01-01;2021-03-31;Reservas de Capital, Opções Outorgadas e Ações em Tesouraria;5.04;Transações de Capital com os Sócios;4226.0;S
09.305.994/0001-29;2021-03-31;1;AZUL S.A.;24112;DF Individual - Demonstração das Mutações do Patrimônio Líquido;REAL;MIL;PENÚLTIMO;2020-01-01;2020-03-31;Reservas de Lucro;5.04;Transações de Capital com os Sócios;0.0;S
09.305.994/0001-29;2021-03-31;1;AZUL S.A.;24112;DF Individual - Demonstração das Mutações do Patrimônio Líquido;REAL;MIL;ÚLTIMO;2021-01-01;2021-03-31;Reservas de Lucro;5.04;Transações de Capital com os Sócios;0.0;S
09.305.994/0001-29;2021-03-31;1;AZUL S.A.;24112;DF Individual - Demonstração das Mutações do Patrimônio Líquido;REAL;MIL;PENÚLTIMO;2020-01-01;2020-03-31;Lucros ou Prejuízos Acumulados;5.04;Transações de Capital com os Sócios;0.0;S
09.305.994/0001-29;2021-03-31;1;AZUL S.A.;24112;DF Individual - Demonstração das Mutações do Patrimônio Líquido;REAL;MIL;ÚLTIMO;2021-01-01;2021-03-31;Lucros ou Prejuízos Acumulados;5.04;Transações de Capital com os Sócios;0.0;S
09.305.994/0001-29;2021-03-31;1;AZUL S.A.;24112;DF Individual - Demonstração das Mutações do Patrimônio Líquido;REAL;MIL;PENÚLTIMO;2020-01-01;2020-03-31;Outros Resultados Abrangentes;5.04;Transações de Capital com os Sócios;0.0;S
09.305.994/0001-29;2021-03-31;1;AZUL S.A.;24112;DF Individual - Demonstração das Mutações do Patrimônio Líquido;REAL;MIL;ÚLTIMO;2021-01-01;2021-03-31;Outros Resultados Abrangentes;5.04;Transações de Capital com os Sócios;0.0;S
09.305.994/0001-29;2021-03-31;1;AZUL S.A.;24112;DF Individual - Demonstração das Mutações do Patrimônio Líquido;REAL;MIL;PENÚLTIMO;2020-01-01;2020-03-31;Patrimônio Líquido;5.04;Transações de Capital com os Sócios;6026.0;S
09.305.994/0001-29;2021-03-31;1;AZUL S.A.;24112;DF Individual - Demonstração das Mutações do Patrimônio Líquido;REAL;MIL;ÚLTIMO;2021-01-01;2021-03-31;Patrimônio Líquido;5.04;Transações de Capital com os Sócios;26546.0;S
09.305.994/0001-29;2021-03-31;1;AZUL S.A.;24112;DF Individual - Demonstração das Mutações do Patrimônio Líquido;REAL;MIL;PENÚLTIMO;2020-01-01;2020-03-31;Capital Social Integralizado;5.04.01;Aumentos de Capital;0.0;S
09.305.994/0001-29;2021-03-31;1;AZUL S.A.;24112;DF Individual - Demonstração das Mutações do Patrimônio Líquido;REAL;MIL;ÚLTIMO;2021-01-01;2021-03-31;Capital Social Integralizado;5.04.01;Aumentos de Capital;0.0;S
09.305.994/0001-29;2021-03-31;1;AZUL S.A.;24112;DF Individual - Demonstração das Mutações do Patrimônio Líquido;REAL;MIL;PENÚLTIMO;2020-01-01;2020-03-31;Reservas de Capital, Opções Outorgadas e Ações em Tesouraria;5.04.01;Aumentos de Capital;0.0;S
09.305.994/0001-29;2021-03-31;1;AZUL S.A.;24112;DF Individual - Demonstração das Mutações do Patrimônio Líquido;REAL;MIL;ÚLTIMO;2021-01-01;2021-03-31;Reservas de Capital, Opções Outorgadas e Ações em Tesouraria;5.04.01;Aumentos de Capital;0.0;S
09.305.994/0001-29;2021-03-31;1;AZUL S.A.;24112;DF Individual - Demonstração das Mutações do Patrimônio Líquido;REAL;MIL;PENÚLTIMO;2020-01-01;2020-03-31;Reservas de Lucro;5.04.01;Aumentos de Capital;0.0;S
09.305.994/0001-29;2021-03-31;1;AZUL S.A.;24112;DF Individual - Demonstração das Mutações do Patrimônio Líquido;REAL;MIL;ÚLTIMO;2021-01-01;2021-03-31;Reservas de Lucro;5.04.01;Aumentos de Capital;0.0;S
09.305.994/0001-29;2021-03-31;1;AZUL S.A.;24112;DF Individual - Demonstração das Mutações do Patrimônio Líquido;REAL;MIL;PENÚLTIMO;2020-01-01;2020-03-31;Lucros ou Prejuízos Acumulados;5.04.01;Aumentos de Capital;0.0;S
09.305.994/0001-29;2021-03-31;1;AZUL S.A.;24112;DF Individual - Demonstração das Mutações do Patrimônio Líquido;REAL;MIL;ÚLTIMO;2021-01-01;2021-03-31;Lucros ou Prejuízos Acumulados;5.04.01;Aumentos de Capital;0.0;S
09.305.994/0001-29;2021-03-31;1;AZUL S.A.;24112;DF Individual - Demonstração das Mutações do Patrimônio Líquido;REAL;MIL;PENÚLTIMO;2020-01-01;2020-03-31;Outros Resultados Abrangentes;5.04.01;Aumentos de Capital;0.0;S
09.305.994/0001-29;2021-03-31;1;AZUL S.A.;24112;DF Individual - Demonstração das Mutações do Patrimônio Líquido;REAL;MIL;ÚLTIMO;2021-01-01;2021-03-31;Outros Resultados Abrangentes;5.04.01;Aumentos de Capital;0.0;S
09.305.994/0001-29;2021-03-31;1;AZUL S.A.;24112;DF Individual - Demonstração das Mutações do Patrimônio Líquido;REAL;MIL;PENÚLTIMO;2020-01-01;2020-03-31;Patrimônio Líquido;5.04.01;Aumentos de Capital;0.0;S
09.305.994/0001-29;2021-03-31;1;AZUL S.A.;24112;DF Individual - Demonstração das Mutações do Patrimônio Líquido;REAL;MIL;ÚLTIMO;2021-01-01;2021-03-31;Patrimônio Líquido;5.04.01;Aumentos de Capital;0.0;S
09.305.994/0001-29;2021-03-31;1;AZUL S.A.;24112;DF Individual - Demonstração das Mutações do Patrimônio Líquido;REAL;MIL;PENÚLTIMO;2020-01-01;2020-03-31;Capital Social Integralizado;5.04.02;Gastos com Emissão de Ações;0.0;S
09.305.994/0001-29;2021-03-31;1;AZUL S.A.;24112;DF Individual - Demonstração das Mutações do Patrimônio Líquido;REAL;MIL;ÚLTIMO;2021-01-01;2021-03-31;Capital Social Integralizado;5.04.02;Gastos com Emissão de Ações;0.0;S
09.305.994/0001-29;2021-03-31;1;AZUL S.A.;24112;DF Individual - Demonstração das Mutações do Patrimônio Líquido;REAL;MIL;PENÚLTIMO;2020-01-01;2020-03-31;Reservas de Capital, Opções Outorgadas e Ações em Tesouraria;5.04.02;Gastos com Emissão de Ações;0.0;S
09.305.994/0001-29;2021-03-31;1;AZUL S.A.;24112;DF Individual - Demonstração das Mutações do Patrimônio Líquido;REAL;MIL;ÚLTIMO;2021-01-01;2021-03-31;Reservas de Capital, Opções Outorgadas e Ações em Tesouraria;5.04.02;Gastos com Emissão de Ações;0.0;S
09.305.994/0001-29;2021-03-31;1;AZUL S.A.;24112;DF Individual - Demonstração das Mutações do Patrimônio Líquido;REAL;MIL;PENÚLTIMO;2020-01-01;2020-03-31;Reservas de Lucro;5.04.02;Gastos com Emissão de Ações;0.0;S
09.305.994/0001-29;2021-03-31;1;AZUL S.A.;24112;DF Individual - Demonstração das Mutações do Patrimônio Líquido;REAL;MIL;ÚLTIMO;2021-01-01;2021-03-31;Reservas de Lucro;5.04.02;Gastos com Emissão de Ações;0.0;S
09.305.994/0001-29;2021-03-31;1;AZUL S.A.;24112;DF Individual - Demonstração das Mutações do Patrimônio Líquido;REAL;MIL;PENÚLTIMO;2020-01-01;2020-03-31;Lucros ou Prejuízos Acumulados;5.04.02;Gastos com Emissão de Ações;0.0;S
09.305.994/0001-29;2021-03-31;1;AZUL S.A.;24112;DF Individual - Demonstração das Mutações do Patrimônio Líquido;REAL;MIL;ÚLTIMO;2021-01-01;2021-03-31;Lucros ou Prejuízos Acumulados;5.04.02;Gastos com Emissão de Ações;0.0;S
09.305.994/0001-29;2021-03-31;1;AZUL S.A.;24112;DF Individual - Demonstração das Mutações do Patrimônio Líquido;REAL;MIL;PENÚLTIMO;2020-01-01;2020-03-31;Outros Resultados Abrangentes;5.04.02;Gastos com Emissão de Ações;0.0;S
09.305.994/0001-29;2021-03-31;1;AZUL S.A.;24112;DF Individual - Demonstração das Mutações do Patrimônio Líquido;REAL;MIL;ÚLTIMO;2021-01-01;2021-03-31;Outros Resultados Abrangentes;5.04.02;Gastos com Emissão de Ações;0.0;S
09.305.994/0001-29;2021-03-31;1;AZUL S.A.;24112;DF Individual - Demonstração das Mutações do Patrimônio Líquido;REAL;MIL;PENÚLTIMO;2020-01-01;2020-03-31;Patrimônio Líquido;5.04.02;Gastos com Emissão de Ações;0.0;S
09.305.994/0001-29;2021-03-31;1;AZUL S.A.;24112;DF Individual - Demonstração das Mutações do Patrimônio Líquido;REAL;MIL;ÚLTIMO;2021-01-01;2021-03-31;Patrimônio Líquido;5.04.02;Gastos com Emissão de Ações;0.0;S
09.305.994/0001-29;2021-03-31;1;AZUL S.A.;24112;DF Individual - Demonstração das Mutações do Patrimônio Líquido;REAL;MIL;PENÚLTIMO;2020-01-01;2020-03-31;Capital Social Integralizado;5.04.03;Opções Outorgadas Reconhecidas;1860.0;S
09.305.994/0001-29;2021-03-31;1;AZUL S.A.;24112;DF Individual - Demonstração das Mutações do Patrimônio Líquido;REAL;MIL;ÚLTIMO;2021-01-01;2021-03-31;Capital Social Integralizado;5.04.03;Opções Outorgadas Reconhecidas;20625.0;S
09.305.994/0001-29;2021-03-31;1;AZUL S.A.;24112;DF Individual - Demonstração das Mutações do Patrimônio Líquido;REAL;MIL;PENÚLTIMO;2020-01-01;2020-03-31;Reservas de Capital, Opções Outorgadas e Ações em Tesouraria;5.04.03;Opções Outorgadas Reconhecidas;4166.0;S
09.305.994/0001-29;2021-03-31;1;AZUL S.A.;24112;DF Individual - Demonstração das Mutações do Patrimônio Líquido;REAL;MIL;ÚLTIMO;2021-01-01;2021-03-31;Reservas de Capital, Opções Outorgadas e Ações em Tesouraria;5.04.03;Opções Outorgadas Reconhecidas;5851.0;S
09.305.994/0001-29;2021-03-31;1;AZUL S.A.;24112;DF Individual - Demonstração das Mutações do Patrimônio Líquido;REAL;MIL;PENÚLTIMO;2020-01-01;2020-03-31;Reservas de Lucro;5.04.03;Opções Outorgadas Reconhecidas;0.0;S
09.305.994/0001-29;2021-03-31;1;AZUL S.A.;24112;DF Individual - Demonstração das Mutações do Patrimônio Líquido;REAL;MIL;ÚLTIMO;2021-01-01;2021-03-31;Reservas de Lucro;5.04.03;Opções Outorgadas Reconhecidas;0.0;S
09.305.994/0001-29;2021-03-31;1;AZUL S.A.;24112;DF Individual - Demonstração das Mutações do Patrimônio Líquido;REAL;MIL;PENÚLTIMO;2020-01-01;2020-03-31;Lucros ou Prejuízos Acumulados;5.04.03;Opções Outorgadas Reconhecidas;0.0;S
09.305.994/0001-29;2021-03-31;1;AZUL S.A.;24112;DF Individual - Demonstração das Mutações do Patrimônio Líquido;REAL;MIL;ÚLTIMO;2021-01-01;2021-03-31;Lucros ou Prejuízos Acumulados;5.04.03;Opções Outorgadas Reconhecidas;0.0;S
09.305.994/0001-29;2021-03-31;1;AZUL S.A.;24112;DF Individual - Demonstração das Mutações do Patrimônio Líquido;REAL;MIL;PENÚLTIMO;2020-01-01;2020-03-31;Outros Resultados Abrangentes;5.04.03;Opções Outorgadas Reconhecidas;0.0;S
09.305.994/0001-29;2021-03-31;1;AZUL S.A.;24112;DF Individual - Demonstração das Mutações do Patrimônio Líquido;REAL;MIL;ÚLTIMO;2021-01-01;2021-03-31;Outros Resultados Abrangentes;5.04.03;Opções Outorgadas Reconhecidas;0.0;S
09.305.994/0001-29;2021-03-31;1;AZUL S.A.;24112;DF Individual - Demonstração das Mutações do Patrimônio Líquido;REAL;MIL;PENÚLTIMO;2020-01-01;2020-03-31;Patrimônio Líquido;5.04.03;Opções Outorgadas Reconhecidas;6026.0;S
09.305.994/0001-29;2021-03-31;1;AZUL S.A.;24112;DF Individual - Demonstração das Mutações do Patrimônio Líquido;REAL;MIL;ÚLTIMO;2021-01-01;2021-03-31;Patrimônio Líquido;5.04.03;Opções Outorgadas Reconhecidas;26476.0;S
09.305.994/0001-29;2021-03-31;1;AZUL S.A.;24112;DF Individual - Demonstração das Mutações do Patrimônio Líquido;REAL;MIL;PENÚLTIMO;2020-01-01;2020-03-31;Capital Social Integralizado;5.04.04;Ações em Tesouraria Adquiridas;0.0;S
09.305.994/0001-29;2021-03-31;1;AZUL S.A.;24112;DF Individual - Demonstração das Mutações do Patrimônio Líquido;REAL;MIL;ÚLTIMO;2021-01-01;2021-03-31;Capital Social Integralizado;5.04.04;Ações em Tesouraria Adquiridas;0.0;S
09.305.994/0001-29;2021-03-31;1;AZUL S.A.;24112;DF Individual - Demonstração das Mutações do Patrimônio Líquido;REAL;MIL;PENÚLTIMO;2020-01-01;2020-03-31;Reservas de Capital, Opções Outorgadas e Ações em Tesouraria;5.04.04;Ações em Tesouraria Adquiridas;0.0;S
09.305.994/0001-29;2021-03-31;1;AZUL S.A.;24112;DF Individual - Demonstração das Mutações do Patrimônio Líquido;REAL;MIL;ÚLTIMO;2021-01-01;2021-03-31;Reservas de Capital, Opções Outorgadas e Ações em Tesouraria;5.04.04;Ações em Tesouraria Adquiridas;-1625.0;S
09.305.994/0001-29;2021-03-31;1;AZUL S.A.;24112;DF Individual - Demonstração das Mutações do Patrimônio Líquido;REAL;MIL;PENÚLTIMO;2020-01-01;2020-03-31;Reservas de Lucro;5.04.04;Ações em Tesouraria Adquiridas;0.0;S
09.305.994/0001-29;2021-03-31;1;AZUL S.A.;24112;DF Individual - Demonstração das Mutações do Patrimônio Líquido;REAL;MIL;ÚLTIMO;2021-01-01;2021-03-31;Reservas de Lucro;5.04.04;Ações em Tesouraria Adquiridas;0.0;S
09.305.994/0001-29;2021-03-31;1;AZUL S.A.;24112;DF Individual - Demonstração das Mutações do Patrimônio Líquido;REAL;MIL;PENÚLTIMO;2020-01-01;2020-03-31;Lucros ou Prejuízos Acumulados;5.04.04;Ações em Tesouraria Adquiridas;0.0;S
09.305.994/0001-29;2021-03-31;1;AZUL S.A.;24112;DF Individual - Demonstração das Mutações do Patrimônio Líquido;REAL;MIL;ÚLTIMO;2021-01-01;2021-03-31;Lucros ou Prejuízos Acumulados;5.04.04;Ações em Tesouraria Adquiridas;0.0;S
09.305.994/0001-29;2021-03-31;1;AZUL S.A.;24112;DF Individual - Demonstração das Mutações do Patrimônio Líquido;REAL;MIL;PENÚLTIMO;2020-01-01;2020-03-31;Outros Resultados Abrangentes;5.04.04;Ações em Tesouraria Adquiridas;0.0;S
09.305.994/0001-29;2021-03-31;1;AZUL S.A.;24112;DF Individual - Demonstração das Mutações do Patrimônio Líquido;REAL;MIL;ÚLTIMO;2021-01-01;2021-03-31;Outros Resultados Abrangentes;5.04.04;Ações em Tesouraria Adquiridas;0.0;S
09.305.994/0001-29;2021-03-31;1;AZUL S.A.;24112;DF Individual - Demonstração das Mutações do Patrimônio Líquido;REAL;MIL;PENÚLTIMO;2020-01-01;2020-03-31;Patrimônio Líquido;5.04.04;Ações em Tesouraria Adquiridas;0.0;S
09.305.994/0001-29;2021-03-31;1;AZUL S.A.;24112;DF Individual - Demonstração das Mutações do Patrimônio Líquido;REAL;MIL;ÚLTIMO;2021-01-01;2021-03-31;Patrimônio Líquido;5.04.04;Ações em Tesouraria Adquiridas;-1625.0;S
09.305.994/0001-29;2021-03-31;1;AZUL S.A.;24112;DF Individual - Demonstração das Mutações do Patrimônio Líquido;REAL;MIL;PENÚLTIMO;2020-01-01;2020-03-31;Capital Social Integralizado;5.04.05;Ações em Tesouraria Vendidas;0.0;S
09.305.994/0001-29;2021-03-31;1;AZUL S.A.;24112;DF Individual - Demonstração das Mutações do Patrimônio Líquido;REAL;MIL;ÚLTIMO;2021-01-01;2021-03-31;Capital Social Integralizado;5.04.05;Ações em Tesouraria Vendidas;0.0;S
09.305.994/0001-29;2021-03-31;1;AZUL S.A.;24112;DF Individual - Demonstração das Mutações do Patrimônio Líquido;REAL;MIL;PENÚLTIMO;2020-01-01;2020-03-31;Reservas de Capital, Opções Outorgadas e Ações em Tesouraria;5.04.05;Ações em Tesouraria Vendidas;0.0;S
09.305.994/0001-29;2021-03-31;1;AZUL S.A.;24112;DF Individual - Demonstração das Mutações do Patrimônio Líquido;REAL;MIL;ÚLTIMO;2021-01-01;2021-03-31;Reservas de Capital, Opções Outorgadas e Ações em Tesouraria;5.04.05;Ações em Tesouraria Vendidas;0.0;S
09.305.994/0001-29;2021-03-31;1;AZUL S.A.;24112;DF Individual - Demonstração das Mutações do Patrimônio Líquido;REAL;MIL;PENÚLTIMO;2020-01-01;2020-03-31;Reservas de Lucro;5.04.05;Ações em Tesouraria Vendidas;0.0;S
09.305.994/0001-29;2021-03-31;1;AZUL S.A.;24112;DF Individual - Demonstração das Mutações do Patrimônio Líquido;REAL;MIL;ÚLTIMO;2021-01-01;2021-03-31;Reservas de Lucro;5.04.05;Ações em Tesouraria Vendidas;0.0;S
09.305.994/0001-29;2021-03-31;1;AZUL S.A.;24112;DF Individual - Demonstração das Mutações do Patrimônio Líquido;REAL;MIL;PENÚLTIMO;2020-01-01;2020-03-31;Lucros ou Prejuízos Acumulados;5.04.05;Ações em Tesouraria Vendidas;0.0;S
09.305.994/0001-29;2021-03-31;1;AZUL S.A.;24112;DF Individual - Demonstração das Mutações do Patrimônio Líquido;REAL;MIL;ÚLTIMO;2021-01-01;2021-03-31;Lucros ou Prejuízos Acumulados;5.04.05;Ações em Tesouraria Vendidas;0.0;S
09.305.994/0001-29;2021-03-31;1;AZUL S.A.;24112;DF Individual - Demonstração das Mutações do Patrimônio Líquido;REAL;MIL;PENÚLTIMO;2020-01-01;2020-03-31;Outros Resultados Abrangentes;5.04.05;Ações em Tesouraria Vendidas;0.0;S
09.305.994/0001-29;2021-03-31;1;AZUL S.A.;24112;DF Individual - Demonstração das Mutações do Patrimônio Líquido;REAL;MIL;ÚLTIMO;2021-01-01;2021-03-31;Outros Resultados Abrangentes;5.04.05;Ações em Tesouraria Vendidas;0.0;S
09.305.994/0001-29;2021-03-31;1;AZUL S.A.;24112;DF Individual - Demonstração das Mutações do Patrimônio Líquido;REAL;MIL;PENÚLTIMO;2020-01-01;2020-03-31;Patrimônio Líquido;5.04.05;Ações em Tesouraria Vendidas;0.0;S
09.305.994/0001-29;2021-03-31;1;AZUL S.A.;24112;DF Individual - Demonstração das Mutações do Patrimônio Líquido;REAL;MIL;ÚLTIMO;2021-01-01;2021-03-31;Patrimônio Líquido;5.04.05;Ações em Tesouraria Vendidas;0.0;S
09.305.994/0001-29;2021-03-31;1;AZUL S.A.;24112;DF Individual - Demonstração das Mutações do Patrimônio Líquido;REAL;MIL;PENÚLTIMO;2020-01-01;2020-03-31;Capital Social Integralizado;5.04.06;Dividendos;0.0;S
09.305.994/0001-29;2021-03-31;1;AZUL S.A.;24112;DF Individual - Demonstração das Mutações do Patrimônio Líquido;REAL;MIL;ÚLTIMO;2021-01-01;2021-03-31;Capital Social Integralizado;5.04.06;Dividendos;0.0;S
09.305.994/0001-29;2021-03-31;1;AZUL S.A.;24112;DF Individual - Demonstração das Mutações do Patrimônio Líquido;REAL;MIL;PENÚLTIMO;2020-01-01;2020-03-31;Reservas de Capital, Opções Outorgadas e Ações em Tesouraria;5.04.06;Dividendos;0.0;S
09.305.994/0001-29;2021-03-31;1;AZUL S.A.;24112;DF Individual - Demonstração das Mutações do Patrimônio Líquido;REAL;MIL;ÚLTIMO;2021-01-01;2021-03-31;Reservas de Capital, Opções Outorgadas e Ações em Tesouraria;5.04.06;Dividendos;0.0;S
09.305.994/0001-29;2021-03-31;1;AZUL S.A.;24112;DF Individual - Demonstração das Mutações do Patrimônio Líquido;REAL;MIL;PENÚLTIMO;2020-01-01;2020-03-31;Reservas de Lucro;5.04.06;Dividendos;0.0;S
09.305.994/0001-29;2021-03-31;1;AZUL S.A.;24112;DF Individual - Demonstração das Mutações do Patrimônio Líquido;REAL;MIL;ÚLTIMO;2021-01-01;2021-03-31;Reservas de Lucro;5.04.06;Dividendos;0.0;S
09.305.994/0001-29;2021-03-31;1;AZUL S.A.;24112;DF Individual - Demonstração das Mutações do Patrimônio Líquido;REAL;MIL;PENÚLTIMO;2020-01-01;2020-03-31;Lucros ou Prejuízos Acumulados;5.04.06;Dividendos;0.0;S
09.305.994/0001-29;2021-03-31;1;AZUL S.A.;24112;DF Individual - Demonstração das Mutações do Patrimônio Líquido;REAL;MIL;ÚLTIMO;2021-01-01;2021-03-31;Lucros ou Prejuízos Acumulados;5.04.06;Dividendos;0.0;S
09.305.994/0001-29;2021-03-31;1;AZUL S.A.;24112;DF Individual - Demonstração das Mutações do Patrimônio Líquido;REAL;MIL;PENÚLTIMO;2020-01-01;2020-03-31;Outros Resultados Abrangentes;5.04.06;Dividendos;0.0;S
09.305.994/0001-29;2021-03-31;1;AZUL S.A.;24112;DF Individual - Demonstração das Mutações do Patrimônio Líquido;REAL;MIL;ÚLTIMO;2021-01-01;2021-03-31;Outros Resultados Abrangentes;5.04.06;Dividendos;0.0;S
09.305.994/0001-29;2021-03-31;1;AZUL S.A.;24112;DF Individual - Demonstração das Mutações do Patrimônio Líquido;REAL;MIL;PENÚLTIMO;2020-01-01;2020-03-31;Patrimônio Líquido;5.04.06;Dividendos;0.0;S
09.305.994/0001-29;2021-03-31;1;AZUL S.A.;24112;DF Individual - Demonstração das Mutações do Patrimônio Líquido;REAL;MIL;ÚLTIMO;2021-01-01;2021-03-31;Patrimônio Líquido;5.04.06;Dividendos;0.0;S
09.305.994/0001-29;2021-03-31;1;AZUL S.A.;24112;DF Individual - Demonstração das Mutações do Patrimônio Líquido;REAL;MIL;PENÚLTIMO;2020-01-01;2020-03-31;Capital Social Integralizado;5.04.07;Juros sobre Capital Próprio;0.0;S
09.305.994/0001-29;2021-03-31;1;AZUL S.A.;24112;DF Individual - Demonstração das Mutações do Patrimônio Líquido;REAL;MIL;ÚLTIMO;2021-01-01;2021-03-31;Capital Social Integralizado;5.04.07;Juros sobre Capital Próprio;0.0;S
09.305.994/0001-29;2021-03-31;1;AZUL S.A.;24112;DF Individual - Demonstração das Mutações do Patrimônio Líquido;REAL;MIL;PENÚLTIMO;2020-01-01;2020-03-31;Reservas de Capital, Opções Outorgadas e Ações em Tesouraria;5.04.07;Juros sobre Capital Próprio;0.0;S
09.305.994/0001-29;2021-03-31;1;AZUL S.A.;24112;DF Individual - Demonstração das Mutações do Patrimônio Líquido;REAL;MIL;ÚLTIMO;2021-01-01;2021-03-31;Reservas de Capital, Opções Outorgadas e Ações em Tesouraria;5.04.07;Juros sobre Capital Próprio;0.0;S
09.305.994/0001-29;2021-03-31;1;AZUL S.A.;24112;DF Individual - Demonstração das Mutações do Patrimônio Líquido;REAL;MIL;PENÚLTIMO;2020-01-01;2020-03-31;Reservas de Lucro;5.04.07;Juros sobre Capital Próprio;0.0;S
09.305.994/0001-29;2021-03-31;1;AZUL S.A.;24112;DF Individual - Demonstração das Mutações do Patrimônio Líquido;REAL;MIL;ÚLTIMO;2021-01-01;2021-03-31;Reservas de Lucro;5.04.07;Juros sobre Capital Próprio;0.0;S
09.305.994/0001-29;2021-03-31;1;AZUL S.A.;24112;DF Individual - Demonstração das Mutações do Patrimônio Líquido;REAL;MIL;PENÚLTIMO;2020-01-01;2020-03-31;Lucros ou Prejuízos Acumulados;5.04.07;Juros sobre Capital Próprio;0.0;S
09.305.994/0001-29;2021-03-31;1;AZUL S.A.;24112;DF Individual - Demonstração das Mutações do Patrimônio Líquido;REAL;MIL;ÚLTIMO;2021-01-01;2021-03-31;Lucros ou Prejuízos Acumulados;5.04.07;Juros sobre Capital Próprio;0.0;S
09.305.994/0001-29;2021-03-31;1;AZUL S.A.;24112;DF Individual - Demonstração das Mutações do Patrimônio Líquido;REAL;MIL;PENÚLTIMO;2020-01-01;2020-03-31;Outros Resultados Abrangentes;5.04.07;Juros sobre Capital Próprio;0.0;S
09.305.994/0001-29;2021-03-31;1;AZUL S.A.;24112;DF Individual - Demonstração das Mutações do Patrimônio Líquido;REAL;MIL;ÚLTIMO;2021-01-01;2021-03-31;Outros Resultados Abrangentes;5.04.07;Juros sobre Capital Próprio;0.0;S
09.305.994/0001-29;2021-03-31;1;AZUL S.A.;24112;DF Individual - Demonstração das Mutações do Patrimônio Líquido;REAL;MIL;PENÚLTIMO;2020-01-01;2020-03-31;Patrimônio Líquido;5.04.07;Juros sobre Capital Próprio;0.0;S
09.305.994/0001-29;2021-03-31;1;AZUL S.A.;24112;DF Individual - Demonstração das Mutações do Patrimônio Líquido;REAL;MIL;ÚLTIMO;2021-01-01;2021-03-31;Patrimônio Líquido;5.04.07;Juros sobre Capital Próprio;0.0;S
09.305.994/0001-29;2021-03-31;1;AZUL S.A.;24112;DF Individual - Demonstração das Mutações do Patrimônio Líquido;REAL;MIL;ÚLTIMO;2021-01-01;2021-03-31;Capital Social Integralizado;5.04.08;Adiantamento para futuro aumento de capital;1695.0;N
09.305.994/0001-29;2021-03-31;1;AZUL S.A.;24112;DF Individual - Demonstração das Mutações do Patrimônio Líquido;REAL;MIL;ÚLTIMO;2021-01-01;2021-03-31;Reservas de Capital, Opções Outorgadas e Ações em Tesouraria;5.04.08;Adiantamento para futuro aumento de capital;0.0;N
09.305.994/0001-29;2021-03-31;1;AZUL S.A.;24112;DF Individual - Demonstração das Mutações do Patrimônio Líquido;REAL;MIL;ÚLTIMO;2021-01-01;2021-03-31;Reservas de Lucro;5.04.08;Adiantamento para futuro aumento de capital;0.0;N
09.305.994/0001-29;2021-03-31;1;AZUL S.A.;24112;DF Individual - Demonstração das Mutações do Patrimônio Líquido;REAL;MIL;ÚLTIMO;2021-01-01;2021-03-31;Lucros ou Prejuízos Acumulados;5.04.08;Adiantamento para futuro aumento de capital;0.0;N
09.305.994/0001-29;2021-03-31;1;AZUL S.A.;24112;DF Individual - Demonstração das Mutações do Patrimônio Líquido;REAL;MIL;ÚLTIMO;2021-01-01;2021-03-31;Outros Resultados Abrangentes;5.04.08;Adiantamento para futuro aumento de capital;0.0;N
09.305.994/0001-29;2021-03-31;1;AZUL S.A.;24112;DF Individual - Demonstração das Mutações do Patrimônio Líquido;REAL;MIL;ÚLTIMO;2021-01-01;2021-03-31;Patrimônio Líquido;5.04.08;Adiantamento para futuro aumento de capital;1695.0;N
09.305.994/0001-29;2021-03-31;1;AZUL S.A.;24112;DF Individual - Demonstração das Mutações do Patrimônio Líquido;REAL;MIL;PENÚLTIMO;2020-01-01;2020-03-31;Capital Social Integralizado;5.05;Resultado Abrangente Total;0.0;S
09.305.994/0001-29;2021-03-31;1;AZUL S.A.;24112;DF Individual - Demonstração das Mutações do Patrimônio Líquido;REAL;MIL;ÚLTIMO;2021-01-01;2021-03-31;Capital Social Integralizado;5.05;Resultado Abrangente Total;0.0;S
09.305.994/0001-29;2021-03-31;1;AZUL S.A.;24112;DF Individual - Demonstração das Mutações do Patrimônio Líquido;REAL;MIL;PENÚLTIMO;2020-01-01;2020-03-31;Reservas de Capital, Opções Outorgadas e Ações em Tesouraria;5.05;Resultado Abrangente Total;0.0;S
09.305.994/0001-29;2021-03-31;1;AZUL S.A.;24112;DF Individual - Demonstração das Mutações do Patrimônio Líquido;REAL;MIL;ÚLTIMO;2021-01-01;2021-03-31;Reservas de Capital, Opções Outorgadas e Ações em Tesouraria;5.05;Resultado Abrangente Total;0.0;S
09.305.994/0001-29;2021-03-31;1;AZUL S.A.;24112;DF Individual - Demonstração das Mutações do Patrimônio Líquido;REAL;MIL;PENÚLTIMO;2020-01-01;2020-03-31;Reservas de Lucro;5.05;Resultado Abrangente Total;0.0;S
09.305.994/0001-29;2021-03-31;1;AZUL S.A.;24112;DF Individual - Demonstração das Mutações do Patrimônio Líquido;REAL;MIL;ÚLTIMO;2021-01-01;2021-03-31;Reservas de Lucro;5.05;Resultado Abrangente Total;0.0;S
09.305.994/0001-29;2021-03-31;1;AZUL S.A.;24112;DF Individual - Demonstração das Mutações do Patrimônio Líquido;REAL;MIL;PENÚLTIMO;2020-01-01;2020-03-31;Lucros ou Prejuízos Acumulados;5.05;Resultado Abrangente Total;-6150627.0;S
09.305.994/0001-29;2021-03-31;1;AZUL S.A.;24112;DF Individual - Demonstração das Mutações do Patrimônio Líquido;REAL;MIL;ÚLTIMO;2021-01-01;2021-03-31;Lucros ou Prejuízos Acumulados;5.05;Resultado Abrangente Total;-2786626.0;S
09.305.994/0001-29;2021-03-31;1;AZUL S.A.;24112;DF Individual - Demonstração das Mutações do Patrimônio Líquido;REAL;MIL;PENÚLTIMO;2020-01-01;2020-03-31;Outros Resultados Abrangentes;5.05;Resultado Abrangente Total;17052.0;S
09.305.994/0001-29;2021-03-31;1;AZUL S.A.;24112;DF Individual - Demonstração das Mutações do Patrimônio Líquido;REAL;MIL;ÚLTIMO;2021-01-01;2021-03-31;Outros Resultados Abrangentes;5.05;Resultado Abrangente Total;0.0;S
09.305.994/0001-29;2021-03-31;1;AZUL S.A.;24112;DF Individual - Demonstração das Mutações do Patrimônio Líquido;REAL;MIL;PENÚLTIMO;2020-01-01;2020-03-31;Patrimônio Líquido;5.05;Resultado Abrangente Total;-6133575.0;S
09.305.994/0001-29;2021-03-31;1;AZUL S.A.;24112;DF Individual - Demonstração das Mutações do Patrimônio Líquido;REAL;MIL;ÚLTIMO;2021-01-01;2021-03-31;Patrimônio Líquido;5.05;Resultado Abrangente Total;-2786626.0;S
09.305.994/0001-29;2021-03-31;1;AZUL S.A.;24112;DF Individual - Demonstração das Mutações do Patrimônio Líquido;REAL;MIL;PENÚLTIMO;2020-01-01;2020-03-31;Capital Social Integralizado;5.05.01;Lucro Líquido do Período;0.0;S
09.305.994/0001-29;2021-03-31;1;AZUL S.A.;24112;DF Individual - Demonstração das Mutações do Patrimônio Líquido;REAL;MIL;ÚLTIMO;2021-01-01;2021-03-31;Capital Social Integralizado;5.05.01;Lucro Líquido do Período;0.0;S
09.305.994/0001-29;2021-03-31;1;AZUL S.A.;24112;DF Individual - Demonstração das Mutações do Patrimônio Líquido;REAL;MIL;PENÚLTIMO;2020-01-01;2020-03-31;Reservas de Capital, Opções Outorgadas e Ações em Tesouraria;5.05.01;Lucro Líquido do Período;0.0;S
09.305.994/0001-29;2021-03-31;1;AZUL S.A.;24112;DF Individual - Demonstração das Mutações do Patrimônio Líquido;REAL;MIL;ÚLTIMO;2021-01-01;2021-03-31;Reservas de Capital, Opções Outorgadas e Ações em Tesouraria;5.05.01;Lucro Líquido do Período;0.0;S
09.305.994/0001-29;2021-03-31;1;AZUL S.A.;24112;DF Individual - Demonstração das Mutações do Patrimônio Líquido;REAL;MIL;PENÚLTIMO;2020-01-01;2020-03-31;Reservas de Lucro;5.05.01;Lucro Líquido do Período;0.0;S
09.305.994/0001-29;2021-03-31;1;AZUL S.A.;24112;DF Individual - Demonstração das Mutações do Patrimônio Líquido;REAL;MIL;ÚLTIMO;2021-01-01;2021-03-31;Reservas de Lucro;5.05.01;Lucro Líquido do Período;0.0;S
09.305.994/0001-29;2021-03-31;1;AZUL S.A.;24112;DF Individual - Demonstração das Mutações do Patrimônio Líquido;REAL;MIL;PENÚLTIMO;2020-01-01;2020-03-31;Lucros ou Prejuízos Acumulados;5.05.01;Lucro Líquido do Período;-6150627.0;S
09.305.994/0001-29;2021-03-31;1;AZUL S.A.;24112;DF Individual - Demonstração das Mutações do Patrimônio Líquido;REAL;MIL;ÚLTIMO;2021-01-01;2021-03-31;Lucros ou Prejuízos Acumulados;5.05.01;Lucro Líquido do Período;-2786626.0;S
09.305.994/0001-29;2021-03-31;1;AZUL S.A.;24112;DF Individual - Demonstração das Mutações do Patrimônio Líquido;REAL;MIL;PENÚLTIMO;2020-01-01;2020-03-31;Outros Resultados Abrangentes;5.05.01;Lucro Líquido do Período;0.0;S
09.305.994/0001-29;2021-03-31;1;AZUL S.A.;24112;DF Individual - Demonstração das Mutações do Patrimônio Líquido;REAL;MIL;ÚLTIMO;2021-01-01;2021-03-31;Outros Resultados Abrangentes;5.05.01;Lucro Líquido do Período;0.0;S
09.305.994/0001-29;2021-03-31;1;AZUL S.A.;24112;DF Individual - Demonstração das Mutações do Patrimônio Líquido;REAL;MIL;PENÚLTIMO;2020-01-01;2020-03-31;Patrimônio Líquido;5.05.01;Lucro Líquido do Período;-6150627.0;S
09.305.994/0001-29;2021-03-31;1;AZUL S.A.;24112;DF Individual - Demonstração das Mutações do Patrimônio Líquido;REAL;MIL;ÚLTIMO;2021-01-01;2021-03-31;Patrimônio Líquido;5.05.01;Lucro Líquido do Período;-2786626.0;S
09.305.994/0001-29;2021-03-31;1;AZUL S.A.;24112;DF Individual - Demonstração das Mutações do Patrimônio Líquido;REAL;MIL;PENÚLTIMO;2020-01-01;2020-03-31;Capital Social Integralizado;5.05.02;Outros Resultados Abrangentes;0.0;S
09.305.994/0001-29;2021-03-31;1;AZUL S.A.;24112;DF Individual - Demonstração das Mutações do Patrimônio Líquido;REAL;MIL;ÚLTIMO;2021-01-01;2021-03-31;Capital Social Integralizado;5.05.02;Outros Resultados Abrangentes;0.0;S
09.305.994/0001-29;2021-03-31;1;AZUL S.A.;24112;DF Individual - Demonstração das Mutações do Patrimônio Líquido;REAL;MIL;PENÚLTIMO;2020-01-01;2020-03-31;Reservas de Capital, Opções Outorgadas e Ações em Tesouraria;5.05.02;Outros Resultados Abrangentes;0.0;S
09.305.994/0001-29;2021-03-31;1;AZUL S.A.;24112;DF Individual - Demonstração das Mutações do Patrimônio Líquido;REAL;MIL;ÚLTIMO;2021-01-01;2021-03-31;Reservas de Capital, Opções Outorgadas e Ações em Tesouraria;5.05.02;Outros Resultados Abrangentes;0.0;S
09.305.994/0001-29;2021-03-31;1;AZUL S.A.;24112;DF Individual - Demonstração das Mutações do Patrimônio Líquido;REAL;MIL;PENÚLTIMO;2020-01-01;2020-03-31;Reservas de Lucro;5.05.02;Outros Resultados Abrangentes;0.0;S
09.305.994/0001-29;2021-03-31;1;AZUL S.A.;24112;DF Individual - Demonstração das Mutações do Patrimônio Líquido;REAL;MIL;ÚLTIMO;2021-01-01;2021-03-31;Reservas de Lucro;5.05.02;Outros Resultados Abrangentes;0.0;S
09.305.994/0001-29;2021-03-31;1;AZUL S.A.;24112;DF Individual - Demonstração das Mutações do Patrimônio Líquido;REAL;MIL;PENÚLTIMO;2020-01-01;2020-03-31;Lucros ou Prejuízos Acumulados;5.05.02;Outros Resultados Abrangentes;0.0;S
09.305.994/0001-29;2021-03-31;1;AZUL S.A.;24112;DF Individual - Demonstração das Mutações do Patrimônio Líquido;REAL;MIL;ÚLTIMO;2021-01-01;2021-03-31;Lucros ou Prejuízos Acumulados;5.05.02;Outros Resultados Abrangentes;0.0;S
09.305.994/0001-29;2021-03-31;1;AZUL S.A.;24112;DF Individual - Demonstração das Mutações do Patrimônio Líquido;REAL;MIL;PENÚLTIMO;2020-01-01;2020-03-31;Outros Resultados Abrangentes;5.05.02;Outros Resultados Abrangentes;17052.0;S
09.305.994/0001-29;2021-03-31;1;AZUL S.A.;24112;DF Individual - Demonstração das Mutações do Patrimônio Líquido;REAL;MIL;ÚLTIMO;2021-01-01;2021-03-31;Outros Resultados Abrangentes;5.05.02;Outros Resultados Abrangentes;0.0;S
09.305.994/0001-29;2021-03-31;1;AZUL S.A.;24112;DF Individual - Demonstração das Mutações do Patrimônio Líquido;REAL;MIL;PENÚLTIMO;2020-01-01;2020-03-31;Patrimônio Líquido;5.05.02;Outros Resultados Abrangentes;17052.0;S
09.305.994/0001-29;2021-03-31;1;AZUL S.A.;24112;DF Individual - Demonstração das Mutações do Patrimônio Líquido;REAL;MIL;ÚLTIMO;2021-01-01;2021-03-31;Patrimônio Líquido;5.05.02;Outros Resultados Abrangentes;0.0;S
09.305.994/0001-29;2021-03-31;1;AZUL S.A.;24112;DF Individual - Demonstração das Mutações do Patrimônio Líquido;REAL;MIL;PENÚLTIMO;2020-01-01;2020-03-31;Capital Social Integralizado;5.05.02.01;Ajustes de Instrumentos Financeiros;0.0;S
09.305.994/0001-29;2021-03-31;1;AZUL S.A.;24112;DF Individual - Demonstração das Mutações do Patrimônio Líquido;REAL;MIL;ÚLTIMO;2021-01-01;2021-03-31;Capital Social Integralizado;5.05.02.01;Ajustes de Instrumentos Financeiros;0.0;S
09.305.994/0001-29;2021-03-31;1;AZUL S.A.;24112;DF Individual - Demonstração das Mutações do Patrimônio Líquido;REAL;MIL;PENÚLTIMO;2020-01-01;2020-03-31;Reservas de Capital, Opções Outorgadas e Ações em Tesouraria;5.05.02.01;Ajustes de Instrumentos Financeiros;0.0;S
09.305.994/0001-29;2021-03-31;1;AZUL S.A.;24112;DF Individual - Demonstração das Mutações do Patrimônio Líquido;REAL;MIL;ÚLTIMO;2021-01-01;2021-03-31;Reservas de Capital, Opções Outorgadas e Ações em Tesouraria;5.05.02.01;Ajustes de Instrumentos Financeiros;0.0;S
09.305.994/0001-29;2021-03-31;1;AZUL S.A.;24112;DF Individual - Demonstração das Mutações do Patrimônio Líquido;REAL;MIL;PENÚLTIMO;2020-01-01;2020-03-31;Reservas de Lucro;5.05.02.01;Ajustes de Instrumentos Financeiros;0.0;S
09.305.994/0001-29;2021-03-31;1;AZUL S.A.;24112;DF Individual - Demonstração das Mutações do Patrimônio Líquido;REAL;MIL;ÚLTIMO;2021-01-01;2021-03-31;Reservas de Lucro;5.05.02.01;Ajustes de Instrumentos Financeiros;0.0;S
09.305.994/0001-29;2021-03-31;1;AZUL S.A.;24112;DF Individual - Demonstração das Mutações do Patrimônio Líquido;REAL;MIL;PENÚLTIMO;2020-01-01;2020-03-31;Lucros ou Prejuízos Acumulados;5.05.02.01;Ajustes de Instrumentos Financeiros;0.0;S
09.305.994/0001-29;2021-03-31;1;AZUL S.A.;24112;DF Individual - Demonstração das Mutações do Patrimônio Líquido;REAL;MIL;ÚLTIMO;2021-01-01;2021-03-31;Lucros ou Prejuízos Acumulados;5.05.02.01;Ajustes de Instrumentos Financeiros;0.0;S
09.305.994/0001-29;2021-03-31;1;AZUL S.A.;24112;DF Individual - Demonstração das Mutações do Patrimônio Líquido;REAL;MIL;PENÚLTIMO;2020-01-01;2020-03-31;Outros Resultados Abrangentes;5.05.02.01;Ajustes de Instrumentos Financeiros;17052.0;S
09.305.994/0001-29;2021-03-31;1;AZUL S.A.;24112;DF Individual - Demonstração das Mutações do Patrimônio Líquido;REAL;MIL;ÚLTIMO;2021-01-01;2021-03-31;Outros Resultados Abrangentes;5.05.02.01;Ajustes de Instrumentos Financeiros;0.0;S
09.305.994/0001-29;2021-03-31;1;AZUL S.A.;24112;DF Individual - Demonstração das Mutações do Patrimônio Líquido;REAL;MIL;PENÚLTIMO;2020-01-01;2020-03-31;Patrimônio Líquido;5.05.02.01;Ajustes de Instrumentos Financeiros;17052.0;S
09.305.994/0001-29;2021-03-31;1;AZUL S.A.;24112;DF Individual - Demonstração das Mutações do Patrimônio Líquido;REAL;MIL;ÚLTIMO;2021-01-01;2021-03-31;Patrimônio Líquido;5.05.02.01;Ajustes de Instrumentos Financeiros;0.0;S
09.305.994/0001-29;2021-03-31;1;AZUL S.A.;24112;DF Individual - Demonstração das Mutações do Patrimônio Líquido;REAL;MIL;PENÚLTIMO;2020-01-01;2020-03-31;Capital Social Integralizado;5.05.02.02;Tributos s/ Ajustes Instrumentos Financeiros;0.0;S
09.305.994/0001-29;2021-03-31;1;AZUL S.A.;24112;DF Individual - Demonstração das Mutações do Patrimônio Líquido;REAL;MIL;ÚLTIMO;2021-01-01;2021-03-31;Capital Social Integralizado;5.05.02.02;Tributos s/ Ajustes Instrumentos Financeiros;0.0;S
09.305.994/0001-29;2021-03-31;1;AZUL S.A.;24112;DF Individual - Demonstração das Mutações do Patrimônio Líquido;REAL;MIL;PENÚLTIMO;2020-01-01;2020-03-31;Reservas de Capital, Opções Outorgadas e Ações em Tesouraria;5.05.02.02;Tributos s/ Ajustes Instrumentos Financeiros;0.0;S
09.305.994/0001-29;2021-03-31;1;AZUL S.A.;24112;DF Individual - Demonstração das Mutações do Patrimônio Líquido;REAL;MIL;ÚLTIMO;2021-01-01;2021-03-31;Reservas de Capital, Opções Outorgadas e Ações em Tesouraria;5.05.02.02;Tributos s/ Ajustes Instrumentos Financeiros;0.0;S
09.305.994/0001-29;2021-03-31;1;AZUL S.A.;24112;DF Individual - Demonstração das Mutações do Patrimônio Líquido;REAL;MIL;PENÚLTIMO;2020-01-01;2020-03-31;Reservas de Lucro;5.05.02.02;Tributos s/ Ajustes Instrumentos Financeiros;0.0;S
09.305.994/0001-29;2021-03-31;1;AZUL S.A.;24112;DF Individual - Demonstração das Mutações do Patrimônio Líquido;REAL;MIL;ÚLTIMO;2021-01-01;2021-03-31;Reservas de Lucro;5.05.02.02;Tributos s/ Ajustes Instrumentos Financeiros;0.0;S
09.305.994/0001-29;2021-03-31;1;AZUL S.A.;24112;DF Individual - Demonstração das Mutações do Patrimônio Líquido;REAL;MIL;PENÚLTIMO;2020-01-01;2020-03-31;Lucros ou Prejuízos Acumulados;5.05.02.02;Tributos s/ Ajustes Instrumentos Financeiros;0.0;S
09.305.994/0001-29;2021-03-31;1;AZUL S.A.;24112;DF Individual - Demonstração das Mutações do Patrimônio Líquido;REAL;MIL;ÚLTIMO;2021-01-01;2021-03-31;Lucros ou Prejuízos Acumulados;5.05.02.02;Tributos s/ Ajustes Instrumentos Financeiros;0.0;S
09.305.994/0001-29;2021-03-31;1;AZUL S.A.;24112;DF Individual - Demonstração das Mutações do Patrimônio Líquido;REAL;MIL;PENÚLTIMO;2020-01-01;2020-03-31;Outros Resultados Abrangentes;5.05.02.02;Tributos s/ Ajustes Instrumentos Financeiros;0.0;S
09.305.994/0001-29;2021-03-31;1;AZUL S.A.;24112;DF Individual - Demonstração das Mutações do Patrimônio Líquido;REAL;MIL;ÚLTIMO;2021-01-01;2021-03-31;Outros Resultados Abrangentes;5.05.02.02;Tributos s/ Ajustes Instrumentos Financeiros;0.0;S
09.305.994/0001-29;2021-03-31;1;AZUL S.A.;24112;DF Individual - Demonstração das Mutações do Patrimônio Líquido;REAL;MIL;PENÚLTIMO;2020-01-01;2020-03-31;Patrimônio Líquido;5.05.02.02;Tributos s/ Ajustes Instrumentos Financeiros;0.0;S
09.305.994/0001-29;2021-03-31;1;AZUL S.A.;24112;DF Individual - Demonstração das Mutações do Patrimônio Líquido;REAL;MIL;ÚLTIMO;2021-01-01;2021-03-31;Patrimônio Líquido;5.05.02.02;Tributos s/ Ajustes Instrumentos Financeiros;0.0;S
09.305.994/0001-29;2021-03-31;1;AZUL S.A.;24112;DF Individual - Demonstração das Mutações do Patrimônio Líquido;REAL;MIL;PENÚLTIMO;2020-01-01;2020-03-31;Capital Social Integralizado;5.05.02.03;Equiv. Patrim. s/Result. Abrang. Controladas e Coligadas;0.0;S
09.305.994/0001-29;2021-03-31;1;AZUL S.A.;24112;DF Individual - Demonstração das Mutações do Patrimônio Líquido;REAL;MIL;ÚLTIMO;2021-01-01;2021-03-31;Capital Social Integralizado;5.05.02.03;Equiv. Patrim. s/Result. Abrang. Controladas e Coligadas;0.0;S
09.305.994/0001-29;2021-03-31;1;AZUL S.A.;24112;DF Individual - Demonstração das Mutações do Patrimônio Líquido;REAL;MIL;PENÚLTIMO;2020-01-01;2020-03-31;Reservas de Capital, Opções Outorgadas e Ações em Tesouraria;5.05.02.03;Equiv. Patrim. s/Result. Abrang. Controladas e Coligadas;0.0;S
09.305.994/0001-29;2021-03-31;1;AZUL S.A.;24112;DF Individual - Demonstração das Mutações do Patrimônio Líquido;REAL;MIL;ÚLTIMO;2021-01-01;2021-03-31;Reservas de Capital, Opções Outorgadas e Ações em Tesouraria;5.05.02.03;Equiv. Patrim. s/Result. Abrang. Controladas e Coligadas;0.0;S
09.305.994/0001-29;2021-03-31;1;AZUL S.A.;24112;DF Individual - Demonstração das Mutações do Patrimônio Líquido;REAL;MIL;PENÚLTIMO;2020-01-01;2020-03-31;Reservas de Lucro;5.05.02.03;Equiv. Patrim. s/Result. Abrang. Controladas e Coligadas;0.0;S
09.305.994/0001-29;2021-03-31;1;AZUL S.A.;24112;DF Individual - Demonstração das Mutações do Patrimônio Líquido;REAL;MIL;ÚLTIMO;2021-01-01;2021-03-31;Reservas de Lucro;5.05.02.03;Equiv. Patrim. s/Result. Abrang. Controladas e Coligadas;0.0;S
09.305.994/0001-29;2021-03-31;1;AZUL S.A.;24112;DF Individual - Demonstração das Mutações do Patrimônio Líquido;REAL;MIL;PENÚLTIMO;2020-01-01;2020-03-31;Lucros ou Prejuízos Acumulados;5.05.02.03;Equiv. Patrim. s/Result. Abrang. Controladas e Coligadas;0.0;S
09.305.994/0001-29;2021-03-31;1;AZUL S.A.;24112;DF Individual - Demonstração das Mutações do Patrimônio Líquido;REAL;MIL;ÚLTIMO;2021-01-01;2021-03-31;Lucros ou Prejuízos Acumulados;5.05.02.03;Equiv. Patrim. s/Result. Abrang. Controladas e Coligadas;0.0;S
09.305.994/0001-29;2021-03-31;1;AZUL S.A.;24112;DF Individual - Demonstração das Mutações do Patrimônio Líquido;REAL;MIL;PENÚLTIMO;2020-01-01;2020-03-31;Outros Resultados Abrangentes;5.05.02.03;Equiv. Patrim. s/Result. Abrang. Controladas e Coligadas;0.0;S
09.305.994/0001-29;2021-03-31;1;AZUL S.A.;24112;DF Individual - Demonstração das Mutações do Patrimônio Líquido;REAL;MIL;ÚLTIMO;2021-01-01;2021-03-31;Outros Resultados Abrangentes;5.05.02.03;Equiv. Patrim. s/Result. Abrang. Controladas e Coligadas;0.0;S
09.305.994/0001-29;2021-03-31;1;AZUL S.A.;24112;DF Individual - Demonstração das Mutações do Patrimônio Líquido;REAL;MIL;PENÚLTIMO;2020-01-01;2020-03-31;Patrimônio Líquido;5.05.02.03;Equiv. Patrim. s/Result. Abrang. Controladas e Coligadas;0.0;S
09.305.994/0001-29;2021-03-31;1;AZUL S.A.;24112;DF Individual - Demonstração das Mutações do Patrimônio Líquido;REAL;MIL;ÚLTIMO;2021-01-01;2021-03-31;Patrimônio Líquido;5.05.02.03;Equiv. Patrim. s/Result. Abrang. Controladas e Coligadas;0.0;S
09.305.994/0001-29;2021-03-31;1;AZUL S.A.;24112;DF Individual - Demonstração das Mutações do Patrimônio Líquido;REAL;MIL;PENÚLTIMO;2020-01-01;2020-03-31;Capital Social Integralizado;5.05.02.04;Ajustes de Conversão do Período;0.0;S
09.305.994/0001-29;2021-03-31;1;AZUL S.A.;24112;DF Individual - Demonstração das Mutações do Patrimônio Líquido;REAL;MIL;ÚLTIMO;2021-01-01;2021-03-31;Capital Social Integralizado;5.05.02.04;Ajustes de Conversão do Período;0.0;S
09.305.994/0001-29;2021-03-31;1;AZUL S.A.;24112;DF Individual - Demonstração das Mutações do Patrimônio Líquido;REAL;MIL;PENÚLTIMO;2020-01-01;2020-03-31;Reservas de Capital, Opções Outorgadas e Ações em Tesouraria;5.05.02.04;Ajustes de Conversão do Período;0.0;S
09.305.994/0001-29;2021-03-31;1;AZUL S.A.;24112;DF Individual - Demonstração das Mutações do Patrimônio Líquido;REAL;MIL;ÚLTIMO;2021-01-01;2021-03-31;Reservas de Capital, Opções Outorgadas e Ações em Tesouraria;5.05.02.04;Ajustes de Conversão do Período;0.0;S
09.305.994/0001-29;2021-03-31;1;AZUL S.A.;24112;DF Individual - Demonstração das Mutações do Patrimônio Líquido;REAL;MIL;PENÚLTIMO;2020-01-01;2020-03-31;Reservas de Lucro;5.05.02.04;Ajustes de Conversão do Período;0.0;S
09.305.994/0001-29;2021-03-31;1;AZUL S.A.;24112;DF Individual - Demonstração das Mutações do Patrimônio Líquido;REAL;MIL;ÚLTIMO;2021-01-01;2021-03-31;Reservas de Lucro;5.05.02.04;Ajustes de Conversão do Período;0.0;S
09.305.994/0001-29;2021-03-31;1;AZUL S.A.;24112;DF Individual - Demonstração das Mutações do Patrimônio Líquido;REAL;MIL;PENÚLTIMO;2020-01-01;2020-03-31;Lucros ou Prejuízos Acumulados;5.05.02.04;Ajustes de Conversão do Período;0.0;S
09.305.994/0001-29;2021-03-31;1;AZUL S.A.;24112;DF Individual - Demonstração das Mutações do Patrimônio Líquido;REAL;MIL;ÚLTIMO;2021-01-01;2021-03-31;Lucros ou Prejuízos Acumulados;5.05.02.04;Ajustes de Conversão do Período;0.0;S
09.305.994/0001-29;2021-03-31;1;AZUL S.A.;24112;DF Individual - Demonstração das Mutações do Patrimônio Líquido;REAL;MIL;PENÚLTIMO;2020-01-01;2020-03-31;Outros Resultados Abrangentes;5.05.02.04;Ajustes de Conversão do Período;0.0;S
09.305.994/0001-29;2021-03-31;1;AZUL S.A.;24112;DF Individual - Demonstração das Mutações do Patrimônio Líquido;REAL;MIL;ÚLTIMO;2021-01-01;2021-03-31;Outros Resultados Abrangentes;5.05.02.04;Ajustes de Conversão do Período;0.0;S
09.305.994/0001-29;2021-03-31;1;AZUL S.A.;24112;DF Individual - Demonstração das Mutações do Patrimônio Líquido;REAL;MIL;PENÚLTIMO;2020-01-01;2020-03-31;Patrimônio Líquido;5.05.02.04;Ajustes de Conversão do Período;0.0;S
09.305.994/0001-29;2021-03-31;1;AZUL S.A.;24112;DF Individual - Demonstração das Mutações do Patrimônio Líquido;REAL;MIL;ÚLTIMO;2021-01-01;2021-03-31;Patrimônio Líquido;5.05.02.04;Ajustes de Conversão do Período;0.0;S
09.305.994/0001-29;2021-03-31;1;AZUL S.A.;24112;DF Individual - Demonstração das Mutações do Patrimônio Líquido;REAL;MIL;PENÚLTIMO;2020-01-01;2020-03-31;Capital Social Integralizado;5.05.02.05;Tributos s/ Ajustes de Conversão do Período;0.0;S
09.305.994/0001-29;2021-03-31;1;AZUL S.A.;24112;DF Individual - Demonstração das Mutações do Patrimônio Líquido;REAL;MIL;ÚLTIMO;2021-01-01;2021-03-31;Capital Social Integralizado;5.05.02.05;Tributos s/ Ajustes de Conversão do Período;0.0;S
09.305.994/0001-29;2021-03-31;1;AZUL S.A.;24112;DF Individual - Demonstração das Mutações do Patrimônio Líquido;REAL;MIL;PENÚLTIMO;2020-01-01;2020-03-31;Reservas de Capital, Opções Outorgadas e Ações em Tesouraria;5.05.02.05;Tributos s/ Ajustes de Conversão do Período;0.0;S
09.305.994/0001-29;2021-03-31;1;AZUL S.A.;24112;DF Individual - Demonstração das Mutações do Patrimônio Líquido;REAL;MIL;ÚLTIMO;2021-01-01;2021-03-31;Reservas de Capital, Opções Outorgadas e Ações em Tesouraria;5.05.02.05;Tributos s/ Ajustes de Conversão do Período;0.0;S
09.305.994/0001-29;2021-03-31;1;AZUL S.A.;24112;DF Individual - Demonstração das Mutações do Patrimônio Líquido;REAL;MIL;PENÚLTIMO;2020-01-01;2020-03-31;Reservas de Lucro;5.05.02.05;Tributos s/ Ajustes de Conversão do Período;0.0;S
09.305.994/0001-29;2021-03-31;1;AZUL S.A.;24112;DF Individual - Demonstração das Mutações do Patrimônio Líquido;REAL;MIL;ÚLTIMO;2021-01-01;2021-03-31;Reservas de Lucro;5.05.02.05;Tributos s/ Ajustes de Conversão do Período;0.0;S
09.305.994/0001-29;2021-03-31;1;AZUL S.A.;24112;DF Individual - Demonstração das Mutações do Patrimônio Líquido;REAL;MIL;PENÚLTIMO;2020-01-01;2020-03-31;Lucros ou Prejuízos Acumulados;5.05.02.05;Tributos s/ Ajustes de Conversão do Período;0.0;S
09.305.994/0001-29;2021-03-31;1;AZUL S.A.;24112;DF Individual - Demonstração das Mutações do Patrimônio Líquido;REAL;MIL;ÚLTIMO;2021-01-01;2021-03-31;Lucros ou Prejuízos Acumulados;5.05.02.05;Tributos s/ Ajustes de Conversão do Período;0.0;S
09.305.994/0001-29;2021-03-31;1;AZUL S.A.;24112;DF Individual - Demonstração das Mutações do Patrimônio Líquido;REAL;MIL;PENÚLTIMO;2020-01-01;2020-03-31;Outros Resultados Abrangentes;5.05.02.05;Tributos s/ Ajustes de Conversão do Período;0.0;S
09.305.994/0001-29;2021-03-31;1;AZUL S.A.;24112;DF Individual - Demonstração das Mutações do Patrimônio Líquido;REAL;MIL;ÚLTIMO;2021-01-01;2021-03-31;Outros Resultados Abrangentes;5.05.02.05;Tributos s/ Ajustes de Conversão do Período;0.0;S
09.305.994/0001-29;2021-03-31;1;AZUL S.A.;24112;DF Individual - Demonstração das Mutações do Patrimônio Líquido;REAL;MIL;PENÚLTIMO;2020-01-01;2020-03-31;Patrimônio Líquido;5.05.02.05;Tributos s/ Ajustes de Conversão do Período;0.0;S
09.305.994/0001-29;2021-03-31;1;AZUL S.A.;24112;DF Individual - Demonstração das Mutações do Patrimônio Líquido;REAL;MIL;ÚLTIMO;2021-01-01;2021-03-31;Patrimônio Líquido;5.05.02.05;Tributos s/ Ajustes de Conversão do Período;0.0;S
09.305.994/0001-29;2021-03-31;1;AZUL S.A.;24112;DF Individual - Demonstração das Mutações do Patrimônio Líquido;REAL;MIL;PENÚLTIMO;2020-01-01;2020-03-31;Capital Social Integralizado;5.05.03;Reclassificações para o Resultado;0.0;S
09.305.994/0001-29;2021-03-31;1;AZUL S.A.;24112;DF Individual - Demonstração das Mutações do Patrimônio Líquido;REAL;MIL;ÚLTIMO;2021-01-01;2021-03-31;Capital Social Integralizado;5.05.03;Reclassificações para o Resultado;0.0;S
09.305.994/0001-29;2021-03-31;1;AZUL S.A.;24112;DF Individual - Demonstração das Mutações do Patrimônio Líquido;REAL;MIL;PENÚLTIMO;2020-01-01;2020-03-31;Reservas de Capital, Opções Outorgadas e Ações em Tesouraria;5.05.03;Reclassificações para o Resultado;0.0;S
09.305.994/0001-29;2021-03-31;1;AZUL S.A.;24112;DF Individual - Demonstração das Mutações do Patrimônio Líquido;REAL;MIL;ÚLTIMO;2021-01-01;2021-03-31;Reservas de Capital, Opções Outorgadas e Ações em Tesouraria;5.05.03;Reclassificações para o Resultado;0.0;S
09.305.994/0001-29;2021-03-31;1;AZUL S.A.;24112;DF Individual - Demonstração das Mutações do Patrimônio Líquido;REAL;MIL;PENÚLTIMO;2020-01-01;2020-03-31;Reservas de Lucro;5.05.03;Reclassificações para o Resultado;0.0;S
09.305.994/0001-29;2021-03-31;1;AZUL S.A.;24112;DF Individual - Demonstração das Mutações do Patrimônio Líquido;REAL;MIL;ÚLTIMO;2021-01-01;2021-03-31;Reservas de Lucro;5.05.03;Reclassificações para o Resultado;0.0;S
09.305.994/0001-29;2021-03-31;1;AZUL S.A.;24112;DF Individual - Demonstração das Mutações do Patrimônio Líquido;REAL;MIL;PENÚLTIMO;2020-01-01;2020-03-31;Lucros ou Prejuízos Acumulados;5.05.03;Reclassificações para o Resultado;0.0;S
09.305.994/0001-29;2021-03-31;1;AZUL S.A.;24112;DF Individual - Demonstração das Mutações do Patrimônio Líquido;REAL;MIL;ÚLTIMO;2021-01-01;2021-03-31;Lucros ou Prejuízos Acumulados;5.05.03;Reclassificações para o Resultado;0.0;S
09.305.994/0001-29;2021-03-31;1;AZUL S.A.;24112;DF Individual - Demonstração das Mutações do Patrimônio Líquido;REAL;MIL;PENÚLTIMO;2020-01-01;2020-03-31;Outros Resultados Abrangentes;5.05.03;Reclassificações para o Resultado;0.0;S
09.305.994/0001-29;2021-03-31;1;AZUL S.A.;24112;DF Individual - Demonstração das Mutações do Patrimônio Líquido;REAL;MIL;ÚLTIMO;2021-01-01;2021-03-31;Outros Resultados Abrangentes;5.05.03;Reclassificações para o Resultado;0.0;S
09.305.994/0001-29;2021-03-31;1;AZUL S.A.;24112;DF Individual - Demonstração das Mutações do Patrimônio Líquido;REAL;MIL;PENÚLTIMO;2020-01-01;2020-03-31;Patrimônio Líquido;5.05.03;Reclassificações para o Resultado;0.0;S
09.305.994/0001-29;2021-03-31;1;AZUL S.A.;24112;DF Individual - Demonstração das Mutações do Patrimônio Líquido;REAL;MIL;ÚLTIMO;2021-01-01;2021-03-31;Patrimônio Líquido;5.05.03;Reclassificações para o Resultado;0.0;S
09.305.994/0001-29;2021-03-31;1;AZUL S.A.;24112;DF Individual - Demonstração das Mutações do Patrimônio Líquido;REAL;MIL;PENÚLTIMO;2020-01-01;2020-03-31;Capital Social Integralizado;5.05.03.01;Ajustes de Instrumentos Financeiros;0.0;S
09.305.994/0001-29;2021-03-31;1;AZUL S.A.;24112;DF Individual - Demonstração das Mutações do Patrimônio Líquido;REAL;MIL;ÚLTIMO;2021-01-01;2021-03-31;Capital Social Integralizado;5.05.03.01;Ajustes de Instrumentos Financeiros;0.0;S
09.305.994/0001-29;2021-03-31;1;AZUL S.A.;24112;DF Individual - Demonstração das Mutações do Patrimônio Líquido;REAL;MIL;PENÚLTIMO;2020-01-01;2020-03-31;Reservas de Capital, Opções Outorgadas e Ações em Tesouraria;5.05.03.01;Ajustes de Instrumentos Financeiros;0.0;S
09.305.994/0001-29;2021-03-31;1;AZUL S.A.;24112;DF Individual - Demonstração das Mutações do Patrimônio Líquido;REAL;MIL;ÚLTIMO;2021-01-01;2021-03-31;Reservas de Capital, Opções Outorgadas e Ações em Tesouraria;5.05.03.01;Ajustes de Instrumentos Financeiros;0.0;S
09.305.994/0001-29;2021-03-31;1;AZUL S.A.;24112;DF Individual - Demonstração das Mutações do Patrimônio Líquido;REAL;MIL;PENÚLTIMO;2020-01-01;2020-03-31;Reservas de Lucro;5.05.03.01;Ajustes de Instrumentos Financeiros;0.0;S
09.305.994/0001-29;2021-03-31;1;AZUL S.A.;24112;DF Individual - Demonstração das Mutações do Patrimônio Líquido;REAL;MIL;ÚLTIMO;2021-01-01;2021-03-31;Reservas de Lucro;5.05.03.01;Ajustes de Instrumentos Financeiros;0.0;S
09.305.994/0001-29;2021-03-31;1;AZUL S.A.;24112;DF Individual - Demonstração das Mutações do Patrimônio Líquido;REAL;MIL;PENÚLTIMO;2020-01-01;2020-03-31;Lucros ou Prejuízos Acumulados;5.05.03.01;Ajustes de Instrumentos Financeiros;0.0;S
09.305.994/0001-29;2021-03-31;1;AZUL S.A.;24112;DF Individual - Demonstração das Mutações do Patrimônio Líquido;REAL;MIL;ÚLTIMO;2021-01-01;2021-03-31;Lucros ou Prejuízos Acumulados;5.05.03.01;Ajustes de Instrumentos Financeiros;0.0;S
09.305.994/0001-29;2021-03-31;1;AZUL S.A.;24112;DF Individual - Demonstração das Mutações do Patrimônio Líquido;REAL;MIL;PENÚLTIMO;2020-01-01;2020-03-31;Outros Resultados Abrangentes;5.05.03.01;Ajustes de Instrumentos Financeiros;0.0;S
09.305.994/0001-29;2021-03-31;1;AZUL S.A.;24112;DF Individual - Demonstração das Mutações do Patrimônio Líquido;REAL;MIL;ÚLTIMO;2021-01-01;2021-03-31;Outros Resultados Abrangentes;5.05.03.01;Ajustes de Instrumentos Financeiros;0.0;S
09.305.994/0001-29;2021-03-31;1;AZUL S.A.;24112;DF Individual - Demonstração das Mutações do Patrimônio Líquido;REAL;MIL;PENÚLTIMO;2020-01-01;2020-03-31;Patrimônio Líquido;5.05.03.01;Ajustes de Instrumentos Financeiros;0.0;S
09.305.994/0001-29;2021-03-31;1;AZUL S.A.;24112;DF Individual - Demonstração das Mutações do Patrimônio Líquido;REAL;MIL;ÚLTIMO;2021-01-01;2021-03-31;Patrimônio Líquido;5.05.03.01;Ajustes de Instrumentos Financeiros;0.0;S
09.305.994/0001-29;2021-03-31;1;AZUL S.A.;24112;DF Individual - Demonstração das Mutações do Patrimônio Líquido;REAL;MIL;PENÚLTIMO;2020-01-01;2020-03-31;Capital Social Integralizado;5.06;Mutações Internas do Patrimônio Líquido;0.0;S
09.305.994/0001-29;2021-03-31;1;AZUL S.A.;24112;DF Individual - Demonstração das Mutações do Patrimônio Líquido;REAL;MIL;ÚLTIMO;2021-01-01;2021-03-31;Capital Social Integralizado;5.06;Mutações Internas do Patrimônio Líquido;0.0;S
09.305.994/0001-29;2021-03-31;1;AZUL S.A.;24112;DF Individual - Demonstração das Mutações do Patrimônio Líquido;REAL;MIL;PENÚLTIMO;2020-01-01;2020-03-31;Reservas de Capital, Opções Outorgadas e Ações em Tesouraria;5.06;Mutações Internas do Patrimônio Líquido;0.0;S
09.305.994/0001-29;2021-03-31;1;AZUL S.A.;24112;DF Individual - Demonstração das Mutações do Patrimônio Líquido;REAL;MIL;ÚLTIMO;2021-01-01;2021-03-31;Reservas de Capital, Opções Outorgadas e Ações em Tesouraria;5.06;Mutações Internas do Patrimônio Líquido;0.0;S
09.305.994/0001-29;2021-03-31;1;AZUL S.A.;24112;DF Individual - Demonstração das Mutações do Patrimônio Líquido;REAL;MIL;PENÚLTIMO;2020-01-01;2020-03-31;Reservas de Lucro;5.06;Mutações Internas do Patrimônio Líquido;0.0;S
09.305.994/0001-29;2021-03-31;1;AZUL S.A.;24112;DF Individual - Demonstração das Mutações do Patrimônio Líquido;REAL;MIL;ÚLTIMO;2021-01-01;2021-03-31;Reservas de Lucro;5.06;Mutações Internas do Patrimônio Líquido;0.0;S
09.305.994/0001-29;2021-03-31;1;AZUL S.A.;24112;DF Individual - Demonstração das Mutações do Patrimônio Líquido;REAL;MIL;PENÚLTIMO;2020-01-01;2020-03-31;Lucros ou Prejuízos Acumulados;5.06;Mutações Internas do Patrimônio Líquido;0.0;S
09.305.994/0001-29;2021-03-31;1;AZUL S.A.;24112;DF Individual - Demonstração das Mutações do Patrimônio Líquido;REAL;MIL;ÚLTIMO;2021-01-01;2021-03-31;Lucros ou Prejuízos Acumulados;5.06;Mutações Internas do Patrimônio Líquido;0.0;S
09.305.994/0001-29;2021-03-31;1;AZUL S.A.;24112;DF Individual - Demonstração das Mutações do Patrimônio Líquido;REAL;MIL;PENÚLTIMO;2020-01-01;2020-03-31;Outros Resultados Abrangentes;5.06;Mutações Internas do Patrimônio Líquido;0.0;S
09.305.994/0001-29;2021-03-31;1;AZUL S.A.;24112;DF Individual - Demonstração das Mutações do Patrimônio Líquido;REAL;MIL;ÚLTIMO;2021-01-01;2021-03-31;Outros Resultados Abrangentes;5.06;Mutações Internas do Patrimônio Líquido;0.0;S
09.305.994/0001-29;2021-03-31;1;AZUL S.A.;24112;DF Individual - Demonstração das Mutações do Patrimônio Líquido;REAL;MIL;PENÚLTIMO;2020-01-01;2020-03-31;Patrimônio Líquido;5.06;Mutações Internas do Patrimônio Líquido;0.0;S
09.305.994/0001-29;2021-03-31;1;AZUL S.A.;24112;DF Individual - Demonstração das Mutações do Patrimônio Líquido;REAL;MIL;ÚLTIMO;2021-01-01;2021-03-31;Patrimônio Líquido;5.06;Mutações Internas do Patrimônio Líquido;0.0;S
09.305.994/0001-29;2021-03-31;1;AZUL S.A.;24112;DF Individual - Demonstração das Mutações do Patrimônio Líquido;REAL;MIL;PENÚLTIMO;2020-01-01;2020-03-31;Capital Social Integralizado;5.06.01;Constituição de Reservas;0.0;S
09.305.994/0001-29;2021-03-31;1;AZUL S.A.;24112;DF Individual - Demonstração das Mutações do Patrimônio Líquido;REAL;MIL;ÚLTIMO;2021-01-01;2021-03-31;Capital Social Integralizado;5.06.01;Constituição de Reservas;0.0;S
09.305.994/0001-29;2021-03-31;1;AZUL S.A.;24112;DF Individual - Demonstração das Mutações do Patrimônio Líquido;REAL;MIL;PENÚLTIMO;2020-01-01;2020-03-31;Reservas de Capital, Opções Outorgadas e Ações em Tesouraria;5.06.01;Constituição de Reservas;0.0;S
09.305.994/0001-29;2021-03-31;1;AZUL S.A.;24112;DF Individual - Demonstração das Mutações do Patrimônio Líquido;REAL;MIL;ÚLTIMO;2021-01-01;2021-03-31;Reservas de Capital, Opções Outorgadas e Ações em Tesouraria;5.06.01;Constituição de Reservas;0.0;S
09.305.994/0001-29;2021-03-31;1;AZUL S.A.;24112;DF Individual - Demonstração das Mutações do Patrimônio Líquido;REAL;MIL;PENÚLTIMO;2020-01-01;2020-03-31;Reservas de Lucro;5.06.01;Constituição de Reservas;0.0;S
09.305.994/0001-29;2021-03-31;1;AZUL S.A.;24112;DF Individual - Demonstração das Mutações do Patrimônio Líquido;REAL;MIL;ÚLTIMO;2021-01-01;2021-03-31;Reservas de Lucro;5.06.01;Constituição de Reservas;0.0;S
09.305.994/0001-29;2021-03-31;1;AZUL S.A.;24112;DF Individual - Demonstração das Mutações do Patrimônio Líquido;REAL;MIL;PENÚLTIMO;2020-01-01;2020-03-31;Lucros ou Prejuízos Acumulados;5.06.01;Constituição de Reservas;0.0;S
09.305.994/0001-29;2021-03-31;1;AZUL S.A.;24112;DF Individual - Demonstração das Mutações do Patrimônio Líquido;REAL;MIL;ÚLTIMO;2021-01-01;2021-03-31;Lucros ou Prejuízos Acumulados;5.06.01;Constituição de Reservas;0.0;S
09.305.994/0001-29;2021-03-31;1;AZUL S.A.;24112;DF Individual - Demonstração das Mutações do Patrimônio Líquido;REAL;MIL;PENÚLTIMO;2020-01-01;2020-03-31;Outros Resultados Abrangentes;5.06.01;Constituição de Reservas;0.0;S
09.305.994/0001-29;2021-03-31;1;AZUL S.A.;24112;DF Individual - Demonstração das Mutações do Patrimônio Líquido;REAL;MIL;ÚLTIMO;2021-01-01;2021-03-31;Outros Resultados Abrangentes;5.06.01;Constituição de Reservas;0.0;S
09.305.994/0001-29;2021-03-31;1;AZUL S.A.;24112;DF Individual - Demonstração das Mutações do Patrimônio Líquido;REAL;MIL;PENÚLTIMO;2020-01-01;2020-03-31;Patrimônio Líquido;5.06.01;Constituição de Reservas;0.0;S
09.305.994/0001-29;2021-03-31;1;AZUL S.A.;24112;DF Individual - Demonstração das Mutações do Patrimônio Líquido;REAL;MIL;ÚLTIMO;2021-01-01;2021-03-31;Patrimônio Líquido;5.06.01;Constituição de Reservas;0.0;S
09.305.994/0001-29;2021-03-31;1;AZUL S.A.;24112;DF Individual - Demonstração das Mutações do Patrimônio Líquido;REAL;MIL;PENÚLTIMO;2020-01-01;2020-03-31;Capital Social Integralizado;5.06.02;Realização da Reserva Reavaliação;0.0;S
09.305.994/0001-29;2021-03-31;1;AZUL S.A.;24112;DF Individual - Demonstração das Mutações do Patrimônio Líquido;REAL;MIL;ÚLTIMO;2021-01-01;2021-03-31;Capital Social Integralizado;5.06.02;Realização da Reserva Reavaliação;0.0;S
09.305.994/0001-29;2021-03-31;1;AZUL S.A.;24112;DF Individual - Demonstração das Mutações do Patrimônio Líquido;REAL;MIL;PENÚLTIMO;2020-01-01;2020-03-31;Reservas de Capital, Opções Outorgadas e Ações em Tesouraria;5.06.02;Realização da Reserva Reavaliação;0.0;S
09.305.994/0001-29;2021-03-31;1;AZUL S.A.;24112;DF Individual - Demonstração das Mutações do Patrimônio Líquido;REAL;MIL;ÚLTIMO;2021-01-01;2021-03-31;Reservas de Capital, Opções Outorgadas e Ações em Tesouraria;5.06.02;Realização da Reserva Reavaliação;0.0;S
09.305.994/0001-29;2021-03-31;1;AZUL S.A.;24112;DF Individual - Demonstração das Mutações do Patrimônio Líquido;REAL;MIL;PENÚLTIMO;2020-01-01;2020-03-31;Reservas de Lucro;5.06.02;Realização da Reserva Reavaliação;0.0;S
09.305.994/0001-29;2021-03-31;1;AZUL S.A.;24112;DF Individual - Demonstração das Mutações do Patrimônio Líquido;REAL;MIL;ÚLTIMO;2021-01-01;2021-03-31;Reservas de Lucro;5.06.02;Realização da Reserva Reavaliação;0.0;S
09.305.994/0001-29;2021-03-31;1;AZUL S.A.;24112;DF Individual - Demonstração das Mutações do Patrimônio Líquido;REAL;MIL;PENÚLTIMO;2020-01-01;2020-03-31;Lucros ou Prejuízos Acumulados;5.06.02;Realização da Reserva Reavaliação;0.0;S
09.305.994/0001-29;2021-03-31;1;AZUL S.A.;24112;DF Individual - Demonstração das Mutações do Patrimônio Líquido;REAL;MIL;ÚLTIMO;2021-01-01;2021-03-31;Lucros ou Prejuízos Acumulados;5.06.02;Realização da Reserva Reavaliação;0.0;S
09.305.994/0001-29;2021-03-31;1;AZUL S.A.;24112;DF Individual - Demonstração das Mutações do Patrimônio Líquido;REAL;MIL;PENÚLTIMO;2020-01-01;2020-03-31;Outros Resultados Abrangentes;5.06.02;Realização da Reserva Reavaliação;0.0;S
09.305.994/0001-29;2021-03-31;1;AZUL S.A.;24112;DF Individual - Demonstração das Mutações do Patrimônio Líquido;REAL;MIL;ÚLTIMO;2021-01-01;2021-03-31;Outros Resultados Abrangentes;5.06.02;Realização da Reserva Reavaliação;0.0;S
09.305.994/0001-29;2021-03-31;1;AZUL S.A.;24112;DF Individual - Demonstração das Mutações do Patrimônio Líquido;REAL;MIL;PENÚLTIMO;2020-01-01;2020-03-31;Patrimônio Líquido;5.06.02;Realização da Reserva Reavaliação;0.0;S
09.305.994/0001-29;2021-03-31;1;AZUL S.A.;24112;DF Individual - Demonstração das Mutações do Patrimônio Líquido;REAL;MIL;ÚLTIMO;2021-01-01;2021-03-31;Patrimônio Líquido;5.06.02;Realização da Reserva Reavaliação;0.0;S
09.305.994/0001-29;2021-03-31;1;AZUL S.A.;24112;DF Individual - Demonstração das Mutações do Patrimônio Líquido;REAL;MIL;PENÚLTIMO;2020-01-01;2020-03-31;Capital Social Integralizado;5.06.03;Tributos sobre a Realização da Reserva de Reavaliação;0.0;S
09.305.994/0001-29;2021-03-31;1;AZUL S.A.;24112;DF Individual - Demonstração das Mutações do Patrimônio Líquido;REAL;MIL;ÚLTIMO;2021-01-01;2021-03-31;Capital Social Integralizado;5.06.03;Tributos sobre a Realização da Reserva de Reavaliação;0.0;S
09.305.994/0001-29;2021-03-31;1;AZUL S.A.;24112;DF Individual - Demonstração das Mutações do Patrimônio Líquido;REAL;MIL;PENÚLTIMO;2020-01-01;2020-03-31;Reservas de Capital, Opções Outorgadas e Ações em Tesouraria;5.06.03;Tributos sobre a Realização da Reserva de Reavaliação;0.0;S
09.305.994/0001-29;2021-03-31;1;AZUL S.A.;24112;DF Individual - Demonstração das Mutações do Patrimônio Líquido;REAL;MIL;ÚLTIMO;2021-01-01;2021-03-31;Reservas de Capital, Opções Outorgadas e Ações em Tesouraria;5.06.03;Tributos sobre a Realização da Reserva de Reavaliação;0.0;S
09.305.994/0001-29;2021-03-31;1;AZUL S.A.;24112;DF Individual - Demonstração das Mutações do Patrimônio Líquido;REAL;MIL;PENÚLTIMO;2020-01-01;2020-03-31;Reservas de Lucro;5.06.03;Tributos sobre a Realização da Reserva de Reavaliação;0.0;S
09.305.994/0001-29;2021-03-31;1;AZUL S.A.;24112;DF Individual - Demonstração das Mutações do Patrimônio Líquido;REAL;MIL;ÚLTIMO;2021-01-01;2021-03-31;Reservas de Lucro;5.06.03;Tributos sobre a Realização da Reserva de Reavaliação;0.0;S
09.305.994/0001-29;2021-03-31;1;AZUL S.A.;24112;DF Individual - Demonstração das Mutações do Patrimônio Líquido;REAL;MIL;PENÚLTIMO;2020-01-01;2020-03-31;Lucros ou Prejuízos Acumulados;5.06.03;Tributos sobre a Realização da Reserva de Reavaliação;0.0;S
09.305.994/0001-29;2021-03-31;1;AZUL S.A.;24112;DF Individual - Demonstração das Mutações do Patrimônio Líquido;REAL;MIL;ÚLTIMO;2021-01-01;2021-03-31;Lucros ou Prejuízos Acumulados;5.06.03;Tributos sobre a Realização da Reserva de Reavaliação;0.0;S
09.305.994/0001-29;2021-03-31;1;AZUL S.A.;24112;DF Individual - Demonstração das Mutações do Patrimônio Líquido;REAL;MIL;PENÚLTIMO;2020-01-01;2020-03-31;Outros Resultados Abrangentes;5.06.03;Tributos sobre a Realização da Reserva de Reavaliação;0.0;S
09.305.994/0001-29;2021-03-31;1;AZUL S.A.;24112;DF Individual - Demonstração das Mutações do Patrimônio Líquido;REAL;MIL;ÚLTIMO;2021-01-01;2021-03-31;Outros Resultados Abrangentes;5.06.03;Tributos sobre a Realização da Reserva de Reavaliação;0.0;S
09.305.994/0001-29;2021-03-31;1;AZUL S.A.;24112;DF Individual - Demonstração das Mutações do Patrimônio Líquido;REAL;MIL;PENÚLTIMO;2020-01-01;2020-03-31;Patrimônio Líquido;5.06.03;Tributos sobre a Realização da Reserva de Reavaliação;0.0;S
09.305.994/0001-29;2021-03-31;1;AZUL S.A.;24112;DF Individual - Demonstração das Mutações do Patrimônio Líquido;REAL;MIL;ÚLTIMO;2021-01-01;2021-03-31;Patrimônio Líquido;5.06.03;Tributos sobre a Realização da Reserva de Reavaliação;0.0;S
09.305.994/0001-29;2021-03-31;1;AZUL S.A.;24112;DF Individual - Demonstração das Mutações do Patrimônio Líquido;REAL;MIL;PENÚLTIMO;2020-01-01;2020-03-31;Capital Social Integralizado;5.07;Saldos Finais;2245075.0;S
09.305.994/0001-29;2021-03-31;1;AZUL S.A.;24112;DF Individual - Demonstração das Mutações do Patrimônio Líquido;REAL;MIL;ÚLTIMO;2021-01-01;2021-03-31;Capital Social Integralizado;5.07;Saldos Finais;2289312.0;S
09.305.994/0001-29;2021-03-31;1;AZUL S.A.;24112;DF Individual - Demonstração das Mutações do Patrimônio Líquido;REAL;MIL;PENÚLTIMO;2020-01-01;2020-03-31;Reservas de Capital, Opções Outorgadas e Ações em Tesouraria;5.07;Saldos Finais;1917431.0;S
09.305.994/0001-29;2021-03-31;1;AZUL S.A.;24112;DF Individual - Demonstração das Mutações do Patrimônio Líquido;REAL;MIL;ÚLTIMO;2021-01-01;2021-03-31;Reservas de Capital, Opções Outorgadas e Ações em Tesouraria;5.07;Saldos Finais;1938931.0;S
09.305.994/0001-29;2021-03-31;1;AZUL S.A.;24112;DF Individual - Demonstração das Mutações do Patrimônio Líquido;REAL;MIL;PENÚLTIMO;2020-01-01;2020-03-31;Reservas de Lucro;5.07;Saldos Finais;0.0;S
09.305.994/0001-29;2021-03-31;1;AZUL S.A.;24112;DF Individual - Demonstração das Mutações do Patrimônio Líquido;REAL;MIL;ÚLTIMO;2021-01-01;2021-03-31;Reservas de Lucro;5.07;Saldos Finais;0.0;S
09.305.994/0001-29;2021-03-31;1;AZUL S.A.;24112;DF Individual - Demonstração das Mutações do Patrimônio Líquido;REAL;MIL;PENÚLTIMO;2020-01-01;2020-03-31;Lucros ou Prejuízos Acumulados;5.07;Saldos Finais;-13667020.0;S
09.305.994/0001-29;2021-03-31;1;AZUL S.A.;24112;DF Individual - Demonstração das Mutações do Patrimônio Líquido;REAL;MIL;ÚLTIMO;2021-01-01;2021-03-31;Lucros ou Prejuízos Acumulados;5.07;Saldos Finais;-21137728.0;S
09.305.994/0001-29;2021-03-31;1;AZUL S.A.;24112;DF Individual - Demonstração das Mutações do Patrimônio Líquido;REAL;MIL;PENÚLTIMO;2020-01-01;2020-03-31;Outros Resultados Abrangentes;5.07;Saldos Finais;-142209.0;S
09.305.994/0001-29;2021-03-31;1;AZUL S.A.;24112;DF Individual - Demonstração das Mutações do Patrimônio Líquido;REAL;MIL;ÚLTIMO;2021-01-01;2021-03-31;Outros Resultados Abrangentes;5.07;Saldos Finais;655.0;S
09.305.994/0001-29;2021-03-31;1;AZUL S.A.;24112;DF Individual - Demonstração das Mutações do Patrimônio Líquido;REAL;MIL;PENÚLTIMO;2020-01-01;2020-03-31;Patrimônio Líquido;5.07;Saldos Finais;-9646723.0;S
09.305.994/0001-29;2021-03-31;1;AZUL S.A.;24112;DF Individual - Demonstração das Mutações do Patrimônio Líquido;REAL;MIL;ÚLTIMO;2021-01-01;2021-03-31;Patrimônio Líquido;5.07;Saldos Finais;-16908830.0;S
09.305.994/0001-29;2021-06-30;1;AZUL S.A.;24112;DF Individual - Demonstração das Mutações do Patrimônio Líquido;REAL;MIL;PENÚLTIMO;2020-01-01;2020-06-30;Capital Social Integralizado;5.01;Saldos Iniciais;2243215.0;S
09.305.994/0001-29;2021-06-30;1;AZUL S.A.;24112;DF Individual - Demonstração das Mutações do Patrimônio Líquido;REAL;MIL;ÚLTIMO;2021-01-01;2021-06-30;Capital Social Integralizado;5.01;Saldos Iniciais;2266992.0;S
09.305.994/0001-29;2021-06-30;1;AZUL S.A.;24112;DF Individual - Demonstração das Mutações do Patrimônio Líquido;REAL;MIL;PENÚLTIMO;2020-01-01;2020-06-30;Reservas de Capital, Opções Outorgadas e Ações em Tesouraria;5.01;Saldos Iniciais;1913265.0;S
09.305.994/0001-29;2021-06-30;1;AZUL S.A.;24112;DF Individual - Demonstração das Mutações do Patrimônio Líquido;REAL;MIL;ÚLTIMO;2021-01-01;2021-06-30;Reservas de Capital, Opções Outorgadas e Ações em Tesouraria;5.01;Saldos Iniciais;1934705.0;S
09.305.994/0001-29;2021-06-30;1;AZUL S.A.;24112;DF Individual - Demonstração das Mutações do Patrimônio Líquido;REAL;MIL;PENÚLTIMO;2020-01-01;2020-06-30;Reservas de Lucro;5.01;Saldos Iniciais;0.0;S
09.305.994/0001-29;2021-06-30;1;AZUL S.A.;24112;DF Individual - Demonstração das Mutações do Patrimônio Líquido;REAL;MIL;ÚLTIMO;2021-01-01;2021-06-30;Reservas de Lucro;5.01;Saldos Iniciais;0.0;S
09.305.994/0001-29;2021-06-30;1;AZUL S.A.;24112;DF Individual - Demonstração das Mutações do Patrimônio Líquido;REAL;MIL;PENÚLTIMO;2020-01-01;2020-06-30;Lucros ou Prejuízos Acumulados;5.01;Saldos Iniciais;-7516393.0;S
09.305.994/0001-29;2021-06-30;1;AZUL S.A.;24112;DF Individual - Demonstração das Mutações do Patrimônio Líquido;REAL;MIL;ÚLTIMO;2021-01-01;2021-06-30;Lucros ou Prejuízos Acumulados;5.01;Saldos Iniciais;-18351102.0;S
09.305.994/0001-29;2021-06-30;1;AZUL S.A.;24112;DF Individual - Demonstração das Mutações do Patrimônio Líquido;REAL;MIL;PENÚLTIMO;2020-01-01;2020-06-30;Outros Resultados Abrangentes;5.01;Saldos Iniciais;-159261.0;S
09.305.994/0001-29;2021-06-30;1;AZUL S.A.;24112;DF Individual - Demonstração das Mutações do Patrimônio Líquido;REAL;MIL;ÚLTIMO;2021-01-01;2021-06-30;Outros Resultados Abrangentes;5.01;Saldos Iniciais;655.0;S
09.305.994/0001-29;2021-06-30;1;AZUL S.A.;24112;DF Individual - Demonstração das Mutações do Patrimônio Líquido;REAL;MIL;PENÚLTIMO;2020-01-01;2020-06-30;Patrimônio Líquido;5.01;Saldos Iniciais;-3519174.0;S
09.305.994/0001-29;2021-06-30;1;AZUL S.A.;24112;DF Individual - Demonstração das Mutações do Patrimônio Líquido;REAL;MIL;ÚLTIMO;2021-01-01;2021-06-30;Patrimônio Líquido;5.01;Saldos Iniciais;-14148750.0;S
09.305.994/0001-29;2021-06-30;1;AZUL S.A.;24112;DF Individual - Demonstração das Mutações do Patrimônio Líquido;REAL;MIL;PENÚLTIMO;2020-01-01;2020-06-30;Capital Social Integralizado;5.02;Ajustes de Exercícios Anteriores;0.0;S
09.305.994/0001-29;2021-06-30;1;AZUL S.A.;24112;DF Individual - Demonstração das Mutações do Patrimônio Líquido;REAL;MIL;ÚLTIMO;2021-01-01;2021-06-30;Capital Social Integralizado;5.02;Ajustes de Exercícios Anteriores;0.0;S
09.305.994/0001-29;2021-06-30;1;AZUL S.A.;24112;DF Individual - Demonstração das Mutações do Patrimônio Líquido;REAL;MIL;PENÚLTIMO;2020-01-01;2020-06-30;Reservas de Capital, Opções Outorgadas e Ações em Tesouraria;5.02;Ajustes de Exercícios Anteriores;0.0;S
09.305.994/0001-29;2021-06-30;1;AZUL S.A.;24112;DF Individual - Demonstração das Mutações do Patrimônio Líquido;REAL;MIL;ÚLTIMO;2021-01-01;2021-06-30;Reservas de Capital, Opções Outorgadas e Ações em Tesouraria;5.02;Ajustes de Exercícios Anteriores;0.0;S
09.305.994/0001-29;2021-06-30;1;AZUL S.A.;24112;DF Individual - Demonstração das Mutações do Patrimônio Líquido;REAL;MIL;PENÚLTIMO;2020-01-01;2020-06-30;Reservas de Lucro;5.02;Ajustes de Exercícios Anteriores;0.0;S
09.305.994/0001-29;2021-06-30;1;AZUL S.A.;24112;DF Individual - Demonstração das Mutações do Patrimônio Líquido;REAL;MIL;ÚLTIMO;2021-01-01;2021-06-30;Reservas de Lucro;5.02;Ajustes de Exercícios Anteriores;0.0;S
09.305.994/0001-29;2021-06-30;1;AZUL S.A.;24112;DF Individual - Demonstração das Mutações do Patrimônio Líquido;REAL;MIL;PENÚLTIMO;2020-01-01;2020-06-30;Lucros ou Prejuízos Acumulados;5.02;Ajustes de Exercícios Anteriores;0.0;S
09.305.994/0001-29;2021-06-30;1;AZUL S.A.;24112;DF Individual - Demonstração das Mutações do Patrimônio Líquido;REAL;MIL;ÚLTIMO;2021-01-01;2021-06-30;Lucros ou Prejuízos Acumulados;5.02;Ajustes de Exercícios Anteriores;0.0;S
09.305.994/0001-29;2021-06-30;1;AZUL S.A.;24112;DF Individual - Demonstração das Mutações do Patrimônio Líquido;REAL;MIL;PENÚLTIMO;2020-01-01;2020-06-30;Outros Resultados Abrangentes;5.02;Ajustes de Exercícios Anteriores;0.0;S
09.305.994/0001-29;2021-06-30;1;AZUL S.A.;24112;DF Individual - Demonstração das Mutações do Patrimônio Líquido;REAL;MIL;ÚLTIMO;2021-01-01;2021-06-30;Outros Resultados Abrangentes;5.02;Ajustes de Exercícios Anteriores;0.0;S
09.305.994/0001-29;2021-06-30;1;AZUL S.A.;24112;DF Individual - Demonstração das Mutações do Patrimônio Líquido;REAL;MIL;PENÚLTIMO;2020-01-01;2020-06-30;Patrimônio Líquido;5.02;Ajustes de Exercícios Anteriores;0.0;S
09.305.994/0001-29;2021-06-30;1;AZUL S.A.;24112;DF Individual - Demonstração das Mutações do Patrimônio Líquido;REAL;MIL;ÚLTIMO;2021-01-01;2021-06-30;Patrimônio Líquido;5.02;Ajustes de Exercícios Anteriores;0.0;S
09.305.994/0001-29;2021-06-30;1;AZUL S.A.;24112;DF Individual - Demonstração das Mutações do Patrimônio Líquido;REAL;MIL;PENÚLTIMO;2020-01-01;2020-06-30;Capital Social Integralizado;5.03;Saldos Iniciais Ajustados;2243215.0;S
09.305.994/0001-29;2021-06-30;1;AZUL S.A.;24112;DF Individual - Demonstração das Mutações do Patrimônio Líquido;REAL;MIL;ÚLTIMO;2021-01-01;2021-06-30;Capital Social Integralizado;5.03;Saldos Iniciais Ajustados;2266992.0;S
09.305.994/0001-29;2021-06-30;1;AZUL S.A.;24112;DF Individual - Demonstração das Mutações do Patrimônio Líquido;REAL;MIL;PENÚLTIMO;2020-01-01;2020-06-30;Reservas de Capital, Opções Outorgadas e Ações em Tesouraria;5.03;Saldos Iniciais Ajustados;1913265.0;S
09.305.994/0001-29;2021-06-30;1;AZUL S.A.;24112;DF Individual - Demonstração das Mutações do Patrimônio Líquido;REAL;MIL;ÚLTIMO;2021-01-01;2021-06-30;Reservas de Capital, Opções Outorgadas e Ações em Tesouraria;5.03;Saldos Iniciais Ajustados;1934705.0;S
09.305.994/0001-29;2021-06-30;1;AZUL S.A.;24112;DF Individual - Demonstração das Mutações do Patrimônio Líquido;REAL;MIL;PENÚLTIMO;2020-01-01;2020-06-30;Reservas de Lucro;5.03;Saldos Iniciais Ajustados;0.0;S
09.305.994/0001-29;2021-06-30;1;AZUL S.A.;24112;DF Individual - Demonstração das Mutações do Patrimônio Líquido;REAL;MIL;ÚLTIMO;2021-01-01;2021-06-30;Reservas de Lucro;5.03;Saldos Iniciais Ajustados;0.0;S
09.305.994/0001-29;2021-06-30;1;AZUL S.A.;24112;DF Individual - Demonstração das Mutações do Patrimônio Líquido;REAL;MIL;PENÚLTIMO;2020-01-01;2020-06-30;Lucros ou Prejuízos Acumulados;5.03;Saldos Iniciais Ajustados;-7516393.0;S
09.305.994/0001-29;2021-06-30;1;AZUL S.A.;24112;DF Individual - Demonstração das Mutações do Patrimônio Líquido;REAL;MIL;ÚLTIMO;2021-01-01;2021-06-30;Lucros ou Prejuízos Acumulados;5.03;Saldos Iniciais Ajustados;-18351102.0;S
09.305.994/0001-29;2021-06-30;1;AZUL S.A.;24112;DF Individual - Demonstração das Mutações do Patrimônio Líquido;REAL;MIL;PENÚLTIMO;2020-01-01;2020-06-30;Outros Resultados Abrangentes;5.03;Saldos Iniciais Ajustados;-159261.0;S
09.305.994/0001-29;2021-06-30;1;AZUL S.A.;24112;DF Individual - Demonstração das Mutações do Patrimônio Líquido;REAL;MIL;ÚLTIMO;2021-01-01;2021-06-30;Outros Resultados Abrangentes;5.03;Saldos Iniciais Ajustados;655.0;S
09.305.994/0001-29;2021-06-30;1;AZUL S.A.;24112;DF Individual - Demonstração das Mutações do Patrimônio Líquido;REAL;MIL;PENÚLTIMO;2020-01-01;2020-06-30;Patrimônio Líquido;5.03;Saldos Iniciais Ajustados;-3519174.0;S
09.305.994/0001-29;2021-06-30;1;AZUL S.A.;24112;DF Individual - Demonstração das Mutações do Patrimônio Líquido;REAL;MIL;ÚLTIMO;2021-01-01;2021-06-30;Patrimônio Líquido;5.03;Saldos Iniciais Ajustados;-14148750.0;S
09.305.994/0001-29;2021-06-30;1;AZUL S.A.;24112;DF Individual - Demonstração das Mutações do Patrimônio Líquido;REAL;MIL;PENÚLTIMO;2020-01-01;2020-06-30;Capital Social Integralizado;5.04;Transações de Capital com os Sócios;1860.0;S
09.305.994/0001-29;2021-06-30;1;AZUL S.A.;24112;DF Individual - Demonstração das Mutações do Patrimônio Líquido;REAL;MIL;ÚLTIMO;2021-01-01;2021-06-30;Capital Social Integralizado;5.04;Transações de Capital com os Sócios;23344.0;S
09.305.994/0001-29;2021-06-30;1;AZUL S.A.;24112;DF Individual - Demonstração das Mutações do Patrimônio Líquido;REAL;MIL;PENÚLTIMO;2020-01-01;2020-06-30;Reservas de Capital, Opções Outorgadas e Ações em Tesouraria;5.04;Transações de Capital com os Sócios;8894.0;S
09.305.994/0001-29;2021-06-30;1;AZUL S.A.;24112;DF Individual - Demonstração das Mutações do Patrimônio Líquido;REAL;MIL;ÚLTIMO;2021-01-01;2021-06-30;Reservas de Capital, Opções Outorgadas e Ações em Tesouraria;5.04;Transações de Capital com os Sócios;7431.0;S
09.305.994/0001-29;2021-06-30;1;AZUL S.A.;24112;DF Individual - Demonstração das Mutações do Patrimônio Líquido;REAL;MIL;PENÚLTIMO;2020-01-01;2020-06-30;Reservas de Lucro;5.04;Transações de Capital com os Sócios;0.0;S
09.305.994/0001-29;2021-06-30;1;AZUL S.A.;24112;DF Individual - Demonstração das Mutações do Patrimônio Líquido;REAL;MIL;ÚLTIMO;2021-01-01;2021-06-30;Reservas de Lucro;5.04;Transações de Capital com os Sócios;0.0;S
09.305.994/0001-29;2021-06-30;1;AZUL S.A.;24112;DF Individual - Demonstração das Mutações do Patrimônio Líquido;REAL;MIL;PENÚLTIMO;2020-01-01;2020-06-30;Lucros ou Prejuízos Acumulados;5.04;Transações de Capital com os Sócios;0.0;S
09.305.994/0001-29;2021-06-30;1;AZUL S.A.;24112;DF Individual - Demonstração das Mutações do Patrimônio Líquido;REAL;MIL;ÚLTIMO;2021-01-01;2021-06-30;Lucros ou Prejuízos Acumulados;5.04;Transações de Capital com os Sócios;0.0;S
09.305.994/0001-29;2021-06-30;1;AZUL S.A.;24112;DF Individual - Demonstração das Mutações do Patrimônio Líquido;REAL;MIL;PENÚLTIMO;2020-01-01;2020-06-30;Outros Resultados Abrangentes;5.04;Transações de Capital com os Sócios;0.0;S
09.305.994/0001-29;2021-06-30;1;AZUL S.A.;24112;DF Individual - Demonstração das Mutações do Patrimônio Líquido;REAL;MIL;ÚLTIMO;2021-01-01;2021-06-30;Outros Resultados Abrangentes;5.04;Transações de Capital com os Sócios;0.0;S
09.305.994/0001-29;2021-06-30;1;AZUL S.A.;24112;DF Individual - Demonstração das Mutações do Patrimônio Líquido;REAL;MIL;PENÚLTIMO;2020-01-01;2020-06-30;Patrimônio Líquido;5.04;Transações de Capital com os Sócios;10754.0;S
09.305.994/0001-29;2021-06-30;1;AZUL S.A.;24112;DF Individual - Demonstração das Mutações do Patrimônio Líquido;REAL;MIL;ÚLTIMO;2021-01-01;2021-06-30;Patrimônio Líquido;5.04;Transações de Capital com os Sócios;30775.0;S
09.305.994/0001-29;2021-06-30;1;AZUL S.A.;24112;DF Individual - Demonstração das Mutações do Patrimônio Líquido;REAL;MIL;PENÚLTIMO;2020-01-01;2020-06-30;Capital Social Integralizado;5.04.01;Aumentos de Capital;1860.0;S
09.305.994/0001-29;2021-06-30;1;AZUL S.A.;24112;DF Individual - Demonstração das Mutações do Patrimônio Líquido;REAL;MIL;ÚLTIMO;2021-01-01;2021-06-30;Capital Social Integralizado;5.04.01;Aumentos de Capital;42945.0;S
09.305.994/0001-29;2021-06-30;1;AZUL S.A.;24112;DF Individual - Demonstração das Mutações do Patrimônio Líquido;REAL;MIL;PENÚLTIMO;2020-01-01;2020-06-30;Reservas de Capital, Opções Outorgadas e Ações em Tesouraria;5.04.01;Aumentos de Capital;0.0;S
09.305.994/0001-29;2021-06-30;1;AZUL S.A.;24112;DF Individual - Demonstração das Mutações do Patrimônio Líquido;REAL;MIL;ÚLTIMO;2021-01-01;2021-06-30;Reservas de Capital, Opções Outorgadas e Ações em Tesouraria;5.04.01;Aumentos de Capital;0.0;S
09.305.994/0001-29;2021-06-30;1;AZUL S.A.;24112;DF Individual - Demonstração das Mutações do Patrimônio Líquido;REAL;MIL;PENÚLTIMO;2020-01-01;2020-06-30;Reservas de Lucro;5.04.01;Aumentos de Capital;0.0;S
09.305.994/0001-29;2021-06-30;1;AZUL S.A.;24112;DF Individual - Demonstração das Mutações do Patrimônio Líquido;REAL;MIL;ÚLTIMO;2021-01-01;2021-06-30;Reservas de Lucro;5.04.01;Aumentos de Capital;0.0;S
09.305.994/0001-29;2021-06-30;1;AZUL S.A.;24112;DF Individual - Demonstração das Mutações do Patrimônio Líquido;REAL;MIL;PENÚLTIMO;2020-01-01;2020-06-30;Lucros ou Prejuízos Acumulados;5.04.01;Aumentos de Capital;0.0;S
09.305.994/0001-29;2021-06-30;1;AZUL S.A.;24112;DF Individual - Demonstração das Mutações do Patrimônio Líquido;REAL;MIL;ÚLTIMO;2021-01-01;2021-06-30;Lucros ou Prejuízos Acumulados;5.04.01;Aumentos de Capital;0.0;S
09.305.994/0001-29;2021-06-30;1;AZUL S.A.;24112;DF Individual - Demonstração das Mutações do Patrimônio Líquido;REAL;MIL;PENÚLTIMO;2020-01-01;2020-06-30;Outros Resultados Abrangentes;5.04.01;Aumentos de Capital;0.0;S
09.305.994/0001-29;2021-06-30;1;AZUL S.A.;24112;DF Individual - Demonstração das Mutações do Patrimônio Líquido;REAL;MIL;ÚLTIMO;2021-01-01;2021-06-30;Outros Resultados Abrangentes;5.04.01;Aumentos de Capital;0.0;S
09.305.994/0001-29;2021-06-30;1;AZUL S.A.;24112;DF Individual - Demonstração das Mutações do Patrimônio Líquido;REAL;MIL;PENÚLTIMO;2020-01-01;2020-06-30;Patrimônio Líquido;5.04.01;Aumentos de Capital;1860.0;S
09.305.994/0001-29;2021-06-30;1;AZUL S.A.;24112;DF Individual - Demonstração das Mutações do Patrimônio Líquido;REAL;MIL;ÚLTIMO;2021-01-01;2021-06-30;Patrimônio Líquido;5.04.01;Aumentos de Capital;42945.0;S
09.305.994/0001-29;2021-06-30;1;AZUL S.A.;24112;DF Individual - Demonstração das Mutações do Patrimônio Líquido;REAL;MIL;PENÚLTIMO;2020-01-01;2020-06-30;Capital Social Integralizado;5.04.02;Gastos com Emissão de Ações;0.0;S
09.305.994/0001-29;2021-06-30;1;AZUL S.A.;24112;DF Individual - Demonstração das Mutações do Patrimônio Líquido;REAL;MIL;ÚLTIMO;2021-01-01;2021-06-30;Capital Social Integralizado;5.04.02;Gastos com Emissão de Ações;0.0;S
09.305.994/0001-29;2021-06-30;1;AZUL S.A.;24112;DF Individual - Demonstração das Mutações do Patrimônio Líquido;REAL;MIL;PENÚLTIMO;2020-01-01;2020-06-30;Reservas de Capital, Opções Outorgadas e Ações em Tesouraria;5.04.02;Gastos com Emissão de Ações;0.0;S
09.305.994/0001-29;2021-06-30;1;AZUL S.A.;24112;DF Individual - Demonstração das Mutações do Patrimônio Líquido;REAL;MIL;ÚLTIMO;2021-01-01;2021-06-30;Reservas de Capital, Opções Outorgadas e Ações em Tesouraria;5.04.02;Gastos com Emissão de Ações;0.0;S
09.305.994/0001-29;2021-06-30;1;AZUL S.A.;24112;DF Individual - Demonstração das Mutações do Patrimônio Líquido;REAL;MIL;PENÚLTIMO;2020-01-01;2020-06-30;Reservas de Lucro;5.04.02;Gastos com Emissão de Ações;0.0;S
09.305.994/0001-29;2021-06-30;1;AZUL S.A.;24112;DF Individual - Demonstração das Mutações do Patrimônio Líquido;REAL;MIL;ÚLTIMO;2021-01-01;2021-06-30;Reservas de Lucro;5.04.02;Gastos com Emissão de Ações;0.0;S
09.305.994/0001-29;2021-06-30;1;AZUL S.A.;24112;DF Individual - Demonstração das Mutações do Patrimônio Líquido;REAL;MIL;PENÚLTIMO;2020-01-01;2020-06-30;Lucros ou Prejuízos Acumulados;5.04.02;Gastos com Emissão de Ações;0.0;S
09.305.994/0001-29;2021-06-30;1;AZUL S.A.;24112;DF Individual - Demonstração das Mutações do Patrimônio Líquido;REAL;MIL;ÚLTIMO;2021-01-01;2021-06-30;Lucros ou Prejuízos Acumulados;5.04.02;Gastos com Emissão de Ações;0.0;S
09.305.994/0001-29;2021-06-30;1;AZUL S.A.;24112;DF Individual - Demonstração das Mutações do Patrimônio Líquido;REAL;MIL;PENÚLTIMO;2020-01-01;2020-06-30;Outros Resultados Abrangentes;5.04.02;Gastos com Emissão de Ações;0.0;S
09.305.994/0001-29;2021-06-30;1;AZUL S.A.;24112;DF Individual - Demonstração das Mutações do Patrimônio Líquido;REAL;MIL;ÚLTIMO;2021-01-01;2021-06-30;Outros Resultados Abrangentes;5.04.02;Gastos com Emissão de Ações;0.0;S
09.305.994/0001-29;2021-06-30;1;AZUL S.A.;24112;DF Individual - Demonstração das Mutações do Patrimônio Líquido;REAL;MIL;PENÚLTIMO;2020-01-01;2020-06-30;Patrimônio Líquido;5.04.02;Gastos com Emissão de Ações;0.0;S
09.305.994/0001-29;2021-06-30;1;AZUL S.A.;24112;DF Individual - Demonstração das Mutações do Patrimônio Líquido;REAL;MIL;ÚLTIMO;2021-01-01;2021-06-30;Patrimônio Líquido;5.04.02;Gastos com Emissão de Ações;0.0;S
09.305.994/0001-29;2021-06-30;1;AZUL S.A.;24112;DF Individual - Demonstração das Mutações do Patrimônio Líquido;REAL;MIL;PENÚLTIMO;2020-01-01;2020-06-30;Capital Social Integralizado;5.04.03;Opções Outorgadas Reconhecidas;0.0;S
09.305.994/0001-29;2021-06-30;1;AZUL S.A.;24112;DF Individual - Demonstração das Mutações do Patrimônio Líquido;REAL;MIL;ÚLTIMO;2021-01-01;2021-06-30;Capital Social Integralizado;5.04.03;Opções Outorgadas Reconhecidas;0.0;S
09.305.994/0001-29;2021-06-30;1;AZUL S.A.;24112;DF Individual - Demonstração das Mutações do Patrimônio Líquido;REAL;MIL;PENÚLTIMO;2020-01-01;2020-06-30;Reservas de Capital, Opções Outorgadas e Ações em Tesouraria;5.04.03;Opções Outorgadas Reconhecidas;8894.0;S
09.305.994/0001-29;2021-06-30;1;AZUL S.A.;24112;DF Individual - Demonstração das Mutações do Patrimônio Líquido;REAL;MIL;ÚLTIMO;2021-01-01;2021-06-30;Reservas de Capital, Opções Outorgadas e Ações em Tesouraria;5.04.03;Opções Outorgadas Reconhecidas;11639.0;S
09.305.994/0001-29;2021-06-30;1;AZUL S.A.;24112;DF Individual - Demonstração das Mutações do Patrimônio Líquido;REAL;MIL;PENÚLTIMO;2020-01-01;2020-06-30;Reservas de Lucro;5.04.03;Opções Outorgadas Reconhecidas;0.0;S
09.305.994/0001-29;2021-06-30;1;AZUL S.A.;24112;DF Individual - Demonstração das Mutações do Patrimônio Líquido;REAL;MIL;ÚLTIMO;2021-01-01;2021-06-30;Reservas de Lucro;5.04.03;Opções Outorgadas Reconhecidas;0.0;S
09.305.994/0001-29;2021-06-30;1;AZUL S.A.;24112;DF Individual - Demonstração das Mutações do Patrimônio Líquido;REAL;MIL;PENÚLTIMO;2020-01-01;2020-06-30;Lucros ou Prejuízos Acumulados;5.04.03;Opções Outorgadas Reconhecidas;0.0;S
09.305.994/0001-29;2021-06-30;1;AZUL S.A.;24112;DF Individual - Demonstração das Mutações do Patrimônio Líquido;REAL;MIL;ÚLTIMO;2021-01-01;2021-06-30;Lucros ou Prejuízos Acumulados;5.04.03;Opções Outorgadas Reconhecidas;0.0;S
09.305.994/0001-29;2021-06-30;1;AZUL S.A.;24112;DF Individual - Demonstração das Mutações do Patrimônio Líquido;REAL;MIL;PENÚLTIMO;2020-01-01;2020-06-30;Outros Resultados Abrangentes;5.04.03;Opções Outorgadas Reconhecidas;0.0;S
09.305.994/0001-29;2021-06-30;1;AZUL S.A.;24112;DF Individual - Demonstração das Mutações do Patrimônio Líquido;REAL;MIL;ÚLTIMO;2021-01-01;2021-06-30;Outros Resultados Abrangentes;5.04.03;Opções Outorgadas Reconhecidas;0.0;S
09.305.994/0001-29;2021-06-30;1;AZUL S.A.;24112;DF Individual - Demonstração das Mutações do Patrimônio Líquido;REAL;MIL;PENÚLTIMO;2020-01-01;2020-06-30;Patrimônio Líquido;5.04.03;Opções Outorgadas Reconhecidas;8894.0;S
09.305.994/0001-29;2021-06-30;1;AZUL S.A.;24112;DF Individual - Demonstração das Mutações do Patrimônio Líquido;REAL;MIL;ÚLTIMO;2021-01-01;2021-06-30;Patrimônio Líquido;5.04.03;Opções Outorgadas Reconhecidas;11639.0;S
09.305.994/0001-29;2021-06-30;1;AZUL S.A.;24112;DF Individual - Demonstração das Mutações do Patrimônio Líquido;REAL;MIL;PENÚLTIMO;2020-01-01;2020-06-30;Capital Social Integralizado;5.04.04;Ações em Tesouraria Adquiridas;0.0;S
09.305.994/0001-29;2021-06-30;1;AZUL S.A.;24112;DF Individual - Demonstração das Mutações do Patrimônio Líquido;REAL;MIL;ÚLTIMO;2021-01-01;2021-06-30;Capital Social Integralizado;5.04.04;Ações em Tesouraria Adquiridas;23344.0;S
09.305.994/0001-29;2021-06-30;1;AZUL S.A.;24112;DF Individual - Demonstração das Mutações do Patrimônio Líquido;REAL;MIL;PENÚLTIMO;2020-01-01;2020-06-30;Reservas de Capital, Opções Outorgadas e Ações em Tesouraria;5.04.04;Ações em Tesouraria Adquiridas;0.0;S
09.305.994/0001-29;2021-06-30;1;AZUL S.A.;24112;DF Individual - Demonstração das Mutações do Patrimônio Líquido;REAL;MIL;ÚLTIMO;2021-01-01;2021-06-30;Reservas de Capital, Opções Outorgadas e Ações em Tesouraria;5.04.04;Ações em Tesouraria Adquiridas;-4208.0;S
09.305.994/0001-29;2021-06-30;1;AZUL S.A.;24112;DF Individual - Demonstração das Mutações do Patrimônio Líquido;REAL;MIL;PENÚLTIMO;2020-01-01;2020-06-30;Reservas de Lucro;5.04.04;Ações em Tesouraria Adquiridas;0.0;S
09.305.994/0001-29;2021-06-30;1;AZUL S.A.;24112;DF Individual - Demonstração das Mutações do Patrimônio Líquido;REAL;MIL;ÚLTIMO;2021-01-01;2021-06-30;Reservas de Lucro;5.04.04;Ações em Tesouraria Adquiridas;0.0;S
09.305.994/0001-29;2021-06-30;1;AZUL S.A.;24112;DF Individual - Demonstração das Mutações do Patrimônio Líquido;REAL;MIL;PENÚLTIMO;2020-01-01;2020-06-30;Lucros ou Prejuízos Acumulados;5.04.04;Ações em Tesouraria Adquiridas;0.0;S
09.305.994/0001-29;2021-06-30;1;AZUL S.A.;24112;DF Individual - Demonstração das Mutações do Patrimônio Líquido;REAL;MIL;ÚLTIMO;2021-01-01;2021-06-30;Lucros ou Prejuízos Acumulados;5.04.04;Ações em Tesouraria Adquiridas;0.0;S
09.305.994/0001-29;2021-06-30;1;AZUL S.A.;24112;DF Individual - Demonstração das Mutações do Patrimônio Líquido;REAL;MIL;PENÚLTIMO;2020-01-01;2020-06-30;Outros Resultados Abrangentes;5.04.04;Ações em Tesouraria Adquiridas;0.0;S
09.305.994/0001-29;2021-06-30;1;AZUL S.A.;24112;DF Individual - Demonstração das Mutações do Patrimônio Líquido;REAL;MIL;ÚLTIMO;2021-01-01;2021-06-30;Outros Resultados Abrangentes;5.04.04;Ações em Tesouraria Adquiridas;0.0;S
09.305.994/0001-29;2021-06-30;1;AZUL S.A.;24112;DF Individual - Demonstração das Mutações do Patrimônio Líquido;REAL;MIL;PENÚLTIMO;2020-01-01;2020-06-30;Patrimônio Líquido;5.04.04;Ações em Tesouraria Adquiridas;0.0;S
09.305.994/0001-29;2021-06-30;1;AZUL S.A.;24112;DF Individual - Demonstração das Mutações do Patrimônio Líquido;REAL;MIL;ÚLTIMO;2021-01-01;2021-06-30;Patrimônio Líquido;5.04.04;Ações em Tesouraria Adquiridas;19136.0;S
09.305.994/0001-29;2021-06-30;1;AZUL S.A.;24112;DF Individual - Demonstração das Mutações do Patrimônio Líquido;REAL;MIL;PENÚLTIMO;2020-01-01;2020-06-30;Capital Social Integralizado;5.04.05;Ações em Tesouraria Vendidas;0.0;S
09.305.994/0001-29;2021-06-30;1;AZUL S.A.;24112;DF Individual - Demonstração das Mutações do Patrimônio Líquido;REAL;MIL;ÚLTIMO;2021-01-01;2021-06-30;Capital Social Integralizado;5.04.05;Ações em Tesouraria Vendidas;0.0;S
09.305.994/0001-29;2021-06-30;1;AZUL S.A.;24112;DF Individual - Demonstração das Mutações do Patrimônio Líquido;REAL;MIL;PENÚLTIMO;2020-01-01;2020-06-30;Reservas de Capital, Opções Outorgadas e Ações em Tesouraria;5.04.05;Ações em Tesouraria Vendidas;0.0;S
09.305.994/0001-29;2021-06-30;1;AZUL S.A.;24112;DF Individual - Demonstração das Mutações do Patrimônio Líquido;REAL;MIL;ÚLTIMO;2021-01-01;2021-06-30;Reservas de Capital, Opções Outorgadas e Ações em Tesouraria;5.04.05;Ações em Tesouraria Vendidas;0.0;S
09.305.994/0001-29;2021-06-30;1;AZUL S.A.;24112;DF Individual - Demonstração das Mutações do Patrimônio Líquido;REAL;MIL;PENÚLTIMO;2020-01-01;2020-06-30;Reservas de Lucro;5.04.05;Ações em Tesouraria Vendidas;0.0;S
09.305.994/0001-29;2021-06-30;1;AZUL S.A.;24112;DF Individual - Demonstração das Mutações do Patrimônio Líquido;REAL;MIL;ÚLTIMO;2021-01-01;2021-06-30;Reservas de Lucro;5.04.05;Ações em Tesouraria Vendidas;0.0;S
09.305.994/0001-29;2021-06-30;1;AZUL S.A.;24112;DF Individual - Demonstração das Mutações do Patrimônio Líquido;REAL;MIL;PENÚLTIMO;2020-01-01;2020-06-30;Lucros ou Prejuízos Acumulados;5.04.05;Ações em Tesouraria Vendidas;0.0;S
09.305.994/0001-29;2021-06-30;1;AZUL S.A.;24112;DF Individual - Demonstração das Mutações do Patrimônio Líquido;REAL;MIL;ÚLTIMO;2021-01-01;2021-06-30;Lucros ou Prejuízos Acumulados;5.04.05;Ações em Tesouraria Vendidas;0.0;S
09.305.994/0001-29;2021-06-30;1;AZUL S.A.;24112;DF Individual - Demonstração das Mutações do Patrimônio Líquido;REAL;MIL;PENÚLTIMO;2020-01-01;2020-06-30;Outros Resultados Abrangentes;5.04.05;Ações em Tesouraria Vendidas;0.0;S
09.305.994/0001-29;2021-06-30;1;AZUL S.A.;24112;DF Individual - Demonstração das Mutações do Patrimônio Líquido;REAL;MIL;ÚLTIMO;2021-01-01;2021-06-30;Outros Resultados Abrangentes;5.04.05;Ações em Tesouraria Vendidas;0.0;S
09.305.994/0001-29;2021-06-30;1;AZUL S.A.;24112;DF Individual - Demonstração das Mutações do Patrimônio Líquido;REAL;MIL;PENÚLTIMO;2020-01-01;2020-06-30;Patrimônio Líquido;5.04.05;Ações em Tesouraria Vendidas;0.0;S
09.305.994/0001-29;2021-06-30;1;AZUL S.A.;24112;DF Individual - Demonstração das Mutações do Patrimônio Líquido;REAL;MIL;ÚLTIMO;2021-01-01;2021-06-30;Patrimônio Líquido;5.04.05;Ações em Tesouraria Vendidas;0.0;S
09.305.994/0001-29;2021-06-30;1;AZUL S.A.;24112;DF Individual - Demonstração das Mutações do Patrimônio Líquido;REAL;MIL;PENÚLTIMO;2020-01-01;2020-06-30;Capital Social Integralizado;5.04.06;Dividendos;0.0;S
09.305.994/0001-29;2021-06-30;1;AZUL S.A.;24112;DF Individual - Demonstração das Mutações do Patrimônio Líquido;REAL;MIL;ÚLTIMO;2021-01-01;2021-06-30;Capital Social Integralizado;5.04.06;Dividendos;0.0;S
09.305.994/0001-29;2021-06-30;1;AZUL S.A.;24112;DF Individual - Demonstração das Mutações do Patrimônio Líquido;REAL;MIL;PENÚLTIMO;2020-01-01;2020-06-30;Reservas de Capital, Opções Outorgadas e Ações em Tesouraria;5.04.06;Dividendos;0.0;S
09.305.994/0001-29;2021-06-30;1;AZUL S.A.;24112;DF Individual - Demonstração das Mutações do Patrimônio Líquido;REAL;MIL;ÚLTIMO;2021-01-01;2021-06-30;Reservas de Capital, Opções Outorgadas e Ações em Tesouraria;5.04.06;Dividendos;0.0;S
09.305.994/0001-29;2021-06-30;1;AZUL S.A.;24112;DF Individual - Demonstração das Mutações do Patrimônio Líquido;REAL;MIL;PENÚLTIMO;2020-01-01;2020-06-30;Reservas de Lucro;5.04.06;Dividendos;0.0;S
09.305.994/0001-29;2021-06-30;1;AZUL S.A.;24112;DF Individual - Demonstração das Mutações do Patrimônio Líquido;REAL;MIL;ÚLTIMO;2021-01-01;2021-06-30;Reservas de Lucro;5.04.06;Dividendos;0.0;S
09.305.994/0001-29;2021-06-30;1;AZUL S.A.;24112;DF Individual - Demonstração das Mutações do Patrimônio Líquido;REAL;MIL;PENÚLTIMO;2020-01-01;2020-06-30;Lucros ou Prejuízos Acumulados;5.04.06;Dividendos;0.0;S
09.305.994/0001-29;2021-06-30;1;AZUL S.A.;24112;DF Individual - Demonstração das Mutações do Patrimônio Líquido;REAL;MIL;ÚLTIMO;2021-01-01;2021-06-30;Lucros ou Prejuízos Acumulados;5.04.06;Dividendos;0.0;S
09.305.994/0001-29;2021-06-30;1;AZUL S.A.;24112;DF Individual - Demonstração das Mutações do Patrimônio Líquido;REAL;MIL;PENÚLTIMO;2020-01-01;2020-06-30;Outros Resultados Abrangentes;5.04.06;Dividendos;0.0;S
09.305.994/0001-29;2021-06-30;1;AZUL S.A.;24112;DF Individual - Demonstração das Mutações do Patrimônio Líquido;REAL;MIL;ÚLTIMO;2021-01-01;2021-06-30;Outros Resultados Abrangentes;5.04.06;Dividendos;0.0;S
09.305.994/0001-29;2021-06-30;1;AZUL S.A.;24112;DF Individual - Demonstração das Mutações do Patrimônio Líquido;REAL;MIL;PENÚLTIMO;2020-01-01;2020-06-30;Patrimônio Líquido;5.04.06;Dividendos;0.0;S
09.305.994/0001-29;2021-06-30;1;AZUL S.A.;24112;DF Individual - Demonstração das Mutações do Patrimônio Líquido;REAL;MIL;ÚLTIMO;2021-01-01;2021-06-30;Patrimônio Líquido;5.04.06;Dividendos;0.0;S
09.305.994/0001-29;2021-06-30;1;AZUL S.A.;24112;DF Individual - Demonstração das Mutações do Patrimônio Líquido;REAL;MIL;PENÚLTIMO;2020-01-01;2020-06-30;Capital Social Integralizado;5.04.07;Juros sobre Capital Próprio;0.0;S
09.305.994/0001-29;2021-06-30;1;AZUL S.A.;24112;DF Individual - Demonstração das Mutações do Patrimônio Líquido;REAL;MIL;ÚLTIMO;2021-01-01;2021-06-30;Capital Social Integralizado;5.04.07;Juros sobre Capital Próprio;0.0;S
09.305.994/0001-29;2021-06-30;1;AZUL S.A.;24112;DF Individual - Demonstração das Mutações do Patrimônio Líquido;REAL;MIL;PENÚLTIMO;2020-01-01;2020-06-30;Reservas de Capital, Opções Outorgadas e Ações em Tesouraria;5.04.07;Juros sobre Capital Próprio;0.0;S
09.305.994/0001-29;2021-06-30;1;AZUL S.A.;24112;DF Individual - Demonstração das Mutações do Patrimônio Líquido;REAL;MIL;ÚLTIMO;2021-01-01;2021-06-30;Reservas de Capital, Opções Outorgadas e Ações em Tesouraria;5.04.07;Juros sobre Capital Próprio;0.0;S
09.305.994/0001-29;2021-06-30;1;AZUL S.A.;24112;DF Individual - Demonstração das Mutações do Patrimônio Líquido;REAL;MIL;PENÚLTIMO;2020-01-01;2020-06-30;Reservas de Lucro;5.04.07;Juros sobre Capital Próprio;0.0;S
09.305.994/0001-29;2021-06-30;1;AZUL S.A.;24112;DF Individual - Demonstração das Mutações do Patrimônio Líquido;REAL;MIL;ÚLTIMO;2021-01-01;2021-06-30;Reservas de Lucro;5.04.07;Juros sobre Capital Próprio;0.0;S
09.305.994/0001-29;2021-06-30;1;AZUL S.A.;24112;DF Individual - Demonstração das Mutações do Patrimônio Líquido;REAL;MIL;PENÚLTIMO;2020-01-01;2020-06-30;Lucros ou Prejuízos Acumulados;5.04.07;Juros sobre Capital Próprio;0.0;S
09.305.994/0001-29;2021-06-30;1;AZUL S.A.;24112;DF Individual - Demonstração das Mutações do Patrimônio Líquido;REAL;MIL;ÚLTIMO;2021-01-01;2021-06-30;Lucros ou Prejuízos Acumulados;5.04.07;Juros sobre Capital Próprio;0.0;S
09.305.994/0001-29;2021-06-30;1;AZUL S.A.;24112;DF Individual - Demonstração das Mutações do Patrimônio Líquido;REAL;MIL;PENÚLTIMO;2020-01-01;2020-06-30;Outros Resultados Abrangentes;5.04.07;Juros sobre Capital Próprio;0.0;S
09.305.994/0001-29;2021-06-30;1;AZUL S.A.;24112;DF Individual - Demonstração das Mutações do Patrimônio Líquido;REAL;MIL;ÚLTIMO;2021-01-01;2021-06-30;Outros Resultados Abrangentes;5.04.07;Juros sobre Capital Próprio;0.0;S
09.305.994/0001-29;2021-06-30;1;AZUL S.A.;24112;DF Individual - Demonstração das Mutações do Patrimônio Líquido;REAL;MIL;PENÚLTIMO;2020-01-01;2020-06-30;Patrimônio Líquido;5.04.07;Juros sobre Capital Próprio;0.0;S
09.305.994/0001-29;2021-06-30;1;AZUL S.A.;24112;DF Individual - Demonstração das Mutações do Patrimônio Líquido;REAL;MIL;ÚLTIMO;2021-01-01;2021-06-30;Patrimônio Líquido;5.04.07;Juros sobre Capital Próprio;0.0;S
09.305.994/0001-29;2021-06-30;1;AZUL S.A.;24112;DF Individual - Demonstração das Mutações do Patrimônio Líquido;REAL;MIL;ÚLTIMO;2021-01-01;2021-06-30;Capital Social Integralizado;5.04.08;Adiantamento para futuro aumento de capital;-42945.0;N
09.305.994/0001-29;2021-06-30;1;AZUL S.A.;24112;DF Individual - Demonstração das Mutações do Patrimônio Líquido;REAL;MIL;ÚLTIMO;2021-01-01;2021-06-30;Reservas de Capital, Opções Outorgadas e Ações em Tesouraria;5.04.08;Adiantamento para futuro aumento de capital;0.0;N
09.305.994/0001-29;2021-06-30;1;AZUL S.A.;24112;DF Individual - Demonstração das Mutações do Patrimônio Líquido;REAL;MIL;ÚLTIMO;2021-01-01;2021-06-30;Reservas de Lucro;5.04.08;Adiantamento para futuro aumento de capital;0.0;N
09.305.994/0001-29;2021-06-30;1;AZUL S.A.;24112;DF Individual - Demonstração das Mutações do Patrimônio Líquido;REAL;MIL;ÚLTIMO;2021-01-01;2021-06-30;Lucros ou Prejuízos Acumulados;5.04.08;Adiantamento para futuro aumento de capital;0.0;N
09.305.994/0001-29;2021-06-30;1;AZUL S.A.;24112;DF Individual - Demonstração das Mutações do Patrimônio Líquido;REAL;MIL;ÚLTIMO;2021-01-01;2021-06-30;Outros Resultados Abrangentes;5.04.08;Adiantamento para futuro aumento de capital;0.0;N
09.305.994/0001-29;2021-06-30;1;AZUL S.A.;24112;DF Individual - Demonstração das Mutações do Patrimônio Líquido;REAL;MIL;ÚLTIMO;2021-01-01;2021-06-30;Patrimônio Líquido;5.04.08;Adiantamento para futuro aumento de capital;-42945.0;N
09.305.994/0001-29;2021-06-30;1;AZUL S.A.;24112;DF Individual - Demonstração das Mutações do Patrimônio Líquido;REAL;MIL;PENÚLTIMO;2020-01-01;2020-06-30;Capital Social Integralizado;5.05;Resultado Abrangente Total;0.0;S
09.305.994/0001-29;2021-06-30;1;AZUL S.A.;24112;DF Individual - Demonstração das Mutações do Patrimônio Líquido;REAL;MIL;ÚLTIMO;2021-01-01;2021-06-30;Capital Social Integralizado;5.05;Resultado Abrangente Total;0.0;S
09.305.994/0001-29;2021-06-30;1;AZUL S.A.;24112;DF Individual - Demonstração das Mutações do Patrimônio Líquido;REAL;MIL;PENÚLTIMO;2020-01-01;2020-06-30;Reservas de Capital, Opções Outorgadas e Ações em Tesouraria;5.05;Resultado Abrangente Total;0.0;S
09.305.994/0001-29;2021-06-30;1;AZUL S.A.;24112;DF Individual - Demonstração das Mutações do Patrimônio Líquido;REAL;MIL;ÚLTIMO;2021-01-01;2021-06-30;Reservas de Capital, Opções Outorgadas e Ações em Tesouraria;5.05;Resultado Abrangente Total;0.0;S
09.305.994/0001-29;2021-06-30;1;AZUL S.A.;24112;DF Individual - Demonstração das Mutações do Patrimônio Líquido;REAL;MIL;PENÚLTIMO;2020-01-01;2020-06-30;Reservas de Lucro;5.05;Resultado Abrangente Total;0.0;S
09.305.994/0001-29;2021-06-30;1;AZUL S.A.;24112;DF Individual - Demonstração das Mutações do Patrimônio Líquido;REAL;MIL;ÚLTIMO;2021-01-01;2021-06-30;Reservas de Lucro;5.05;Resultado Abrangente Total;0.0;S
09.305.994/0001-29;2021-06-30;1;AZUL S.A.;24112;DF Individual - Demonstração das Mutações do Patrimônio Líquido;REAL;MIL;PENÚLTIMO;2020-01-01;2020-06-30;Lucros ou Prejuízos Acumulados;5.05;Resultado Abrangente Total;-9291037.0;S
09.305.994/0001-29;2021-06-30;1;AZUL S.A.;24112;DF Individual - Demonstração das Mutações do Patrimônio Líquido;REAL;MIL;ÚLTIMO;2021-01-01;2021-06-30;Lucros ou Prejuízos Acumulados;5.05;Resultado Abrangente Total;-1624575.0;S
09.305.994/0001-29;2021-06-30;1;AZUL S.A.;24112;DF Individual - Demonstração das Mutações do Patrimônio Líquido;REAL;MIL;PENÚLTIMO;2020-01-01;2020-06-30;Outros Resultados Abrangentes;5.05;Resultado Abrangente Total;151214.0;S
09.305.994/0001-29;2021-06-30;1;AZUL S.A.;24112;DF Individual - Demonstração das Mutações do Patrimônio Líquido;REAL;MIL;ÚLTIMO;2021-01-01;2021-06-30;Outros Resultados Abrangentes;5.05;Resultado Abrangente Total;0.0;S
09.305.994/0001-29;2021-06-30;1;AZUL S.A.;24112;DF Individual - Demonstração das Mutações do Patrimônio Líquido;REAL;MIL;PENÚLTIMO;2020-01-01;2020-06-30;Patrimônio Líquido;5.05;Resultado Abrangente Total;-9139823.0;S
09.305.994/0001-29;2021-06-30;1;AZUL S.A.;24112;DF Individual - Demonstração das Mutações do Patrimônio Líquido;REAL;MIL;ÚLTIMO;2021-01-01;2021-06-30;Patrimônio Líquido;5.05;Resultado Abrangente Total;-1624575.0;S
09.305.994/0001-29;2021-06-30;1;AZUL S.A.;24112;DF Individual - Demonstração das Mutações do Patrimônio Líquido;REAL;MIL;PENÚLTIMO;2020-01-01;2020-06-30;Capital Social Integralizado;5.05.01;Lucro Líquido do Período;0.0;S
09.305.994/0001-29;2021-06-30;1;AZUL S.A.;24112;DF Individual - Demonstração das Mutações do Patrimônio Líquido;REAL;MIL;ÚLTIMO;2021-01-01;2021-06-30;Capital Social Integralizado;5.05.01;Lucro Líquido do Período;0.0;S
09.305.994/0001-29;2021-06-30;1;AZUL S.A.;24112;DF Individual - Demonstração das Mutações do Patrimônio Líquido;REAL;MIL;PENÚLTIMO;2020-01-01;2020-06-30;Reservas de Capital, Opções Outorgadas e Ações em Tesouraria;5.05.01;Lucro Líquido do Período;0.0;S
09.305.994/0001-29;2021-06-30;1;AZUL S.A.;24112;DF Individual - Demonstração das Mutações do Patrimônio Líquido;REAL;MIL;ÚLTIMO;2021-01-01;2021-06-30;Reservas de Capital, Opções Outorgadas e Ações em Tesouraria;5.05.01;Lucro Líquido do Período;0.0;S
09.305.994/0001-29;2021-06-30;1;AZUL S.A.;24112;DF Individual - Demonstração das Mutações do Patrimônio Líquido;REAL;MIL;PENÚLTIMO;2020-01-01;2020-06-30;Reservas de Lucro;5.05.01;Lucro Líquido do Período;0.0;S
09.305.994/0001-29;2021-06-30;1;AZUL S.A.;24112;DF Individual - Demonstração das Mutações do Patrimônio Líquido;REAL;MIL;ÚLTIMO;2021-01-01;2021-06-30;Reservas de Lucro;5.05.01;Lucro Líquido do Período;0.0;S
09.305.994/0001-29;2021-06-30;1;AZUL S.A.;24112;DF Individual - Demonstração das Mutações do Patrimônio Líquido;REAL;MIL;PENÚLTIMO;2020-01-01;2020-06-30;Lucros ou Prejuízos Acumulados;5.05.01;Lucro Líquido do Período;-9291037.0;S
09.305.994/0001-29;2021-06-30;1;AZUL S.A.;24112;DF Individual - Demonstração das Mutações do Patrimônio Líquido;REAL;MIL;ÚLTIMO;2021-01-01;2021-06-30;Lucros ou Prejuízos Acumulados;5.05.01;Lucro Líquido do Período;-1624575.0;S
09.305.994/0001-29;2021-06-30;1;AZUL S.A.;24112;DF Individual - Demonstração das Mutações do Patrimônio Líquido;REAL;MIL;PENÚLTIMO;2020-01-01;2020-06-30;Outros Resultados Abrangentes;5.05.01;Lucro Líquido do Período;0.0;S
09.305.994/0001-29;2021-06-30;1;AZUL S.A.;24112;DF Individual - Demonstração das Mutações do Patrimônio Líquido;REAL;MIL;ÚLTIMO;2021-01-01;2021-06-30;Outros Resultados Abrangentes;5.05.01;Lucro Líquido do Período;0.0;S
09.305.994/0001-29;2021-06-30;1;AZUL S.A.;24112;DF Individual - Demonstração das Mutações do Patrimônio Líquido;REAL;MIL;PENÚLTIMO;2020-01-01;2020-06-30;Patrimônio Líquido;5.05.01;Lucro Líquido do Período;-9291037.0;S
09.305.994/0001-29;2021-06-30;1;AZUL S.A.;24112;DF Individual - Demonstração das Mutações do Patrimônio Líquido;REAL;MIL;ÚLTIMO;2021-01-01;2021-06-30;Patrimônio Líquido;5.05.01;Lucro Líquido do Período;-1624575.0;S
09.305.994/0001-29;2021-06-30;1;AZUL S.A.;24112;DF Individual - Demonstração das Mutações do Patrimônio Líquido;REAL;MIL;PENÚLTIMO;2020-01-01;2020-06-30;Capital Social Integralizado;5.05.02;Outros Resultados Abrangentes;0.0;S
09.305.994/0001-29;2021-06-30;1;AZUL S.A.;24112;DF Individual - Demonstração das Mutações do Patrimônio Líquido;REAL;MIL;ÚLTIMO;2021-01-01;2021-06-30;Capital Social Integralizado;5.05.02;Outros Resultados Abrangentes;0.0;S
09.305.994/0001-29;2021-06-30;1;AZUL S.A.;24112;DF Individual - Demonstração das Mutações do Patrimônio Líquido;REAL;MIL;PENÚLTIMO;2020-01-01;2020-06-30;Reservas de Capital, Opções Outorgadas e Ações em Tesouraria;5.05.02;Outros Resultados Abrangentes;0.0;S
09.305.994/0001-29;2021-06-30;1;AZUL S.A.;24112;DF Individual - Demonstração das Mutações do Patrimônio Líquido;REAL;MIL;ÚLTIMO;2021-01-01;2021-06-30;Reservas de Capital, Opções Outorgadas e Ações em Tesouraria;5.05.02;Outros Resultados Abrangentes;0.0;S
09.305.994/0001-29;2021-06-30;1;AZUL S.A.;24112;DF Individual - Demonstração das Mutações do Patrimônio Líquido;REAL;MIL;PENÚLTIMO;2020-01-01;2020-06-30;Reservas de Lucro;5.05.02;Outros Resultados Abrangentes;0.0;S
09.305.994/0001-29;2021-06-30;1;AZUL S.A.;24112;DF Individual - Demonstração das Mutações do Patrimônio Líquido;REAL;MIL;ÚLTIMO;2021-01-01;2021-06-30;Reservas de Lucro;5.05.02;Outros Resultados Abrangentes;0.0;S
09.305.994/0001-29;2021-06-30;1;AZUL S.A.;24112;DF Individual - Demonstração das Mutações do Patrimônio Líquido;REAL;MIL;PENÚLTIMO;2020-01-01;2020-06-30;Lucros ou Prejuízos Acumulados;5.05.02;Outros Resultados Abrangentes;0.0;S
09.305.994/0001-29;2021-06-30;1;AZUL S.A.;24112;DF Individual - Demonstração das Mutações do Patrimônio Líquido;REAL;MIL;ÚLTIMO;2021-01-01;2021-06-30;Lucros ou Prejuízos Acumulados;5.05.02;Outros Resultados Abrangentes;0.0;S
09.305.994/0001-29;2021-06-30;1;AZUL S.A.;24112;DF Individual - Demonstração das Mutações do Patrimônio Líquido;REAL;MIL;PENÚLTIMO;2020-01-01;2020-06-30;Outros Resultados Abrangentes;5.05.02;Outros Resultados Abrangentes;151214.0;S
09.305.994/0001-29;2021-06-30;1;AZUL S.A.;24112;DF Individual - Demonstração das Mutações do Patrimônio Líquido;REAL;MIL;ÚLTIMO;2021-01-01;2021-06-30;Outros Resultados Abrangentes;5.05.02;Outros Resultados Abrangentes;0.0;S
09.305.994/0001-29;2021-06-30;1;AZUL S.A.;24112;DF Individual - Demonstração das Mutações do Patrimônio Líquido;REAL;MIL;PENÚLTIMO;2020-01-01;2020-06-30;Patrimônio Líquido;5.05.02;Outros Resultados Abrangentes;151214.0;S
09.305.994/0001-29;2021-06-30;1;AZUL S.A.;24112;DF Individual - Demonstração das Mutações do Patrimônio Líquido;REAL;MIL;ÚLTIMO;2021-01-01;2021-06-30;Patrimônio Líquido;5.05.02;Outros Resultados Abrangentes;0.0;S
09.305.994/0001-29;2021-06-30;1;AZUL S.A.;24112;DF Individual - Demonstração das Mutações do Patrimônio Líquido;REAL;MIL;PENÚLTIMO;2020-01-01;2020-06-30;Capital Social Integralizado;5.05.02.01;Ajustes de Instrumentos Financeiros;0.0;S
09.305.994/0001-29;2021-06-30;1;AZUL S.A.;24112;DF Individual - Demonstração das Mutações do Patrimônio Líquido;REAL;MIL;ÚLTIMO;2021-01-01;2021-06-30;Capital Social Integralizado;5.05.02.01;Ajustes de Instrumentos Financeiros;0.0;S
09.305.994/0001-29;2021-06-30;1;AZUL S.A.;24112;DF Individual - Demonstração das Mutações do Patrimônio Líquido;REAL;MIL;PENÚLTIMO;2020-01-01;2020-06-30;Reservas de Capital, Opções Outorgadas e Ações em Tesouraria;5.05.02.01;Ajustes de Instrumentos Financeiros;0.0;S
09.305.994/0001-29;2021-06-30;1;AZUL S.A.;24112;DF Individual - Demonstração das Mutações do Patrimônio Líquido;REAL;MIL;ÚLTIMO;2021-01-01;2021-06-30;Reservas de Capital, Opções Outorgadas e Ações em Tesouraria;5.05.02.01;Ajustes de Instrumentos Financeiros;0.0;S
09.305.994/0001-29;2021-06-30;1;AZUL S.A.;24112;DF Individual - Demonstração das Mutações do Patrimônio Líquido;REAL;MIL;PENÚLTIMO;2020-01-01;2020-06-30;Reservas de Lucro;5.05.02.01;Ajustes de Instrumentos Financeiros;0.0;S
09.305.994/0001-29;2021-06-30;1;AZUL S.A.;24112;DF Individual - Demonstração das Mutações do Patrimônio Líquido;REAL;MIL;ÚLTIMO;2021-01-01;2021-06-30;Reservas de Lucro;5.05.02.01;Ajustes de Instrumentos Financeiros;0.0;S
09.305.994/0001-29;2021-06-30;1;AZUL S.A.;24112;DF Individual - Demonstração das Mutações do Patrimônio Líquido;REAL;MIL;PENÚLTIMO;2020-01-01;2020-06-30;Lucros ou Prejuízos Acumulados;5.05.02.01;Ajustes de Instrumentos Financeiros;0.0;S
09.305.994/0001-29;2021-06-30;1;AZUL S.A.;24112;DF Individual - Demonstração das Mutações do Patrimônio Líquido;REAL;MIL;ÚLTIMO;2021-01-01;2021-06-30;Lucros ou Prejuízos Acumulados;5.05.02.01;Ajustes de Instrumentos Financeiros;0.0;S
09.305.994/0001-29;2021-06-30;1;AZUL S.A.;24112;DF Individual - Demonstração das Mutações do Patrimônio Líquido;REAL;MIL;PENÚLTIMO;2020-01-01;2020-06-30;Outros Resultados Abrangentes;5.05.02.01;Ajustes de Instrumentos Financeiros;151214.0;S
09.305.994/0001-29;2021-06-30;1;AZUL S.A.;24112;DF Individual - Demonstração das Mutações do Patrimônio Líquido;REAL;MIL;ÚLTIMO;2021-01-01;2021-06-30;Outros Resultados Abrangentes;5.05.02.01;Ajustes de Instrumentos Financeiros;0.0;S
09.305.994/0001-29;2021-06-30;1;AZUL S.A.;24112;DF Individual - Demonstração das Mutações do Patrimônio Líquido;REAL;MIL;PENÚLTIMO;2020-01-01;2020-06-30;Patrimônio Líquido;5.05.02.01;Ajustes de Instrumentos Financeiros;151214.0;S
09.305.994/0001-29;2021-06-30;1;AZUL S.A.;24112;DF Individual - Demonstração das Mutações do Patrimônio Líquido;REAL;MIL;ÚLTIMO;2021-01-01;2021-06-30;Patrimônio Líquido;5.05.02.01;Ajustes de Instrumentos Financeiros;0.0;S
09.305.994/0001-29;2021-06-30;1;AZUL S.A.;24112;DF Individual - Demonstração das Mutações do Patrimônio Líquido;REAL;MIL;PENÚLTIMO;2020-01-01;2020-06-30;Capital Social Integralizado;5.05.02.02;Tributos s/ Ajustes Instrumentos Financeiros;0.0;S
09.305.994/0001-29;2021-06-30;1;AZUL S.A.;24112;DF Individual - Demonstração das Mutações do Patrimônio Líquido;REAL;MIL;ÚLTIMO;2021-01-01;2021-06-30;Capital Social Integralizado;5.05.02.02;Tributos s/ Ajustes Instrumentos Financeiros;0.0;S
09.305.994/0001-29;2021-06-30;1;AZUL S.A.;24112;DF Individual - Demonstração das Mutações do Patrimônio Líquido;REAL;MIL;PENÚLTIMO;2020-01-01;2020-06-30;Reservas de Capital, Opções Outorgadas e Ações em Tesouraria;5.05.02.02;Tributos s/ Ajustes Instrumentos Financeiros;0.0;S
09.305.994/0001-29;2021-06-30;1;AZUL S.A.;24112;DF Individual - Demonstração das Mutações do Patrimônio Líquido;REAL;MIL;ÚLTIMO;2021-01-01;2021-06-30;Reservas de Capital, Opções Outorgadas e Ações em Tesouraria;5.05.02.02;Tributos s/ Ajustes Instrumentos Financeiros;0.0;S
09.305.994/0001-29;2021-06-30;1;AZUL S.A.;24112;DF Individual - Demonstração das Mutações do Patrimônio Líquido;REAL;MIL;PENÚLTIMO;2020-01-01;2020-06-30;Reservas de Lucro;5.05.02.02;Tributos s/ Ajustes Instrumentos Financeiros;0.0;S
09.305.994/0001-29;2021-06-30;1;AZUL S.A.;24112;DF Individual - Demonstração das Mutações do Patrimônio Líquido;REAL;MIL;ÚLTIMO;2021-01-01;2021-06-30;Reservas de Lucro;5.05.02.02;Tributos s/ Ajustes Instrumentos Financeiros;0.0;S
09.305.994/0001-29;2021-06-30;1;AZUL S.A.;24112;DF Individual - Demonstração das Mutações do Patrimônio Líquido;REAL;MIL;PENÚLTIMO;2020-01-01;2020-06-30;Lucros ou Prejuízos Acumulados;5.05.02.02;Tributos s/ Ajustes Instrumentos Financeiros;0.0;S
09.305.994/0001-29;2021-06-30;1;AZUL S.A.;24112;DF Individual - Demonstração das Mutações do Patrimônio Líquido;REAL;MIL;ÚLTIMO;2021-01-01;2021-06-30;Lucros ou Prejuízos Acumulados;5.05.02.02;Tributos s/ Ajustes Instrumentos Financeiros;0.0;S
09.305.994/0001-29;2021-06-30;1;AZUL S.A.;24112;DF Individual - Demonstração das Mutações do Patrimônio Líquido;REAL;MIL;PENÚLTIMO;2020-01-01;2020-06-30;Outros Resultados Abrangentes;5.05.02.02;Tributos s/ Ajustes Instrumentos Financeiros;0.0;S
09.305.994/0001-29;2021-06-30;1;AZUL S.A.;24112;DF Individual - Demonstração das Mutações do Patrimônio Líquido;REAL;MIL;ÚLTIMO;2021-01-01;2021-06-30;Outros Resultados Abrangentes;5.05.02.02;Tributos s/ Ajustes Instrumentos Financeiros;0.0;S
09.305.994/0001-29;2021-06-30;1;AZUL S.A.;24112;DF Individual - Demonstração das Mutações do Patrimônio Líquido;REAL;MIL;PENÚLTIMO;2020-01-01;2020-06-30;Patrimônio Líquido;5.05.02.02;Tributos s/ Ajustes Instrumentos Financeiros;0.0;S
09.305.994/0001-29;2021-06-30;1;AZUL S.A.;24112;DF Individual - Demonstração das Mutações do Patrimônio Líquido;REAL;MIL;ÚLTIMO;2021-01-01;2021-06-30;Patrimônio Líquido;5.05.02.02;Tributos s/ Ajustes Instrumentos Financeiros;0.0;S
09.305.994/0001-29;2021-06-30;1;AZUL S.A.;24112;DF Individual - Demonstração das Mutações do Patrimônio Líquido;REAL;MIL;PENÚLTIMO;2020-01-01;2020-06-30;Capital Social Integralizado;5.05.02.03;Equiv. Patrim. s/Result. Abrang. Controladas e Coligadas;0.0;S
09.305.994/0001-29;2021-06-30;1;AZUL S.A.;24112;DF Individual - Demonstração das Mutações do Patrimônio Líquido;REAL;MIL;ÚLTIMO;2021-01-01;2021-06-30;Capital Social Integralizado;5.05.02.03;Equiv. Patrim. s/Result. Abrang. Controladas e Coligadas;0.0;S
09.305.994/0001-29;2021-06-30;1;AZUL S.A.;24112;DF Individual - Demonstração das Mutações do Patrimônio Líquido;REAL;MIL;PENÚLTIMO;2020-01-01;2020-06-30;Reservas de Capital, Opções Outorgadas e Ações em Tesouraria;5.05.02.03;Equiv. Patrim. s/Result. Abrang. Controladas e Coligadas;0.0;S
09.305.994/0001-29;2021-06-30;1;AZUL S.A.;24112;DF Individual - Demonstração das Mutações do Patrimônio Líquido;REAL;MIL;ÚLTIMO;2021-01-01;2021-06-30;Reservas de Capital, Opções Outorgadas e Ações em Tesouraria;5.05.02.03;Equiv. Patrim. s/Result. Abrang. Controladas e Coligadas;0.0;S
09.305.994/0001-29;2021-06-30;1;AZUL S.A.;24112;DF Individual - Demonstração das Mutações do Patrimônio Líquido;REAL;MIL;PENÚLTIMO;2020-01-01;2020-06-30;Reservas de Lucro;5.05.02.03;Equiv. Patrim. s/Result. Abrang. Controladas e Coligadas;0.0;S
09.305.994/0001-29;2021-06-30;1;AZUL S.A.;24112;DF Individual - Demonstração das Mutações do Patrimônio Líquido;REAL;MIL;ÚLTIMO;2021-01-01;2021-06-30;Reservas de Lucro;5.05.02.03;Equiv. Patrim. s/Result. Abrang. Controladas e Coligadas;0.0;S
09.305.994/0001-29;2021-06-30;1;AZUL S.A.;24112;DF Individual - Demonstração das Mutações do Patrimônio Líquido;REAL;MIL;PENÚLTIMO;2020-01-01;2020-06-30;Lucros ou Prejuízos Acumulados;5.05.02.03;Equiv. Patrim. s/Result. Abrang. Controladas e Coligadas;0.0;S
09.305.994/0001-29;2021-06-30;1;AZUL S.A.;24112;DF Individual - Demonstração das Mutações do Patrimônio Líquido;REAL;MIL;ÚLTIMO;2021-01-01;2021-06-30;Lucros ou Prejuízos Acumulados;5.05.02.03;Equiv. Patrim. s/Result. Abrang. Controladas e Coligadas;0.0;S
09.305.994/0001-29;2021-06-30;1;AZUL S.A.;24112;DF Individual - Demonstração das Mutações do Patrimônio Líquido;REAL;MIL;PENÚLTIMO;2020-01-01;2020-06-30;Outros Resultados Abrangentes;5.05.02.03;Equiv. Patrim. s/Result. Abrang. Controladas e Coligadas;0.0;S
09.305.994/0001-29;2021-06-30;1;AZUL S.A.;24112;DF Individual - Demonstração das Mutações do Patrimônio Líquido;REAL;MIL;ÚLTIMO;2021-01-01;2021-06-30;Outros Resultados Abrangentes;5.05.02.03;Equiv. Patrim. s/Result. Abrang. Controladas e Coligadas;0.0;S
09.305.994/0001-29;2021-06-30;1;AZUL S.A.;24112;DF Individual - Demonstração das Mutações do Patrimônio Líquido;REAL;MIL;PENÚLTIMO;2020-01-01;2020-06-30;Patrimônio Líquido;5.05.02.03;Equiv. Patrim. s/Result. Abrang. Controladas e Coligadas;0.0;S
09.305.994/0001-29;2021-06-30;1;AZUL S.A.;24112;DF Individual - Demonstração das Mutações do Patrimônio Líquido;REAL;MIL;ÚLTIMO;2021-01-01;2021-06-30;Patrimônio Líquido;5.05.02.03;Equiv. Patrim. s/Result. Abrang. Controladas e Coligadas;0.0;S
09.305.994/0001-29;2021-06-30;1;AZUL S.A.;24112;DF Individual - Demonstração das Mutações do Patrimônio Líquido;REAL;MIL;PENÚLTIMO;2020-01-01;2020-06-30;Capital Social Integralizado;5.05.02.04;Ajustes de Conversão do Período;0.0;S
09.305.994/0001-29;2021-06-30;1;AZUL S.A.;24112;DF Individual - Demonstração das Mutações do Patrimônio Líquido;REAL;MIL;ÚLTIMO;2021-01-01;2021-06-30;Capital Social Integralizado;5.05.02.04;Ajustes de Conversão do Período;0.0;S
09.305.994/0001-29;2021-06-30;1;AZUL S.A.;24112;DF Individual - Demonstração das Mutações do Patrimônio Líquido;REAL;MIL;PENÚLTIMO;2020-01-01;2020-06-30;Reservas de Capital, Opções Outorgadas e Ações em Tesouraria;5.05.02.04;Ajustes de Conversão do Período;0.0;S
09.305.994/0001-29;2021-06-30;1;AZUL S.A.;24112;DF Individual - Demonstração das Mutações do Patrimônio Líquido;REAL;MIL;ÚLTIMO;2021-01-01;2021-06-30;Reservas de Capital, Opções Outorgadas e Ações em Tesouraria;5.05.02.04;Ajustes de Conversão do Período;0.0;S
09.305.994/0001-29;2021-06-30;1;AZUL S.A.;24112;DF Individual - Demonstração das Mutações do Patrimônio Líquido;REAL;MIL;PENÚLTIMO;2020-01-01;2020-06-30;Reservas de Lucro;5.05.02.04;Ajustes de Conversão do Período;0.0;S
09.305.994/0001-29;2021-06-30;1;AZUL S.A.;24112;DF Individual - Demonstração das Mutações do Patrimônio Líquido;REAL;MIL;ÚLTIMO;2021-01-01;2021-06-30;Reservas de Lucro;5.05.02.04;Ajustes de Conversão do Período;0.0;S
09.305.994/0001-29;2021-06-30;1;AZUL S.A.;24112;DF Individual - Demonstração das Mutações do Patrimônio Líquido;REAL;MIL;PENÚLTIMO;2020-01-01;2020-06-30;Lucros ou Prejuízos Acumulados;5.05.02.04;Ajustes de Conversão do Período;0.0;S
09.305.994/0001-29;2021-06-30;1;AZUL S.A.;24112;DF Individual - Demonstração das Mutações do Patrimônio Líquido;REAL;MIL;ÚLTIMO;2021-01-01;2021-06-30;Lucros ou Prejuízos Acumulados;5.05.02.04;Ajustes de Conversão do Período;0.0;S
09.305.994/0001-29;2021-06-30;1;AZUL S.A.;24112;DF Individual - Demonstração das Mutações do Patrimônio Líquido;REAL;MIL;PENÚLTIMO;2020-01-01;2020-06-30;Outros Resultados Abrangentes;5.05.02.04;Ajustes de Conversão do Período;0.0;S
09.305.994/0001-29;2021-06-30;1;AZUL S.A.;24112;DF Individual - Demonstração das Mutações do Patrimônio Líquido;REAL;MIL;ÚLTIMO;2021-01-01;2021-06-30;Outros Resultados Abrangentes;5.05.02.04;Ajustes de Conversão do Período;0.0;S
09.305.994/0001-29;2021-06-30;1;AZUL S.A.;24112;DF Individual - Demonstração das Mutações do Patrimônio Líquido;REAL;MIL;PENÚLTIMO;2020-01-01;2020-06-30;Patrimônio Líquido;5.05.02.04;Ajustes de Conversão do Período;0.0;S
09.305.994/0001-29;2021-06-30;1;AZUL S.A.;24112;DF Individual - Demonstração das Mutações do Patrimônio Líquido;REAL;MIL;ÚLTIMO;2021-01-01;2021-06-30;Patrimônio Líquido;5.05.02.04;Ajustes de Conversão do Período;0.0;S
09.305.994/0001-29;2021-06-30;1;AZUL S.A.;24112;DF Individual - Demonstração das Mutações do Patrimônio Líquido;REAL;MIL;PENÚLTIMO;2020-01-01;2020-06-30;Capital Social Integralizado;5.05.02.05;Tributos s/ Ajustes de Conversão do Período;0.0;S
09.305.994/0001-29;2021-06-30;1;AZUL S.A.;24112;DF Individual - Demonstração das Mutações do Patrimônio Líquido;REAL;MIL;ÚLTIMO;2021-01-01;2021-06-30;Capital Social Integralizado;5.05.02.05;Tributos s/ Ajustes de Conversão do Período;0.0;S
09.305.994/0001-29;2021-06-30;1;AZUL S.A.;24112;DF Individual - Demonstração das Mutações do Patrimônio Líquido;REAL;MIL;PENÚLTIMO;2020-01-01;2020-06-30;Reservas de Capital, Opções Outorgadas e Ações em Tesouraria;5.05.02.05;Tributos s/ Ajustes de Conversão do Período;0.0;S
09.305.994/0001-29;2021-06-30;1;AZUL S.A.;24112;DF Individual - Demonstração das Mutações do Patrimônio Líquido;REAL;MIL;ÚLTIMO;2021-01-01;2021-06-30;Reservas de Capital, Opções Outorgadas e Ações em Tesouraria;5.05.02.05;Tributos s/ Ajustes de Conversão do Período;0.0;S
09.305.994/0001-29;2021-06-30;1;AZUL S.A.;24112;DF Individual - Demonstração das Mutações do Patrimônio Líquido;REAL;MIL;PENÚLTIMO;2020-01-01;2020-06-30;Reservas de Lucro;5.05.02.05;Tributos s/ Ajustes de Conversão do Período;0.0;S
09.305.994/0001-29;2021-06-30;1;AZUL S.A.;24112;DF Individual - Demonstração das Mutações do Patrimônio Líquido;REAL;MIL;ÚLTIMO;2021-01-01;2021-06-30;Reservas de Lucro;5.05.02.05;Tributos s/ Ajustes de Conversão do Período;0.0;S
09.305.994/0001-29;2021-06-30;1;AZUL S.A.;24112;DF Individual - Demonstração das Mutações do Patrimônio Líquido;REAL;MIL;PENÚLTIMO;2020-01-01;2020-06-30;Lucros ou Prejuízos Acumulados;5.05.02.05;Tributos s/ Ajustes de Conversão do Período;0.0;S
09.305.994/0001-29;2021-06-30;1;AZUL S.A.;24112;DF Individual - Demonstração das Mutações do Patrimônio Líquido;REAL;MIL;ÚLTIMO;2021-01-01;2021-06-30;Lucros ou Prejuízos Acumulados;5.05.02.05;Tributos s/ Ajustes de Conversão do Período;0.0;S
09.305.994/0001-29;2021-06-30;1;AZUL S.A.;24112;DF Individual - Demonstração das Mutações do Patrimônio Líquido;REAL;MIL;PENÚLTIMO;2020-01-01;2020-06-30;Outros Resultados Abrangentes;5.05.02.05;Tributos s/ Ajustes de Conversão do Período;0.0;S
09.305.994/0001-29;2021-06-30;1;AZUL S.A.;24112;DF Individual - Demonstração das Mutações do Patrimônio Líquido;REAL;MIL;ÚLTIMO;2021-01-01;2021-06-30;Outros Resultados Abrangentes;5.05.02.05;Tributos s/ Ajustes de Conversão do Período;0.0;S
09.305.994/0001-29;2021-06-30;1;AZUL S.A.;24112;DF Individual - Demonstração das Mutações do Patrimônio Líquido;REAL;MIL;PENÚLTIMO;2020-01-01;2020-06-30;Patrimônio Líquido;5.05.02.05;Tributos s/ Ajustes de Conversão do Período;0.0;S
09.305.994/0001-29;2021-06-30;1;AZUL S.A.;24112;DF Individual - Demonstração das Mutações do Patrimônio Líquido;REAL;MIL;ÚLTIMO;2021-01-01;2021-06-30;Patrimônio Líquido;5.05.02.05;Tributos s/ Ajustes de Conversão do Período;0.0;S
09.305.994/0001-29;2021-06-30;1;AZUL S.A.;24112;DF Individual - Demonstração das Mutações do Patrimônio Líquido;REAL;MIL;PENÚLTIMO;2020-01-01;2020-06-30;Capital Social Integralizado;5.05.03;Reclassificações para o Resultado;0.0;S
09.305.994/0001-29;2021-06-30;1;AZUL S.A.;24112;DF Individual - Demonstração das Mutações do Patrimônio Líquido;REAL;MIL;ÚLTIMO;2021-01-01;2021-06-30;Capital Social Integralizado;5.05.03;Reclassificações para o Resultado;0.0;S
09.305.994/0001-29;2021-06-30;1;AZUL S.A.;24112;DF Individual - Demonstração das Mutações do Patrimônio Líquido;REAL;MIL;PENÚLTIMO;2020-01-01;2020-06-30;Reservas de Capital, Opções Outorgadas e Ações em Tesouraria;5.05.03;Reclassificações para o Resultado;0.0;S
09.305.994/0001-29;2021-06-30;1;AZUL S.A.;24112;DF Individual - Demonstração das Mutações do Patrimônio Líquido;REAL;MIL;ÚLTIMO;2021-01-01;2021-06-30;Reservas de Capital, Opções Outorgadas e Ações em Tesouraria;5.05.03;Reclassificações para o Resultado;0.0;S
09.305.994/0001-29;2021-06-30;1;AZUL S.A.;24112;DF Individual - Demonstração das Mutações do Patrimônio Líquido;REAL;MIL;PENÚLTIMO;2020-01-01;2020-06-30;Reservas de Lucro;5.05.03;Reclassificações para o Resultado;0.0;S
09.305.994/0001-29;2021-06-30;1;AZUL S.A.;24112;DF Individual - Demonstração das Mutações do Patrimônio Líquido;REAL;MIL;ÚLTIMO;2021-01-01;2021-06-30;Reservas de Lucro;5.05.03;Reclassificações para o Resultado;0.0;S
09.305.994/0001-29;2021-06-30;1;AZUL S.A.;24112;DF Individual - Demonstração das Mutações do Patrimônio Líquido;REAL;MIL;PENÚLTIMO;2020-01-01;2020-06-30;Lucros ou Prejuízos Acumulados;5.05.03;Reclassificações para o Resultado;0.0;S
09.305.994/0001-29;2021-06-30;1;AZUL S.A.;24112;DF Individual - Demonstração das Mutações do Patrimônio Líquido;REAL;MIL;ÚLTIMO;2021-01-01;2021-06-30;Lucros ou Prejuízos Acumulados;5.05.03;Reclassificações para o Resultado;0.0;S
09.305.994/0001-29;2021-06-30;1;AZUL S.A.;24112;DF Individual - Demonstração das Mutações do Patrimônio Líquido;REAL;MIL;PENÚLTIMO;2020-01-01;2020-06-30;Outros Resultados Abrangentes;5.05.03;Reclassificações para o Resultado;0.0;S
09.305.994/0001-29;2021-06-30;1;AZUL S.A.;24112;DF Individual - Demonstração das Mutações do Patrimônio Líquido;REAL;MIL;ÚLTIMO;2021-01-01;2021-06-30;Outros Resultados Abrangentes;5.05.03;Reclassificações para o Resultado;0.0;S
09.305.994/0001-29;2021-06-30;1;AZUL S.A.;24112;DF Individual - Demonstração das Mutações do Patrimônio Líquido;REAL;MIL;PENÚLTIMO;2020-01-01;2020-06-30;Patrimônio Líquido;5.05.03;Reclassificações para o Resultado;0.0;S
09.305.994/0001-29;2021-06-30;1;AZUL S.A.;24112;DF Individual - Demonstração das Mutações do Patrimônio Líquido;REAL;MIL;ÚLTIMO;2021-01-01;2021-06-30;Patrimônio Líquido;5.05.03;Reclassificações para o Resultado;0.0;S
09.305.994/0001-29;2021-06-30;1;AZUL S.A.;24112;DF Individual - Demonstração das Mutações do Patrimônio Líquido;REAL;MIL;PENÚLTIMO;2020-01-01;2020-06-30;Capital Social Integralizado;5.05.03.01;Ajustes de Instrumentos Financeiros;0.0;S
09.305.994/0001-29;2021-06-30;1;AZUL S.A.;24112;DF Individual - Demonstração das Mutações do Patrimônio Líquido;REAL;MIL;ÚLTIMO;2021-01-01;2021-06-30;Capital Social Integralizado;5.05.03.01;Ajustes de Instrumentos Financeiros;0.0;S
09.305.994/0001-29;2021-06-30;1;AZUL S.A.;24112;DF Individual - Demonstração das Mutações do Patrimônio Líquido;REAL;MIL;PENÚLTIMO;2020-01-01;2020-06-30;Reservas de Capital, Opções Outorgadas e Ações em Tesouraria;5.05.03.01;Ajustes de Instrumentos Financeiros;0.0;S
09.305.994/0001-29;2021-06-30;1;AZUL S.A.;24112;DF Individual - Demonstração das Mutações do Patrimônio Líquido;REAL;MIL;ÚLTIMO;2021-01-01;2021-06-30;Reservas de Capital, Opções Outorgadas e Ações em Tesouraria;5.05.03.01;Ajustes de Instrumentos Financeiros;0.0;S
09.305.994/0001-29;2021-06-30;1;AZUL S.A.;24112;DF Individual - Demonstração das Mutações do Patrimônio Líquido;REAL;MIL;PENÚLTIMO;2020-01-01;2020-06-30;Reservas de Lucro;5.05.03.01;Ajustes de Instrumentos Financeiros;0.0;S
09.305.994/0001-29;2021-06-30;1;AZUL S.A.;24112;DF Individual - Demonstração das Mutações do Patrimônio Líquido;REAL;MIL;ÚLTIMO;2021-01-01;2021-06-30;Reservas de Lucro;5.05.03.01;Ajustes de Instrumentos Financeiros;0.0;S
09.305.994/0001-29;2021-06-30;1;AZUL S.A.;24112;DF Individual - Demonstração das Mutações do Patrimônio Líquido;REAL;MIL;PENÚLTIMO;2020-01-01;2020-06-30;Lucros ou Prejuízos Acumulados;5.05.03.01;Ajustes de Instrumentos Financeiros;0.0;S
09.305.994/0001-29;2021-06-30;1;AZUL S.A.;24112;DF Individual - Demonstração das Mutações do Patrimônio Líquido;REAL;MIL;ÚLTIMO;2021-01-01;2021-06-30;Lucros ou Prejuízos Acumulados;5.05.03.01;Ajustes de Instrumentos Financeiros;0.0;S
09.305.994/0001-29;2021-06-30;1;AZUL S.A.;24112;DF Individual - Demonstração das Mutações do Patrimônio Líquido;REAL;MIL;PENÚLTIMO;2020-01-01;2020-06-30;Outros Resultados Abrangentes;5.05.03.01;Ajustes de Instrumentos Financeiros;0.0;S
09.305.994/0001-29;2021-06-30;1;AZUL S.A.;24112;DF Individual - Demonstração das Mutações do Patrimônio Líquido;REAL;MIL;ÚLTIMO;2021-01-01;2021-06-30;Outros Resultados Abrangentes;5.05.03.01;Ajustes de Instrumentos Financeiros;0.0;S
09.305.994/0001-29;2021-06-30;1;AZUL S.A.;24112;DF Individual - Demonstração das Mutações do Patrimônio Líquido;REAL;MIL;PENÚLTIMO;2020-01-01;2020-06-30;Patrimônio Líquido;5.05.03.01;Ajustes de Instrumentos Financeiros;0.0;S
09.305.994/0001-29;2021-06-30;1;AZUL S.A.;24112;DF Individual - Demonstração das Mutações do Patrimônio Líquido;REAL;MIL;ÚLTIMO;2021-01-01;2021-06-30;Patrimônio Líquido;5.05.03.01;Ajustes de Instrumentos Financeiros;0.0;S
09.305.994/0001-29;2021-06-30;1;AZUL S.A.;24112;DF Individual - Demonstração das Mutações do Patrimônio Líquido;REAL;MIL;PENÚLTIMO;2020-01-01;2020-06-30;Capital Social Integralizado;5.06;Mutações Internas do Patrimônio Líquido;0.0;S
09.305.994/0001-29;2021-06-30;1;AZUL S.A.;24112;DF Individual - Demonstração das Mutações do Patrimônio Líquido;REAL;MIL;ÚLTIMO;2021-01-01;2021-06-30;Capital Social Integralizado;5.06;Mutações Internas do Patrimônio Líquido;0.0;S
09.305.994/0001-29;2021-06-30;1;AZUL S.A.;24112;DF Individual - Demonstração das Mutações do Patrimônio Líquido;REAL;MIL;PENÚLTIMO;2020-01-01;2020-06-30;Reservas de Capital, Opções Outorgadas e Ações em Tesouraria;5.06;Mutações Internas do Patrimônio Líquido;0.0;S
09.305.994/0001-29;2021-06-30;1;AZUL S.A.;24112;DF Individual - Demonstração das Mutações do Patrimônio Líquido;REAL;MIL;ÚLTIMO;2021-01-01;2021-06-30;Reservas de Capital, Opções Outorgadas e Ações em Tesouraria;5.06;Mutações Internas do Patrimônio Líquido;0.0;S
09.305.994/0001-29;2021-06-30;1;AZUL S.A.;24112;DF Individual - Demonstração das Mutações do Patrimônio Líquido;REAL;MIL;PENÚLTIMO;2020-01-01;2020-06-30;Reservas de Lucro;5.06;Mutações Internas do Patrimônio Líquido;0.0;S
09.305.994/0001-29;2021-06-30;1;AZUL S.A.;24112;DF Individual - Demonstração das Mutações do Patrimônio Líquido;REAL;MIL;ÚLTIMO;2021-01-01;2021-06-30;Reservas de Lucro;5.06;Mutações Internas do Patrimônio Líquido;0.0;S
09.305.994/0001-29;2021-06-30;1;AZUL S.A.;24112;DF Individual - Demonstração das Mutações do Patrimônio Líquido;REAL;MIL;PENÚLTIMO;2020-01-01;2020-06-30;Lucros ou Prejuízos Acumulados;5.06;Mutações Internas do Patrimônio Líquido;0.0;S
09.305.994/0001-29;2021-06-30;1;AZUL S.A.;24112;DF Individual - Demonstração das Mutações do Patrimônio Líquido;REAL;MIL;ÚLTIMO;2021-01-01;2021-06-30;Lucros ou Prejuízos Acumulados;5.06;Mutações Internas do Patrimônio Líquido;0.0;S
09.305.994/0001-29;2021-06-30;1;AZUL S.A.;24112;DF Individual - Demonstração das Mutações do Patrimônio Líquido;REAL;MIL;PENÚLTIMO;2020-01-01;2020-06-30;Outros Resultados Abrangentes;5.06;Mutações Internas do Patrimônio Líquido;0.0;S
09.305.994/0001-29;2021-06-30;1;AZUL S.A.;24112;DF Individual - Demonstração das Mutações do Patrimônio Líquido;REAL;MIL;ÚLTIMO;2021-01-01;2021-06-30;Outros Resultados Abrangentes;5.06;Mutações Internas do Patrimônio Líquido;0.0;S
09.305.994/0001-29;2021-06-30;1;AZUL S.A.;24112;DF Individual - Demonstração das Mutações do Patrimônio Líquido;REAL;MIL;PENÚLTIMO;2020-01-01;2020-06-30;Patrimônio Líquido;5.06;Mutações Internas do Patrimônio Líquido;0.0;S
09.305.994/0001-29;2021-06-30;1;AZUL S.A.;24112;DF Individual - Demonstração das Mutações do Patrimônio Líquido;REAL;MIL;ÚLTIMO;2021-01-01;2021-06-30;Patrimônio Líquido;5.06;Mutações Internas do Patrimônio Líquido;0.0;S
09.305.994/0001-29;2021-06-30;1;AZUL S.A.;24112;DF Individual - Demonstração das Mutações do Patrimônio Líquido;REAL;MIL;PENÚLTIMO;2020-01-01;2020-06-30;Capital Social Integralizado;5.06.01;Constituição de Reservas;0.0;S
09.305.994/0001-29;2021-06-30;1;AZUL S.A.;24112;DF Individual - Demonstração das Mutações do Patrimônio Líquido;REAL;MIL;ÚLTIMO;2021-01-01;2021-06-30;Capital Social Integralizado;5.06.01;Constituição de Reservas;0.0;S
09.305.994/0001-29;2021-06-30;1;AZUL S.A.;24112;DF Individual - Demonstração das Mutações do Patrimônio Líquido;REAL;MIL;PENÚLTIMO;2020-01-01;2020-06-30;Reservas de Capital, Opções Outorgadas e Ações em Tesouraria;5.06.01;Constituição de Reservas;0.0;S
09.305.994/0001-29;2021-06-30;1;AZUL S.A.;24112;DF Individual - Demonstração das Mutações do Patrimônio Líquido;REAL;MIL;ÚLTIMO;2021-01-01;2021-06-30;Reservas de Capital, Opções Outorgadas e Ações em Tesouraria;5.06.01;Constituição de Reservas;0.0;S
09.305.994/0001-29;2021-06-30;1;AZUL S.A.;24112;DF Individual - Demonstração das Mutações do Patrimônio Líquido;REAL;MIL;PENÚLTIMO;2020-01-01;2020-06-30;Reservas de Lucro;5.06.01;Constituição de Reservas;0.0;S
09.305.994/0001-29;2021-06-30;1;AZUL S.A.;24112;DF Individual - Demonstração das Mutações do Patrimônio Líquido;REAL;MIL;ÚLTIMO;2021-01-01;2021-06-30;Reservas de Lucro;5.06.01;Constituição de Reservas;0.0;S
09.305.994/0001-29;2021-06-30;1;AZUL S.A.;24112;DF Individual - Demonstração das Mutações do Patrimônio Líquido;REAL;MIL;PENÚLTIMO;2020-01-01;2020-06-30;Lucros ou Prejuízos Acumulados;5.06.01;Constituição de Reservas;0.0;S
09.305.994/0001-29;2021-06-30;1;AZUL S.A.;24112;DF Individual - Demonstração das Mutações do Patrimônio Líquido;REAL;MIL;ÚLTIMO;2021-01-01;2021-06-30;Lucros ou Prejuízos Acumulados;5.06.01;Constituição de Reservas;0.0;S
09.305.994/0001-29;2021-06-30;1;AZUL S.A.;24112;DF Individual - Demonstração das Mutações do Patrimônio Líquido;REAL;MIL;PENÚLTIMO;2020-01-01;2020-06-30;Outros Resultados Abrangentes;5.06.01;Constituição de Reservas;0.0;S
09.305.994/0001-29;2021-06-30;1;AZUL S.A.;24112;DF Individual - Demonstração das Mutações do Patrimônio Líquido;REAL;MIL;ÚLTIMO;2021-01-01;2021-06-30;Outros Resultados Abrangentes;5.06.01;Constituição de Reservas;0.0;S
09.305.994/0001-29;2021-06-30;1;AZUL S.A.;24112;DF Individual - Demonstração das Mutações do Patrimônio Líquido;REAL;MIL;PENÚLTIMO;2020-01-01;2020-06-30;Patrimônio Líquido;5.06.01;Constituição de Reservas;0.0;S
09.305.994/0001-29;2021-06-30;1;AZUL S.A.;24112;DF Individual - Demonstração das Mutações do Patrimônio Líquido;REAL;MIL;ÚLTIMO;2021-01-01;2021-06-30;Patrimônio Líquido;5.06.01;Constituição de Reservas;0.0;S
09.305.994/0001-29;2021-06-30;1;AZUL S.A.;24112;DF Individual - Demonstração das Mutações do Patrimônio Líquido;REAL;MIL;PENÚLTIMO;2020-01-01;2020-06-30;Capital Social Integralizado;5.06.02;Realização da Reserva Reavaliação;0.0;S
09.305.994/0001-29;2021-06-30;1;AZUL S.A.;24112;DF Individual - Demonstração das Mutações do Patrimônio Líquido;REAL;MIL;ÚLTIMO;2021-01-01;2021-06-30;Capital Social Integralizado;5.06.02;Realização da Reserva Reavaliação;0.0;S
09.305.994/0001-29;2021-06-30;1;AZUL S.A.;24112;DF Individual - Demonstração das Mutações do Patrimônio Líquido;REAL;MIL;PENÚLTIMO;2020-01-01;2020-06-30;Reservas de Capital, Opções Outorgadas e Ações em Tesouraria;5.06.02;Realização da Reserva Reavaliação;0.0;S
09.305.994/0001-29;2021-06-30;1;AZUL S.A.;24112;DF Individual - Demonstração das Mutações do Patrimônio Líquido;REAL;MIL;ÚLTIMO;2021-01-01;2021-06-30;Reservas de Capital, Opções Outorgadas e Ações em Tesouraria;5.06.02;Realização da Reserva Reavaliação;0.0;S
09.305.994/0001-29;2021-06-30;1;AZUL S.A.;24112;DF Individual - Demonstração das Mutações do Patrimônio Líquido;REAL;MIL;PENÚLTIMO;2020-01-01;2020-06-30;Reservas de Lucro;5.06.02;Realização da Reserva Reavaliação;0.0;S
09.305.994/0001-29;2021-06-30;1;AZUL S.A.;24112;DF Individual - Demonstração das Mutações do Patrimônio Líquido;REAL;MIL;ÚLTIMO;2021-01-01;2021-06-30;Reservas de Lucro;5.06.02;Realização da Reserva Reavaliação;0.0;S
09.305.994/0001-29;2021-06-30;1;AZUL S.A.;24112;DF Individual - Demonstração das Mutações do Patrimônio Líquido;REAL;MIL;PENÚLTIMO;2020-01-01;2020-06-30;Lucros ou Prejuízos Acumulados;5.06.02;Realização da Reserva Reavaliação;0.0;S
09.305.994/0001-29;2021-06-30;1;AZUL S.A.;24112;DF Individual - Demonstração das Mutações do Patrimônio Líquido;REAL;MIL;ÚLTIMO;2021-01-01;2021-06-30;Lucros ou Prejuízos Acumulados;5.06.02;Realização da Reserva Reavaliação;0.0;S
09.305.994/0001-29;2021-06-30;1;AZUL S.A.;24112;DF Individual - Demonstração das Mutações do Patrimônio Líquido;REAL;MIL;PENÚLTIMO;2020-01-01;2020-06-30;Outros Resultados Abrangentes;5.06.02;Realização da Reserva Reavaliação;0.0;S
09.305.994/0001-29;2021-06-30;1;AZUL S.A.;24112;DF Individual - Demonstração das Mutações do Patrimônio Líquido;REAL;MIL;ÚLTIMO;2021-01-01;2021-06-30;Outros Resultados Abrangentes;5.06.02;Realização da Reserva Reavaliação;0.0;S
09.305.994/0001-29;2021-06-30;1;AZUL S.A.;24112;DF Individual - Demonstração das Mutações do Patrimônio Líquido;REAL;MIL;PENÚLTIMO;2020-01-01;2020-06-30;Patrimônio Líquido;5.06.02;Realização da Reserva Reavaliação;0.0;S
09.305.994/0001-29;2021-06-30;1;AZUL S.A.;24112;DF Individual - Demonstração das Mutações do Patrimônio Líquido;REAL;MIL;ÚLTIMO;2021-01-01;2021-06-30;Patrimônio Líquido;5.06.02;Realização da Reserva Reavaliação;0.0;S
09.305.994/0001-29;2021-06-30;1;AZUL S.A.;24112;DF Individual - Demonstração das Mutações do Patrimônio Líquido;REAL;MIL;PENÚLTIMO;2020-01-01;2020-06-30;Capital Social Integralizado;5.06.03;Tributos sobre a Realização da Reserva de Reavaliação;0.0;S
09.305.994/0001-29;2021-06-30;1;AZUL S.A.;24112;DF Individual - Demonstração das Mutações do Patrimônio Líquido;REAL;MIL;ÚLTIMO;2021-01-01;2021-06-30;Capital Social Integralizado;5.06.03;Tributos sobre a Realização da Reserva de Reavaliação;0.0;S
09.305.994/0001-29;2021-06-30;1;AZUL S.A.;24112;DF Individual - Demonstração das Mutações do Patrimônio Líquido;REAL;MIL;PENÚLTIMO;2020-01-01;2020-06-30;Reservas de Capital, Opções Outorgadas e Ações em Tesouraria;5.06.03;Tributos sobre a Realização da Reserva de Reavaliação;0.0;S
09.305.994/0001-29;2021-06-30;1;AZUL S.A.;24112;DF Individual - Demonstração das Mutações do Patrimônio Líquido;REAL;MIL;ÚLTIMO;2021-01-01;2021-06-30;Reservas de Capital, Opções Outorgadas e Ações em Tesouraria;5.06.03;Tributos sobre a Realização da Reserva de Reavaliação;0.0;S
09.305.994/0001-29;2021-06-30;1;AZUL S.A.;24112;DF Individual - Demonstração das Mutações do Patrimônio Líquido;REAL;MIL;PENÚLTIMO;2020-01-01;2020-06-30;Reservas de Lucro;5.06.03;Tributos sobre a Realização da Reserva de Reavaliação;0.0;S
09.305.994/0001-29;2021-06-30;1;AZUL S.A.;24112;DF Individual - Demonstração das Mutações do Patrimônio Líquido;REAL;MIL;ÚLTIMO;2021-01-01;2021-06-30;Reservas de Lucro;5.06.03;Tributos sobre a Realização da Reserva de Reavaliação;0.0;S
09.305.994/0001-29;2021-06-30;1;AZUL S.A.;24112;DF Individual - Demonstração das Mutações do Patrimônio Líquido;REAL;MIL;PENÚLTIMO;2020-01-01;2020-06-30;Lucros ou Prejuízos Acumulados;5.06.03;Tributos sobre a Realização da Reserva de Reavaliação;0.0;S
09.305.994/0001-29;2021-06-30;1;AZUL S.A.;24112;DF Individual - Demonstração das Mutações do Patrimônio Líquido;REAL;MIL;ÚLTIMO;2021-01-01;2021-06-30;Lucros ou Prejuízos Acumulados;5.06.03;Tributos sobre a Realização da Reserva de Reavaliação;0.0;S
09.305.994/0001-29;2021-06-30;1;AZUL S.A.;24112;DF Individual - Demonstração das Mutações do Patrimônio Líquido;REAL;MIL;PENÚLTIMO;2020-01-01;2020-06-30;Outros Resultados Abrangentes;5.06.03;Tributos sobre a Realização da Reserva de Reavaliação;0.0;S
09.305.994/0001-29;2021-06-30;1;AZUL S.A.;24112;DF Individual - Demonstração das Mutações do Patrimônio Líquido;REAL;MIL;ÚLTIMO;2021-01-01;2021-06-30;Outros Resultados Abrangentes;5.06.03;Tributos sobre a Realização da Reserva de Reavaliação;0.0;S
09.305.994/0001-29;2021-06-30;1;AZUL S.A.;24112;DF Individual - Demonstração das Mutações do Patrimônio Líquido;REAL;MIL;PENÚLTIMO;2020-01-01;2020-06-30;Patrimônio Líquido;5.06.03;Tributos sobre a Realização da Reserva de Reavaliação;0.0;S
09.305.994/0001-29;2021-06-30;1;AZUL S.A.;24112;DF Individual - Demonstração das Mutações do Patrimônio Líquido;REAL;MIL;ÚLTIMO;2021-01-01;2021-06-30;Patrimônio Líquido;5.06.03;Tributos sobre a Realização da Reserva de Reavaliação;0.0;S
09.305.994/0001-29;2021-06-30;1;AZUL S.A.;24112;DF Individual - Demonstração das Mutações do Patrimônio Líquido;REAL;MIL;PENÚLTIMO;2020-01-01;2020-06-30;Capital Social Integralizado;5.07;Saldos Finais;2245075.0;S
09.305.994/0001-29;2021-06-30;1;AZUL S.A.;24112;DF Individual - Demonstração das Mutações do Patrimônio Líquido;REAL;MIL;ÚLTIMO;2021-01-01;2021-06-30;Capital Social Integralizado;5.07;Saldos Finais;2290336.0;S
09.305.994/0001-29;2021-06-30;1;AZUL S.A.;24112;DF Individual - Demonstração das Mutações do Patrimônio Líquido;REAL;MIL;PENÚLTIMO;2020-01-01;2020-06-30;Reservas de Capital, Opções Outorgadas e Ações em Tesouraria;5.07;Saldos Finais;1922159.0;S
09.305.994/0001-29;2021-06-30;1;AZUL S.A.;24112;DF Individual - Demonstração das Mutações do Patrimônio Líquido;REAL;MIL;ÚLTIMO;2021-01-01;2021-06-30;Reservas de Capital, Opções Outorgadas e Ações em Tesouraria;5.07;Saldos Finais;1942136.0;S
09.305.994/0001-29;2021-06-30;1;AZUL S.A.;24112;DF Individual - Demonstração das Mutações do Patrimônio Líquido;REAL;MIL;PENÚLTIMO;2020-01-01;2020-06-30;Reservas de Lucro;5.07;Saldos Finais;0.0;S
09.305.994/0001-29;2021-06-30;1;AZUL S.A.;24112;DF Individual - Demonstração das Mutações do Patrimônio Líquido;REAL;MIL;ÚLTIMO;2021-01-01;2021-06-30;Reservas de Lucro;5.07;Saldos Finais;0.0;S
09.305.994/0001-29;2021-06-30;1;AZUL S.A.;24112;DF Individual - Demonstração das Mutações do Patrimônio Líquido;REAL;MIL;PENÚLTIMO;2020-01-01;2020-06-30;Lucros ou Prejuízos Acumulados;5.07;Saldos Finais;-16807430.0;S
09.305.994/0001-29;2021-06-30;1;AZUL S.A.;24112;DF Individual - Demonstração das Mutações do Patrimônio Líquido;REAL;MIL;ÚLTIMO;2021-01-01;2021-06-30;Lucros ou Prejuízos Acumulados;5.07;Saldos Finais;-19975677.0;S
09.305.994/0001-29;2021-06-30;1;AZUL S.A.;24112;DF Individual - Demonstração das Mutações do Patrimônio Líquido;REAL;MIL;PENÚLTIMO;2020-01-01;2020-06-30;Outros Resultados Abrangentes;5.07;Saldos Finais;-8047.0;S
09.305.994/0001-29;2021-06-30;1;AZUL S.A.;24112;DF Individual - Demonstração das Mutações do Patrimônio Líquido;REAL;MIL;ÚLTIMO;2021-01-01;2021-06-30;Outros Resultados Abrangentes;5.07;Saldos Finais;655.0;S
09.305.994/0001-29;2021-06-30;1;AZUL S.A.;24112;DF Individual - Demonstração das Mutações do Patrimônio Líquido;REAL;MIL;PENÚLTIMO;2020-01-01;2020-06-30;Patrimônio Líquido;5.07;Saldos Finais;-12648243.0;S
09.305.994/0001-29;2021-06-30;1;AZUL S.A.;24112;DF Individual - Demonstração das Mutações do Patrimônio Líquido;REAL;MIL;ÚLTIMO;2021-01-01;2021-06-30;Patrimônio Líquido;5.07;Saldos Finais;-15742550.0;S
09.305.994/0001-29;2021-09-30;1;AZUL S.A.;24112;DF Individual - Demonstração das Mutações do Patrimônio Líquido;REAL;MIL;PENÚLTIMO;2020-01-01;2020-09-30;Capital Social Integralizado;5.01;Saldos Iniciais;2243215.0;S
09.305.994/0001-29;2021-09-30;1;AZUL S.A.;24112;DF Individual - Demonstração das Mutações do Patrimônio Líquido;REAL;MIL;ÚLTIMO;2021-01-01;2021-09-30;Capital Social Integralizado;5.01;Saldos Iniciais;2266992.0;S
09.305.994/0001-29;2021-09-30;1;AZUL S.A.;24112;DF Individual - Demonstração das Mutações do Patrimônio Líquido;REAL;MIL;PENÚLTIMO;2020-01-01;2020-09-30;Reservas de Capital, Opções Outorgadas e Ações em Tesouraria;5.01;Saldos Iniciais;1913265.0;S
09.305.994/0001-29;2021-09-30;1;AZUL S.A.;24112;DF Individual - Demonstração das Mutações do Patrimônio Líquido;REAL;MIL;ÚLTIMO;2021-01-01;2021-09-30;Reservas de Capital, Opções Outorgadas e Ações em Tesouraria;5.01;Saldos Iniciais;1934705.0;S
09.305.994/0001-29;2021-09-30;1;AZUL S.A.;24112;DF Individual - Demonstração das Mutações do Patrimônio Líquido;REAL;MIL;PENÚLTIMO;2020-01-01;2020-09-30;Reservas de Lucro;5.01;Saldos Iniciais;0.0;S
09.305.994/0001-29;2021-09-30;1;AZUL S.A.;24112;DF Individual - Demonstração das Mutações do Patrimônio Líquido;REAL;MIL;ÚLTIMO;2021-01-01;2021-09-30;Reservas de Lucro;5.01;Saldos Iniciais;0.0;S
09.305.994/0001-29;2021-09-30;1;AZUL S.A.;24112;DF Individual - Demonstração das Mutações do Patrimônio Líquido;REAL;MIL;PENÚLTIMO;2020-01-01;2020-09-30;Lucros ou Prejuízos Acumulados;5.01;Saldos Iniciais;-7516393.0;S
09.305.994/0001-29;2021-09-30;1;AZUL S.A.;24112;DF Individual - Demonstração das Mutações do Patrimônio Líquido;REAL;MIL;ÚLTIMO;2021-01-01;2021-09-30;Lucros ou Prejuízos Acumulados;5.01;Saldos Iniciais;-18351102.0;S
09.305.994/0001-29;2021-09-30;1;AZUL S.A.;24112;DF Individual - Demonstração das Mutações do Patrimônio Líquido;REAL;MIL;PENÚLTIMO;2020-01-01;2020-09-30;Outros Resultados Abrangentes;5.01;Saldos Iniciais;-159261.0;S
09.305.994/0001-29;2021-09-30;1;AZUL S.A.;24112;DF Individual - Demonstração das Mutações do Patrimônio Líquido;REAL;MIL;ÚLTIMO;2021-01-01;2021-09-30;Outros Resultados Abrangentes;5.01;Saldos Iniciais;655.0;S
09.305.994/0001-29;2021-09-30;1;AZUL S.A.;24112;DF Individual - Demonstração das Mutações do Patrimônio Líquido;REAL;MIL;PENÚLTIMO;2020-01-01;2020-09-30;Patrimônio Líquido;5.01;Saldos Iniciais;-3519174.0;S
09.305.994/0001-29;2021-09-30;1;AZUL S.A.;24112;DF Individual - Demonstração das Mutações do Patrimônio Líquido;REAL;MIL;ÚLTIMO;2021-01-01;2021-09-30;Patrimônio Líquido;5.01;Saldos Iniciais;-14148750.0;S
09.305.994/0001-29;2021-09-30;1;AZUL S.A.;24112;DF Individual - Demonstração das Mutações do Patrimônio Líquido;REAL;MIL;PENÚLTIMO;2020-01-01;2020-09-30;Capital Social Integralizado;5.02;Ajustes de Exercícios Anteriores;0.0;S
09.305.994/0001-29;2021-09-30;1;AZUL S.A.;24112;DF Individual - Demonstração das Mutações do Patrimônio Líquido;REAL;MIL;ÚLTIMO;2021-01-01;2021-09-30;Capital Social Integralizado;5.02;Ajustes de Exercícios Anteriores;0.0;S
09.305.994/0001-29;2021-09-30;1;AZUL S.A.;24112;DF Individual - Demonstração das Mutações do Patrimônio Líquido;REAL;MIL;PENÚLTIMO;2020-01-01;2020-09-30;Reservas de Capital, Opções Outorgadas e Ações em Tesouraria;5.02;Ajustes de Exercícios Anteriores;0.0;S
09.305.994/0001-29;2021-09-30;1;AZUL S.A.;24112;DF Individual - Demonstração das Mutações do Patrimônio Líquido;REAL;MIL;ÚLTIMO;2021-01-01;2021-09-30;Reservas de Capital, Opções Outorgadas e Ações em Tesouraria;5.02;Ajustes de Exercícios Anteriores;0.0;S
09.305.994/0001-29;2021-09-30;1;AZUL S.A.;24112;DF Individual - Demonstração das Mutações do Patrimônio Líquido;REAL;MIL;PENÚLTIMO;2020-01-01;2020-09-30;Reservas de Lucro;5.02;Ajustes de Exercícios Anteriores;0.0;S
09.305.994/0001-29;2021-09-30;1;AZUL S.A.;24112;DF Individual - Demonstração das Mutações do Patrimônio Líquido;REAL;MIL;ÚLTIMO;2021-01-01;2021-09-30;Reservas de Lucro;5.02;Ajustes de Exercícios Anteriores;0.0;S
09.305.994/0001-29;2021-09-30;1;AZUL S.A.;24112;DF Individual - Demonstração das Mutações do Patrimônio Líquido;REAL;MIL;PENÚLTIMO;2020-01-01;2020-09-30;Lucros ou Prejuízos Acumulados;5.02;Ajustes de Exercícios Anteriores;0.0;S
09.305.994/0001-29;2021-09-30;1;AZUL S.A.;24112;DF Individual - Demonstração das Mutações do Patrimônio Líquido;REAL;MIL;ÚLTIMO;2021-01-01;2021-09-30;Lucros ou Prejuízos Acumulados;5.02;Ajustes de Exercícios Anteriores;0.0;S
09.305.994/0001-29;2021-09-30;1;AZUL S.A.;24112;DF Individual - Demonstração das Mutações do Patrimônio Líquido;REAL;MIL;PENÚLTIMO;2020-01-01;2020-09-30;Outros Resultados Abrangentes;5.02;Ajustes de Exercícios Anteriores;0.0;S
09.305.994/0001-29;2021-09-30;1;AZUL S.A.;24112;DF Individual - Demonstração das Mutações do Patrimônio Líquido;REAL;MIL;ÚLTIMO;2021-01-01;2021-09-30;Outros Resultados Abrangentes;5.02;Ajustes de Exercícios Anteriores;0.0;S
09.305.994/0001-29;2021-09-30;1;AZUL S.A.;24112;DF Individual - Demonstração das Mutações do Patrimônio Líquido;REAL;MIL;PENÚLTIMO;2020-01-01;2020-09-30;Patrimônio Líquido;5.02;Ajustes de Exercícios Anteriores;0.0;S
09.305.994/0001-29;2021-09-30;1;AZUL S.A.;24112;DF Individual - Demonstração das Mutações do Patrimônio Líquido;REAL;MIL;ÚLTIMO;2021-01-01;2021-09-30;Patrimônio Líquido;5.02;Ajustes de Exercícios Anteriores;0.0;S
09.305.994/0001-29;2021-09-30;1;AZUL S.A.;24112;DF Individual - Demonstração das Mutações do Patrimônio Líquido;REAL;MIL;PENÚLTIMO;2020-01-01;2020-09-30;Capital Social Integralizado;5.03;Saldos Iniciais Ajustados;2243215.0;S
09.305.994/0001-29;2021-09-30;1;AZUL S.A.;24112;DF Individual - Demonstração das Mutações do Patrimônio Líquido;REAL;MIL;ÚLTIMO;2021-01-01;2021-09-30;Capital Social Integralizado;5.03;Saldos Iniciais Ajustados;2266992.0;S
09.305.994/0001-29;2021-09-30;1;AZUL S.A.;24112;DF Individual - Demonstração das Mutações do Patrimônio Líquido;REAL;MIL;PENÚLTIMO;2020-01-01;2020-09-30;Reservas de Capital, Opções Outorgadas e Ações em Tesouraria;5.03;Saldos Iniciais Ajustados;1913265.0;S
09.305.994/0001-29;2021-09-30;1;AZUL S.A.;24112;DF Individual - Demonstração das Mutações do Patrimônio Líquido;REAL;MIL;ÚLTIMO;2021-01-01;2021-09-30;Reservas de Capital, Opções Outorgadas e Ações em Tesouraria;5.03;Saldos Iniciais Ajustados;1934705.0;S
09.305.994/0001-29;2021-09-30;1;AZUL S.A.;24112;DF Individual - Demonstração das Mutações do Patrimônio Líquido;REAL;MIL;PENÚLTIMO;2020-01-01;2020-09-30;Reservas de Lucro;5.03;Saldos Iniciais Ajustados;0.0;S
09.305.994/0001-29;2021-09-30;1;AZUL S.A.;24112;DF Individual - Demonstração das Mutações do Patrimônio Líquido;REAL;MIL;ÚLTIMO;2021-01-01;2021-09-30;Reservas de Lucro;5.03;Saldos Iniciais Ajustados;0.0;S
09.305.994/0001-29;2021-09-30;1;AZUL S.A.;24112;DF Individual - Demonstração das Mutações do Patrimônio Líquido;REAL;MIL;PENÚLTIMO;2020-01-01;2020-09-30;Lucros ou Prejuízos Acumulados;5.03;Saldos Iniciais Ajustados;-7516393.0;S
09.305.994/0001-29;2021-09-30;1;AZUL S.A.;24112;DF Individual - Demonstração das Mutações do Patrimônio Líquido;REAL;MIL;ÚLTIMO;2021-01-01;2021-09-30;Lucros ou Prejuízos Acumulados;5.03;Saldos Iniciais Ajustados;-18351102.0;S
09.305.994/0001-29;2021-09-30;1;AZUL S.A.;24112;DF Individual - Demonstração das Mutações do Patrimônio Líquido;REAL;MIL;PENÚLTIMO;2020-01-01;2020-09-30;Outros Resultados Abrangentes;5.03;Saldos Iniciais Ajustados;-159261.0;S
09.305.994/0001-29;2021-09-30;1;AZUL S.A.;24112;DF Individual - Demonstração das Mutações do Patrimônio Líquido;REAL;MIL;ÚLTIMO;2021-01-01;2021-09-30;Outros Resultados Abrangentes;5.03;Saldos Iniciais Ajustados;655.0;S
09.305.994/0001-29;2021-09-30;1;AZUL S.A.;24112;DF Individual - Demonstração das Mutações do Patrimônio Líquido;REAL;MIL;PENÚLTIMO;2020-01-01;2020-09-30;Patrimônio Líquido;5.03;Saldos Iniciais Ajustados;-3519174.0;S
09.305.994/0001-29;2021-09-30;1;AZUL S.A.;24112;DF Individual - Demonstração das Mutações do Patrimônio Líquido;REAL;MIL;ÚLTIMO;2021-01-01;2021-09-30;Patrimônio Líquido;5.03;Saldos Iniciais Ajustados;-14148750.0;S
09.305.994/0001-29;2021-09-30;1;AZUL S.A.;24112;DF Individual - Demonstração das Mutações do Patrimônio Líquido;REAL;MIL;PENÚLTIMO;2020-01-01;2020-09-30;Capital Social Integralizado;5.04;Transações de Capital com os Sócios;3152.0;S
09.305.994/0001-29;2021-09-30;1;AZUL S.A.;24112;DF Individual - Demonstração das Mutações do Patrimônio Líquido;REAL;MIL;ÚLTIMO;2021-01-01;2021-09-30;Capital Social Integralizado;5.04;Transações de Capital com os Sócios;23884.0;S
09.305.994/0001-29;2021-09-30;1;AZUL S.A.;24112;DF Individual - Demonstração das Mutações do Patrimônio Líquido;REAL;MIL;PENÚLTIMO;2020-01-01;2020-09-30;Reservas de Capital, Opções Outorgadas e Ações em Tesouraria;5.04;Transações de Capital com os Sócios;14505.0;S
09.305.994/0001-29;2021-09-30;1;AZUL S.A.;24112;DF Individual - Demonstração das Mutações do Patrimônio Líquido;REAL;MIL;ÚLTIMO;2021-01-01;2021-09-30;Reservas de Capital, Opções Outorgadas e Ações em Tesouraria;5.04;Transações de Capital com os Sócios;-197.0;S
09.305.994/0001-29;2021-09-30;1;AZUL S.A.;24112;DF Individual - Demonstração das Mutações do Patrimônio Líquido;REAL;MIL;PENÚLTIMO;2020-01-01;2020-09-30;Reservas de Lucro;5.04;Transações de Capital com os Sócios;0.0;S
09.305.994/0001-29;2021-09-30;1;AZUL S.A.;24112;DF Individual - Demonstração das Mutações do Patrimônio Líquido;REAL;MIL;ÚLTIMO;2021-01-01;2021-09-30;Reservas de Lucro;5.04;Transações de Capital com os Sócios;0.0;S
09.305.994/0001-29;2021-09-30;1;AZUL S.A.;24112;DF Individual - Demonstração das Mutações do Patrimônio Líquido;REAL;MIL;PENÚLTIMO;2020-01-01;2020-09-30;Lucros ou Prejuízos Acumulados;5.04;Transações de Capital com os Sócios;0.0;S
09.305.994/0001-29;2021-09-30;1;AZUL S.A.;24112;DF Individual - Demonstração das Mutações do Patrimônio Líquido;REAL;MIL;ÚLTIMO;2021-01-01;2021-09-30;Lucros ou Prejuízos Acumulados;5.04;Transações de Capital com os Sócios;0.0;S
09.305.994/0001-29;2021-09-30;1;AZUL S.A.;24112;DF Individual - Demonstração das Mutações do Patrimônio Líquido;REAL;MIL;PENÚLTIMO;2020-01-01;2020-09-30;Outros Resultados Abrangentes;5.04;Transações de Capital com os Sócios;0.0;S
09.305.994/0001-29;2021-09-30;1;AZUL S.A.;24112;DF Individual - Demonstração das Mutações do Patrimônio Líquido;REAL;MIL;ÚLTIMO;2021-01-01;2021-09-30;Outros Resultados Abrangentes;5.04;Transações de Capital com os Sócios;0.0;S
09.305.994/0001-29;2021-09-30;1;AZUL S.A.;24112;DF Individual - Demonstração das Mutações do Patrimônio Líquido;REAL;MIL;PENÚLTIMO;2020-01-01;2020-09-30;Patrimônio Líquido;5.04;Transações de Capital com os Sócios;17657.0;S
09.305.994/0001-29;2021-09-30;1;AZUL S.A.;24112;DF Individual - Demonstração das Mutações do Patrimônio Líquido;REAL;MIL;ÚLTIMO;2021-01-01;2021-09-30;Patrimônio Líquido;5.04;Transações de Capital com os Sócios;23687.0;S
09.305.994/0001-29;2021-09-30;1;AZUL S.A.;24112;DF Individual - Demonstração das Mutações do Patrimônio Líquido;REAL;MIL;PENÚLTIMO;2020-01-01;2020-09-30;Capital Social Integralizado;5.04.01;Aumentos de Capital;3152.0;S
09.305.994/0001-29;2021-09-30;1;AZUL S.A.;24112;DF Individual - Demonstração das Mutações do Patrimônio Líquido;REAL;MIL;ÚLTIMO;2021-01-01;2021-09-30;Capital Social Integralizado;5.04.01;Aumentos de Capital;43970.0;S
09.305.994/0001-29;2021-09-30;1;AZUL S.A.;24112;DF Individual - Demonstração das Mutações do Patrimônio Líquido;REAL;MIL;PENÚLTIMO;2020-01-01;2020-09-30;Reservas de Capital, Opções Outorgadas e Ações em Tesouraria;5.04.01;Aumentos de Capital;0.0;S
09.305.994/0001-29;2021-09-30;1;AZUL S.A.;24112;DF Individual - Demonstração das Mutações do Patrimônio Líquido;REAL;MIL;ÚLTIMO;2021-01-01;2021-09-30;Reservas de Capital, Opções Outorgadas e Ações em Tesouraria;5.04.01;Aumentos de Capital;0.0;S
09.305.994/0001-29;2021-09-30;1;AZUL S.A.;24112;DF Individual - Demonstração das Mutações do Patrimônio Líquido;REAL;MIL;PENÚLTIMO;2020-01-01;2020-09-30;Reservas de Lucro;5.04.01;Aumentos de Capital;0.0;S
09.305.994/0001-29;2021-09-30;1;AZUL S.A.;24112;DF Individual - Demonstração das Mutações do Patrimônio Líquido;REAL;MIL;ÚLTIMO;2021-01-01;2021-09-30;Reservas de Lucro;5.04.01;Aumentos de Capital;0.0;S
09.305.994/0001-29;2021-09-30;1;AZUL S.A.;24112;DF Individual - Demonstração das Mutações do Patrimônio Líquido;REAL;MIL;PENÚLTIMO;2020-01-01;2020-09-30;Lucros ou Prejuízos Acumulados;5.04.01;Aumentos de Capital;0.0;S
09.305.994/0001-29;2021-09-30;1;AZUL S.A.;24112;DF Individual - Demonstração das Mutações do Patrimônio Líquido;REAL;MIL;ÚLTIMO;2021-01-01;2021-09-30;Lucros ou Prejuízos Acumulados;5.04.01;Aumentos de Capital;0.0;S
09.305.994/0001-29;2021-09-30;1;AZUL S.A.;24112;DF Individual - Demonstração das Mutações do Patrimônio Líquido;REAL;MIL;PENÚLTIMO;2020-01-01;2020-09-30;Outros Resultados Abrangentes;5.04.01;Aumentos de Capital;0.0;S
09.305.994/0001-29;2021-09-30;1;AZUL S.A.;24112;DF Individual - Demonstração das Mutações do Patrimônio Líquido;REAL;MIL;ÚLTIMO;2021-01-01;2021-09-30;Outros Resultados Abrangentes;5.04.01;Aumentos de Capital;0.0;S
09.305.994/0001-29;2021-09-30;1;AZUL S.A.;24112;DF Individual - Demonstração das Mutações do Patrimônio Líquido;REAL;MIL;PENÚLTIMO;2020-01-01;2020-09-30;Patrimônio Líquido;5.04.01;Aumentos de Capital;3152.0;S
09.305.994/0001-29;2021-09-30;1;AZUL S.A.;24112;DF Individual - Demonstração das Mutações do Patrimônio Líquido;REAL;MIL;ÚLTIMO;2021-01-01;2021-09-30;Patrimônio Líquido;5.04.01;Aumentos de Capital;43970.0;S
09.305.994/0001-29;2021-09-30;1;AZUL S.A.;24112;DF Individual - Demonstração das Mutações do Patrimônio Líquido;REAL;MIL;PENÚLTIMO;2020-01-01;2020-09-30;Capital Social Integralizado;5.04.02;Gastos com Emissão de Ações;0.0;S
09.305.994/0001-29;2021-09-30;1;AZUL S.A.;24112;DF Individual - Demonstração das Mutações do Patrimônio Líquido;REAL;MIL;ÚLTIMO;2021-01-01;2021-09-30;Capital Social Integralizado;5.04.02;Gastos com Emissão de Ações;0.0;S
09.305.994/0001-29;2021-09-30;1;AZUL S.A.;24112;DF Individual - Demonstração das Mutações do Patrimônio Líquido;REAL;MIL;PENÚLTIMO;2020-01-01;2020-09-30;Reservas de Capital, Opções Outorgadas e Ações em Tesouraria;5.04.02;Gastos com Emissão de Ações;0.0;S
09.305.994/0001-29;2021-09-30;1;AZUL S.A.;24112;DF Individual - Demonstração das Mutações do Patrimônio Líquido;REAL;MIL;ÚLTIMO;2021-01-01;2021-09-30;Reservas de Capital, Opções Outorgadas e Ações em Tesouraria;5.04.02;Gastos com Emissão de Ações;0.0;S
09.305.994/0001-29;2021-09-30;1;AZUL S.A.;24112;DF Individual - Demonstração das Mutações do Patrimônio Líquido;REAL;MIL;PENÚLTIMO;2020-01-01;2020-09-30;Reservas de Lucro;5.04.02;Gastos com Emissão de Ações;0.0;S
09.305.994/0001-29;2021-09-30;1;AZUL S.A.;24112;DF Individual - Demonstração das Mutações do Patrimônio Líquido;REAL;MIL;ÚLTIMO;2021-01-01;2021-09-30;Reservas de Lucro;5.04.02;Gastos com Emissão de Ações;0.0;S
09.305.994/0001-29;2021-09-30;1;AZUL S.A.;24112;DF Individual - Demonstração das Mutações do Patrimônio Líquido;REAL;MIL;PENÚLTIMO;2020-01-01;2020-09-30;Lucros ou Prejuízos Acumulados;5.04.02;Gastos com Emissão de Ações;0.0;S
09.305.994/0001-29;2021-09-30;1;AZUL S.A.;24112;DF Individual - Demonstração das Mutações do Patrimônio Líquido;REAL;MIL;ÚLTIMO;2021-01-01;2021-09-30;Lucros ou Prejuízos Acumulados;5.04.02;Gastos com Emissão de Ações;0.0;S
09.305.994/0001-29;2021-09-30;1;AZUL S.A.;24112;DF Individual - Demonstração das Mutações do Patrimônio Líquido;REAL;MIL;PENÚLTIMO;2020-01-01;2020-09-30;Outros Resultados Abrangentes;5.04.02;Gastos com Emissão de Ações;0.0;S
09.305.994/0001-29;2021-09-30;1;AZUL S.A.;24112;DF Individual - Demonstração das Mutações do Patrimônio Líquido;REAL;MIL;ÚLTIMO;2021-01-01;2021-09-30;Outros Resultados Abrangentes;5.04.02;Gastos com Emissão de Ações;0.0;S
09.305.994/0001-29;2021-09-30;1;AZUL S.A.;24112;DF Individual - Demonstração das Mutações do Patrimônio Líquido;REAL;MIL;PENÚLTIMO;2020-01-01;2020-09-30;Patrimônio Líquido;5.04.02;Gastos com Emissão de Ações;0.0;S
09.305.994/0001-29;2021-09-30;1;AZUL S.A.;24112;DF Individual - Demonstração das Mutações do Patrimônio Líquido;REAL;MIL;ÚLTIMO;2021-01-01;2021-09-30;Patrimônio Líquido;5.04.02;Gastos com Emissão de Ações;0.0;S
09.305.994/0001-29;2021-09-30;1;AZUL S.A.;24112;DF Individual - Demonstração das Mutações do Patrimônio Líquido;REAL;MIL;PENÚLTIMO;2020-01-01;2020-09-30;Capital Social Integralizado;5.04.03;Opções Outorgadas Reconhecidas;0.0;S
09.305.994/0001-29;2021-09-30;1;AZUL S.A.;24112;DF Individual - Demonstração das Mutações do Patrimônio Líquido;REAL;MIL;ÚLTIMO;2021-01-01;2021-09-30;Capital Social Integralizado;5.04.03;Opções Outorgadas Reconhecidas;0.0;S
09.305.994/0001-29;2021-09-30;1;AZUL S.A.;24112;DF Individual - Demonstração das Mutações do Patrimônio Líquido;REAL;MIL;PENÚLTIMO;2020-01-01;2020-09-30;Reservas de Capital, Opções Outorgadas e Ações em Tesouraria;5.04.03;Opções Outorgadas Reconhecidas;12122.0;S
09.305.994/0001-29;2021-09-30;1;AZUL S.A.;24112;DF Individual - Demonstração das Mutações do Patrimônio Líquido;REAL;MIL;ÚLTIMO;2021-01-01;2021-09-30;Reservas de Capital, Opções Outorgadas e Ações em Tesouraria;5.04.03;Opções Outorgadas Reconhecidas;-6787.0;S
09.305.994/0001-29;2021-09-30;1;AZUL S.A.;24112;DF Individual - Demonstração das Mutações do Patrimônio Líquido;REAL;MIL;PENÚLTIMO;2020-01-01;2020-09-30;Reservas de Lucro;5.04.03;Opções Outorgadas Reconhecidas;0.0;S
09.305.994/0001-29;2021-09-30;1;AZUL S.A.;24112;DF Individual - Demonstração das Mutações do Patrimônio Líquido;REAL;MIL;ÚLTIMO;2021-01-01;2021-09-30;Reservas de Lucro;5.04.03;Opções Outorgadas Reconhecidas;0.0;S
09.305.994/0001-29;2021-09-30;1;AZUL S.A.;24112;DF Individual - Demonstração das Mutações do Patrimônio Líquido;REAL;MIL;PENÚLTIMO;2020-01-01;2020-09-30;Lucros ou Prejuízos Acumulados;5.04.03;Opções Outorgadas Reconhecidas;0.0;S
09.305.994/0001-29;2021-09-30;1;AZUL S.A.;24112;DF Individual - Demonstração das Mutações do Patrimônio Líquido;REAL;MIL;ÚLTIMO;2021-01-01;2021-09-30;Lucros ou Prejuízos Acumulados;5.04.03;Opções Outorgadas Reconhecidas;0.0;S
09.305.994/0001-29;2021-09-30;1;AZUL S.A.;24112;DF Individual - Demonstração das Mutações do Patrimônio Líquido;REAL;MIL;PENÚLTIMO;2020-01-01;2020-09-30;Outros Resultados Abrangentes;5.04.03;Opções Outorgadas Reconhecidas;0.0;S
09.305.994/0001-29;2021-09-30;1;AZUL S.A.;24112;DF Individual - Demonstração das Mutações do Patrimônio Líquido;REAL;MIL;ÚLTIMO;2021-01-01;2021-09-30;Outros Resultados Abrangentes;5.04.03;Opções Outorgadas Reconhecidas;0.0;S
09.305.994/0001-29;2021-09-30;1;AZUL S.A.;24112;DF Individual - Demonstração das Mutações do Patrimônio Líquido;REAL;MIL;PENÚLTIMO;2020-01-01;2020-09-30;Patrimônio Líquido;5.04.03;Opções Outorgadas Reconhecidas;12122.0;S
09.305.994/0001-29;2021-09-30;1;AZUL S.A.;24112;DF Individual - Demonstração das Mutações do Patrimônio Líquido;REAL;MIL;ÚLTIMO;2021-01-01;2021-09-30;Patrimônio Líquido;5.04.03;Opções Outorgadas Reconhecidas;-6787.0;S
09.305.994/0001-29;2021-09-30;1;AZUL S.A.;24112;DF Individual - Demonstração das Mutações do Patrimônio Líquido;REAL;MIL;PENÚLTIMO;2020-01-01;2020-09-30;Capital Social Integralizado;5.04.04;Ações em Tesouraria Adquiridas;0.0;S
09.305.994/0001-29;2021-09-30;1;AZUL S.A.;24112;DF Individual - Demonstração das Mutações do Patrimônio Líquido;REAL;MIL;ÚLTIMO;2021-01-01;2021-09-30;Capital Social Integralizado;5.04.04;Ações em Tesouraria Adquiridas;0.0;S
09.305.994/0001-29;2021-09-30;1;AZUL S.A.;24112;DF Individual - Demonstração das Mutações do Patrimônio Líquido;REAL;MIL;PENÚLTIMO;2020-01-01;2020-09-30;Reservas de Capital, Opções Outorgadas e Ações em Tesouraria;5.04.04;Ações em Tesouraria Adquiridas;0.0;S
09.305.994/0001-29;2021-09-30;1;AZUL S.A.;24112;DF Individual - Demonstração das Mutações do Patrimônio Líquido;REAL;MIL;ÚLTIMO;2021-01-01;2021-09-30;Reservas de Capital, Opções Outorgadas e Ações em Tesouraria;5.04.04;Ações em Tesouraria Adquiridas;6590.0;S
09.305.994/0001-29;2021-09-30;1;AZUL S.A.;24112;DF Individual - Demonstração das Mutações do Patrimônio Líquido;REAL;MIL;PENÚLTIMO;2020-01-01;2020-09-30;Reservas de Lucro;5.04.04;Ações em Tesouraria Adquiridas;0.0;S
09.305.994/0001-29;2021-09-30;1;AZUL S.A.;24112;DF Individual - Demonstração das Mutações do Patrimônio Líquido;REAL;MIL;ÚLTIMO;2021-01-01;2021-09-30;Reservas de Lucro;5.04.04;Ações em Tesouraria Adquiridas;0.0;S
09.305.994/0001-29;2021-09-30;1;AZUL S.A.;24112;DF Individual - Demonstração das Mutações do Patrimônio Líquido;REAL;MIL;PENÚLTIMO;2020-01-01;2020-09-30;Lucros ou Prejuízos Acumulados;5.04.04;Ações em Tesouraria Adquiridas;0.0;S
09.305.994/0001-29;2021-09-30;1;AZUL S.A.;24112;DF Individual - Demonstração das Mutações do Patrimônio Líquido;REAL;MIL;ÚLTIMO;2021-01-01;2021-09-30;Lucros ou Prejuízos Acumulados;5.04.04;Ações em Tesouraria Adquiridas;0.0;S
09.305.994/0001-29;2021-09-30;1;AZUL S.A.;24112;DF Individual - Demonstração das Mutações do Patrimônio Líquido;REAL;MIL;PENÚLTIMO;2020-01-01;2020-09-30;Outros Resultados Abrangentes;5.04.04;Ações em Tesouraria Adquiridas;0.0;S
09.305.994/0001-29;2021-09-30;1;AZUL S.A.;24112;DF Individual - Demonstração das Mutações do Patrimônio Líquido;REAL;MIL;ÚLTIMO;2021-01-01;2021-09-30;Outros Resultados Abrangentes;5.04.04;Ações em Tesouraria Adquiridas;0.0;S
09.305.994/0001-29;2021-09-30;1;AZUL S.A.;24112;DF Individual - Demonstração das Mutações do Patrimônio Líquido;REAL;MIL;PENÚLTIMO;2020-01-01;2020-09-30;Patrimônio Líquido;5.04.04;Ações em Tesouraria Adquiridas;0.0;S
09.305.994/0001-29;2021-09-30;1;AZUL S.A.;24112;DF Individual - Demonstração das Mutações do Patrimônio Líquido;REAL;MIL;ÚLTIMO;2021-01-01;2021-09-30;Patrimônio Líquido;5.04.04;Ações em Tesouraria Adquiridas;30474.0;S
09.305.994/0001-29;2021-09-30;1;AZUL S.A.;24112;DF Individual - Demonstração das Mutações do Patrimônio Líquido;REAL;MIL;PENÚLTIMO;2020-01-01;2020-09-30;Capital Social Integralizado;5.04.05;Ações em Tesouraria Vendidas;0.0;S
09.305.994/0001-29;2021-09-30;1;AZUL S.A.;24112;DF Individual - Demonstração das Mutações do Patrimônio Líquido;REAL;MIL;ÚLTIMO;2021-01-01;2021-09-30;Capital Social Integralizado;5.04.05;Ações em Tesouraria Vendidas;0.0;S
09.305.994/0001-29;2021-09-30;1;AZUL S.A.;24112;DF Individual - Demonstração das Mutações do Patrimônio Líquido;REAL;MIL;PENÚLTIMO;2020-01-01;2020-09-30;Reservas de Capital, Opções Outorgadas e Ações em Tesouraria;5.04.05;Ações em Tesouraria Vendidas;2383.0;S
09.305.994/0001-29;2021-09-30;1;AZUL S.A.;24112;DF Individual - Demonstração das Mutações do Patrimônio Líquido;REAL;MIL;ÚLTIMO;2021-01-01;2021-09-30;Reservas de Capital, Opções Outorgadas e Ações em Tesouraria;5.04.05;Ações em Tesouraria Vendidas;0.0;S
09.305.994/0001-29;2021-09-30;1;AZUL S.A.;24112;DF Individual - Demonstração das Mutações do Patrimônio Líquido;REAL;MIL;PENÚLTIMO;2020-01-01;2020-09-30;Reservas de Lucro;5.04.05;Ações em Tesouraria Vendidas;0.0;S
09.305.994/0001-29;2021-09-30;1;AZUL S.A.;24112;DF Individual - Demonstração das Mutações do Patrimônio Líquido;REAL;MIL;ÚLTIMO;2021-01-01;2021-09-30;Reservas de Lucro;5.04.05;Ações em Tesouraria Vendidas;0.0;S
09.305.994/0001-29;2021-09-30;1;AZUL S.A.;24112;DF Individual - Demonstração das Mutações do Patrimônio Líquido;REAL;MIL;PENÚLTIMO;2020-01-01;2020-09-30;Lucros ou Prejuízos Acumulados;5.04.05;Ações em Tesouraria Vendidas;0.0;S
09.305.994/0001-29;2021-09-30;1;AZUL S.A.;24112;DF Individual - Demonstração das Mutações do Patrimônio Líquido;REAL;MIL;ÚLTIMO;2021-01-01;2021-09-30;Lucros ou Prejuízos Acumulados;5.04.05;Ações em Tesouraria Vendidas;0.0;S
09.305.994/0001-29;2021-09-30;1;AZUL S.A.;24112;DF Individual - Demonstração das Mutações do Patrimônio Líquido;REAL;MIL;PENÚLTIMO;2020-01-01;2020-09-30;Outros Resultados Abrangentes;5.04.05;Ações em Tesouraria Vendidas;0.0;S
09.305.994/0001-29;2021-09-30;1;AZUL S.A.;24112;DF Individual - Demonstração das Mutações do Patrimônio Líquido;REAL;MIL;ÚLTIMO;2021-01-01;2021-09-30;Outros Resultados Abrangentes;5.04.05;Ações em Tesouraria Vendidas;0.0;S
09.305.994/0001-29;2021-09-30;1;AZUL S.A.;24112;DF Individual - Demonstração das Mutações do Patrimônio Líquido;REAL;MIL;PENÚLTIMO;2020-01-01;2020-09-30;Patrimônio Líquido;5.04.05;Ações em Tesouraria Vendidas;2383.0;S
09.305.994/0001-29;2021-09-30;1;AZUL S.A.;24112;DF Individual - Demonstração das Mutações do Patrimônio Líquido;REAL;MIL;ÚLTIMO;2021-01-01;2021-09-30;Patrimônio Líquido;5.04.05;Ações em Tesouraria Vendidas;0.0;S
09.305.994/0001-29;2021-09-30;1;AZUL S.A.;24112;DF Individual - Demonstração das Mutações do Patrimônio Líquido;REAL;MIL;PENÚLTIMO;2020-01-01;2020-09-30;Capital Social Integralizado;5.04.06;Dividendos;0.0;S
09.305.994/0001-29;2021-09-30;1;AZUL S.A.;24112;DF Individual - Demonstração das Mutações do Patrimônio Líquido;REAL;MIL;ÚLTIMO;2021-01-01;2021-09-30;Capital Social Integralizado;5.04.06;Dividendos;0.0;S
09.305.994/0001-29;2021-09-30;1;AZUL S.A.;24112;DF Individual - Demonstração das Mutações do Patrimônio Líquido;REAL;MIL;PENÚLTIMO;2020-01-01;2020-09-30;Reservas de Capital, Opções Outorgadas e Ações em Tesouraria;5.04.06;Dividendos;0.0;S
09.305.994/0001-29;2021-09-30;1;AZUL S.A.;24112;DF Individual - Demonstração das Mutações do Patrimônio Líquido;REAL;MIL;ÚLTIMO;2021-01-01;2021-09-30;Reservas de Capital, Opções Outorgadas e Ações em Tesouraria;5.04.06;Dividendos;0.0;S
09.305.994/0001-29;2021-09-30;1;AZUL S.A.;24112;DF Individual - Demonstração das Mutações do Patrimônio Líquido;REAL;MIL;PENÚLTIMO;2020-01-01;2020-09-30;Reservas de Lucro;5.04.06;Dividendos;0.0;S
09.305.994/0001-29;2021-09-30;1;AZUL S.A.;24112;DF Individual - Demonstração das Mutações do Patrimônio Líquido;REAL;MIL;ÚLTIMO;2021-01-01;2021-09-30;Reservas de Lucro;5.04.06;Dividendos;0.0;S
09.305.994/0001-29;2021-09-30;1;AZUL S.A.;24112;DF Individual - Demonstração das Mutações do Patrimônio Líquido;REAL;MIL;PENÚLTIMO;2020-01-01;2020-09-30;Lucros ou Prejuízos Acumulados;5.04.06;Dividendos;0.0;S
09.305.994/0001-29;2021-09-30;1;AZUL S.A.;24112;DF Individual - Demonstração das Mutações do Patrimônio Líquido;REAL;MIL;ÚLTIMO;2021-01-01;2021-09-30;Lucros ou Prejuízos Acumulados;5.04.06;Dividendos;0.0;S
09.305.994/0001-29;2021-09-30;1;AZUL S.A.;24112;DF Individual - Demonstração das Mutações do Patrimônio Líquido;REAL;MIL;PENÚLTIMO;2020-01-01;2020-09-30;Outros Resultados Abrangentes;5.04.06;Dividendos;0.0;S
09.305.994/0001-29;2021-09-30;1;AZUL S.A.;24112;DF Individual - Demonstração das Mutações do Patrimônio Líquido;REAL;MIL;ÚLTIMO;2021-01-01;2021-09-30;Outros Resultados Abrangentes;5.04.06;Dividendos;0.0;S
09.305.994/0001-29;2021-09-30;1;AZUL S.A.;24112;DF Individual - Demonstração das Mutações do Patrimônio Líquido;REAL;MIL;PENÚLTIMO;2020-01-01;2020-09-30;Patrimônio Líquido;5.04.06;Dividendos;0.0;S
09.305.994/0001-29;2021-09-30;1;AZUL S.A.;24112;DF Individual - Demonstração das Mutações do Patrimônio Líquido;REAL;MIL;ÚLTIMO;2021-01-01;2021-09-30;Patrimônio Líquido;5.04.06;Dividendos;0.0;S
09.305.994/0001-29;2021-09-30;1;AZUL S.A.;24112;DF Individual - Demonstração das Mutações do Patrimônio Líquido;REAL;MIL;PENÚLTIMO;2020-01-01;2020-09-30;Capital Social Integralizado;5.04.07;Juros sobre Capital Próprio;0.0;S
09.305.994/0001-29;2021-09-30;1;AZUL S.A.;24112;DF Individual - Demonstração das Mutações do Patrimônio Líquido;REAL;MIL;ÚLTIMO;2021-01-01;2021-09-30;Capital Social Integralizado;5.04.07;Juros sobre Capital Próprio;0.0;S
09.305.994/0001-29;2021-09-30;1;AZUL S.A.;24112;DF Individual - Demonstração das Mutações do Patrimônio Líquido;REAL;MIL;PENÚLTIMO;2020-01-01;2020-09-30;Reservas de Capital, Opções Outorgadas e Ações em Tesouraria;5.04.07;Juros sobre Capital Próprio;0.0;S
09.305.994/0001-29;2021-09-30;1;AZUL S.A.;24112;DF Individual - Demonstração das Mutações do Patrimônio Líquido;REAL;MIL;ÚLTIMO;2021-01-01;2021-09-30;Reservas de Capital, Opções Outorgadas e Ações em Tesouraria;5.04.07;Juros sobre Capital Próprio;0.0;S
09.305.994/0001-29;2021-09-30;1;AZUL S.A.;24112;DF Individual - Demonstração das Mutações do Patrimônio Líquido;REAL;MIL;PENÚLTIMO;2020-01-01;2020-09-30;Reservas de Lucro;5.04.07;Juros sobre Capital Próprio;0.0;S
09.305.994/0001-29;2021-09-30;1;AZUL S.A.;24112;DF Individual - Demonstração das Mutações do Patrimônio Líquido;REAL;MIL;ÚLTIMO;2021-01-01;2021-09-30;Reservas de Lucro;5.04.07;Juros sobre Capital Próprio;0.0;S
09.305.994/0001-29;2021-09-30;1;AZUL S.A.;24112;DF Individual - Demonstração das Mutações do Patrimônio Líquido;REAL;MIL;PENÚLTIMO;2020-01-01;2020-09-30;Lucros ou Prejuízos Acumulados;5.04.07;Juros sobre Capital Próprio;0.0;S
09.305.994/0001-29;2021-09-30;1;AZUL S.A.;24112;DF Individual - Demonstração das Mutações do Patrimônio Líquido;REAL;MIL;ÚLTIMO;2021-01-01;2021-09-30;Lucros ou Prejuízos Acumulados;5.04.07;Juros sobre Capital Próprio;0.0;S
09.305.994/0001-29;2021-09-30;1;AZUL S.A.;24112;DF Individual - Demonstração das Mutações do Patrimônio Líquido;REAL;MIL;PENÚLTIMO;2020-01-01;2020-09-30;Outros Resultados Abrangentes;5.04.07;Juros sobre Capital Próprio;0.0;S
09.305.994/0001-29;2021-09-30;1;AZUL S.A.;24112;DF Individual - Demonstração das Mutações do Patrimônio Líquido;REAL;MIL;ÚLTIMO;2021-01-01;2021-09-30;Outros Resultados Abrangentes;5.04.07;Juros sobre Capital Próprio;0.0;S
09.305.994/0001-29;2021-09-30;1;AZUL S.A.;24112;DF Individual - Demonstração das Mutações do Patrimônio Líquido;REAL;MIL;PENÚLTIMO;2020-01-01;2020-09-30;Patrimônio Líquido;5.04.07;Juros sobre Capital Próprio;0.0;S
09.305.994/0001-29;2021-09-30;1;AZUL S.A.;24112;DF Individual - Demonstração das Mutações do Patrimônio Líquido;REAL;MIL;ÚLTIMO;2021-01-01;2021-09-30;Patrimônio Líquido;5.04.07;Juros sobre Capital Próprio;0.0;S
09.305.994/0001-29;2021-09-30;1;AZUL S.A.;24112;DF Individual - Demonstração das Mutações do Patrimônio Líquido;REAL;MIL;ÚLTIMO;2021-01-01;2021-09-30;Capital Social Integralizado;5.04.08;Adiantamento para futuro aumento de capital;-20086.0;N
09.305.994/0001-29;2021-09-30;1;AZUL S.A.;24112;DF Individual - Demonstração das Mutações do Patrimônio Líquido;REAL;MIL;ÚLTIMO;2021-01-01;2021-09-30;Reservas de Capital, Opções Outorgadas e Ações em Tesouraria;5.04.08;Adiantamento para futuro aumento de capital;0.0;N
09.305.994/0001-29;2021-09-30;1;AZUL S.A.;24112;DF Individual - Demonstração das Mutações do Patrimônio Líquido;REAL;MIL;ÚLTIMO;2021-01-01;2021-09-30;Reservas de Lucro;5.04.08;Adiantamento para futuro aumento de capital;0.0;N
09.305.994/0001-29;2021-09-30;1;AZUL S.A.;24112;DF Individual - Demonstração das Mutações do Patrimônio Líquido;REAL;MIL;ÚLTIMO;2021-01-01;2021-09-30;Lucros ou Prejuízos Acumulados;5.04.08;Adiantamento para futuro aumento de capital;0.0;N
09.305.994/0001-29;2021-09-30;1;AZUL S.A.;24112;DF Individual - Demonstração das Mutações do Patrimônio Líquido;REAL;MIL;ÚLTIMO;2021-01-01;2021-09-30;Outros Resultados Abrangentes;5.04.08;Adiantamento para futuro aumento de capital;0.0;N
09.305.994/0001-29;2021-09-30;1;AZUL S.A.;24112;DF Individual - Demonstração das Mutações do Patrimônio Líquido;REAL;MIL;ÚLTIMO;2021-01-01;2021-09-30;Patrimônio Líquido;5.04.08;Adiantamento para futuro aumento de capital;-43970.0;N
09.305.994/0001-29;2021-09-30;1;AZUL S.A.;24112;DF Individual - Demonstração das Mutações do Patrimônio Líquido;REAL;MIL;PENÚLTIMO;2020-01-01;2020-09-30;Capital Social Integralizado;5.05;Resultado Abrangente Total;0.0;S
09.305.994/0001-29;2021-09-30;1;AZUL S.A.;24112;DF Individual - Demonstração das Mutações do Patrimônio Líquido;REAL;MIL;ÚLTIMO;2021-01-01;2021-09-30;Capital Social Integralizado;5.05;Resultado Abrangente Total;0.0;S
09.305.994/0001-29;2021-09-30;1;AZUL S.A.;24112;DF Individual - Demonstração das Mutações do Patrimônio Líquido;REAL;MIL;PENÚLTIMO;2020-01-01;2020-09-30;Reservas de Capital, Opções Outorgadas e Ações em Tesouraria;5.05;Resultado Abrangente Total;0.0;S
09.305.994/0001-29;2021-09-30;1;AZUL S.A.;24112;DF Individual - Demonstração das Mutações do Patrimônio Líquido;REAL;MIL;ÚLTIMO;2021-01-01;2021-09-30;Reservas de Capital, Opções Outorgadas e Ações em Tesouraria;5.05;Resultado Abrangente Total;0.0;S
09.305.994/0001-29;2021-09-30;1;AZUL S.A.;24112;DF Individual - Demonstração das Mutações do Patrimônio Líquido;REAL;MIL;PENÚLTIMO;2020-01-01;2020-09-30;Reservas de Lucro;5.05;Resultado Abrangente Total;0.0;S
09.305.994/0001-29;2021-09-30;1;AZUL S.A.;24112;DF Individual - Demonstração das Mutações do Patrimônio Líquido;REAL;MIL;ÚLTIMO;2021-01-01;2021-09-30;Reservas de Lucro;5.05;Resultado Abrangente Total;0.0;S
09.305.994/0001-29;2021-09-30;1;AZUL S.A.;24112;DF Individual - Demonstração das Mutações do Patrimônio Líquido;REAL;MIL;PENÚLTIMO;2020-01-01;2020-09-30;Lucros ou Prejuízos Acumulados;5.05;Resultado Abrangente Total;-10517318.0;S
09.305.994/0001-29;2021-09-30;1;AZUL S.A.;24112;DF Individual - Demonstração das Mutações do Patrimônio Líquido;REAL;MIL;ÚLTIMO;2021-01-01;2021-09-30;Lucros ou Prejuízos Acumulados;5.05;Resultado Abrangente Total;-3820871.0;S
09.305.994/0001-29;2021-09-30;1;AZUL S.A.;24112;DF Individual - Demonstração das Mutações do Patrimônio Líquido;REAL;MIL;PENÚLTIMO;2020-01-01;2020-09-30;Outros Resultados Abrangentes;5.05;Resultado Abrangente Total;152464.0;S
09.305.994/0001-29;2021-09-30;1;AZUL S.A.;24112;DF Individual - Demonstração das Mutações do Patrimônio Líquido;REAL;MIL;ÚLTIMO;2021-01-01;2021-09-30;Outros Resultados Abrangentes;5.05;Resultado Abrangente Total;0.0;S
09.305.994/0001-29;2021-09-30;1;AZUL S.A.;24112;DF Individual - Demonstração das Mutações do Patrimônio Líquido;REAL;MIL;PENÚLTIMO;2020-01-01;2020-09-30;Patrimônio Líquido;5.05;Resultado Abrangente Total;-10364854.0;S
09.305.994/0001-29;2021-09-30;1;AZUL S.A.;24112;DF Individual - Demonstração das Mutações do Patrimônio Líquido;REAL;MIL;ÚLTIMO;2021-01-01;2021-09-30;Patrimônio Líquido;5.05;Resultado Abrangente Total;-3820871.0;S
09.305.994/0001-29;2021-09-30;1;AZUL S.A.;24112;DF Individual - Demonstração das Mutações do Patrimônio Líquido;REAL;MIL;PENÚLTIMO;2020-01-01;2020-09-30;Capital Social Integralizado;5.05.01;Lucro Líquido do Período;0.0;S
09.305.994/0001-29;2021-09-30;1;AZUL S.A.;24112;DF Individual - Demonstração das Mutações do Patrimônio Líquido;REAL;MIL;ÚLTIMO;2021-01-01;2021-09-30;Capital Social Integralizado;5.05.01;Lucro Líquido do Período;0.0;S
09.305.994/0001-29;2021-09-30;1;AZUL S.A.;24112;DF Individual - Demonstração das Mutações do Patrimônio Líquido;REAL;MIL;PENÚLTIMO;2020-01-01;2020-09-30;Reservas de Capital, Opções Outorgadas e Ações em Tesouraria;5.05.01;Lucro Líquido do Período;0.0;S
09.305.994/0001-29;2021-09-30;1;AZUL S.A.;24112;DF Individual - Demonstração das Mutações do Patrimônio Líquido;REAL;MIL;ÚLTIMO;2021-01-01;2021-09-30;Reservas de Capital, Opções Outorgadas e Ações em Tesouraria;5.05.01;Lucro Líquido do Período;0.0;S
09.305.994/0001-29;2021-09-30;1;AZUL S.A.;24112;DF Individual - Demonstração das Mutações do Patrimônio Líquido;REAL;MIL;PENÚLTIMO;2020-01-01;2020-09-30;Reservas de Lucro;5.05.01;Lucro Líquido do Período;0.0;S
09.305.994/0001-29;2021-09-30;1;AZUL S.A.;24112;DF Individual - Demonstração das Mutações do Patrimônio Líquido;REAL;MIL;ÚLTIMO;2021-01-01;2021-09-30;Reservas de Lucro;5.05.01;Lucro Líquido do Período;0.0;S
09.305.994/0001-29;2021-09-30;1;AZUL S.A.;24112;DF Individual - Demonstração das Mutações do Patrimônio Líquido;REAL;MIL;PENÚLTIMO;2020-01-01;2020-09-30;Lucros ou Prejuízos Acumulados;5.05.01;Lucro Líquido do Período;-10517318.0;S
09.305.994/0001-29;2021-09-30;1;AZUL S.A.;24112;DF Individual - Demonstração das Mutações do Patrimônio Líquido;REAL;MIL;ÚLTIMO;2021-01-01;2021-09-30;Lucros ou Prejuízos Acumulados;5.05.01;Lucro Líquido do Período;0.0;S
09.305.994/0001-29;2021-09-30;1;AZUL S.A.;24112;DF Individual - Demonstração das Mutações do Patrimônio Líquido;REAL;MIL;PENÚLTIMO;2020-01-01;2020-09-30;Outros Resultados Abrangentes;5.05.01;Lucro Líquido do Período;0.0;S
09.305.994/0001-29;2021-09-30;1;AZUL S.A.;24112;DF Individual - Demonstração das Mutações do Patrimônio Líquido;REAL;MIL;ÚLTIMO;2021-01-01;2021-09-30;Outros Resultados Abrangentes;5.05.01;Lucro Líquido do Período;0.0;S
09.305.994/0001-29;2021-09-30;1;AZUL S.A.;24112;DF Individual - Demonstração das Mutações do Patrimônio Líquido;REAL;MIL;PENÚLTIMO;2020-01-01;2020-09-30;Patrimônio Líquido;5.05.01;Lucro Líquido do Período;-10517318.0;S
09.305.994/0001-29;2021-09-30;1;AZUL S.A.;24112;DF Individual - Demonstração das Mutações do Patrimônio Líquido;REAL;MIL;ÚLTIMO;2021-01-01;2021-09-30;Patrimônio Líquido;5.05.01;Lucro Líquido do Período;0.0;S
09.305.994/0001-29;2021-09-30;1;AZUL S.A.;24112;DF Individual - Demonstração das Mutações do Patrimônio Líquido;REAL;MIL;PENÚLTIMO;2020-01-01;2020-09-30;Capital Social Integralizado;5.05.02;Outros Resultados Abrangentes;0.0;S
09.305.994/0001-29;2021-09-30;1;AZUL S.A.;24112;DF Individual - Demonstração das Mutações do Patrimônio Líquido;REAL;MIL;ÚLTIMO;2021-01-01;2021-09-30;Capital Social Integralizado;5.05.02;Outros Resultados Abrangentes;0.0;S
09.305.994/0001-29;2021-09-30;1;AZUL S.A.;24112;DF Individual - Demonstração das Mutações do Patrimônio Líquido;REAL;MIL;PENÚLTIMO;2020-01-01;2020-09-30;Reservas de Capital, Opções Outorgadas e Ações em Tesouraria;5.05.02;Outros Resultados Abrangentes;0.0;S
09.305.994/0001-29;2021-09-30;1;AZUL S.A.;24112;DF Individual - Demonstração das Mutações do Patrimônio Líquido;REAL;MIL;ÚLTIMO;2021-01-01;2021-09-30;Reservas de Capital, Opções Outorgadas e Ações em Tesouraria;5.05.02;Outros Resultados Abrangentes;0.0;S
09.305.994/0001-29;2021-09-30;1;AZUL S.A.;24112;DF Individual - Demonstração das Mutações do Patrimônio Líquido;REAL;MIL;PENÚLTIMO;2020-01-01;2020-09-30;Reservas de Lucro;5.05.02;Outros Resultados Abrangentes;0.0;S
09.305.994/0001-29;2021-09-30;1;AZUL S.A.;24112;DF Individual - Demonstração das Mutações do Patrimônio Líquido;REAL;MIL;ÚLTIMO;2021-01-01;2021-09-30;Reservas de Lucro;5.05.02;Outros Resultados Abrangentes;0.0;S
09.305.994/0001-29;2021-09-30;1;AZUL S.A.;24112;DF Individual - Demonstração das Mutações do Patrimônio Líquido;REAL;MIL;PENÚLTIMO;2020-01-01;2020-09-30;Lucros ou Prejuízos Acumulados;5.05.02;Outros Resultados Abrangentes;0.0;S
09.305.994/0001-29;2021-09-30;1;AZUL S.A.;24112;DF Individual - Demonstração das Mutações do Patrimônio Líquido;REAL;MIL;ÚLTIMO;2021-01-01;2021-09-30;Lucros ou Prejuízos Acumulados;5.05.02;Outros Resultados Abrangentes;0.0;S
09.305.994/0001-29;2021-09-30;1;AZUL S.A.;24112;DF Individual - Demonstração das Mutações do Patrimônio Líquido;REAL;MIL;PENÚLTIMO;2020-01-01;2020-09-30;Outros Resultados Abrangentes;5.05.02;Outros Resultados Abrangentes;152464.0;S
09.305.994/0001-29;2021-09-30;1;AZUL S.A.;24112;DF Individual - Demonstração das Mutações do Patrimônio Líquido;REAL;MIL;ÚLTIMO;2021-01-01;2021-09-30;Outros Resultados Abrangentes;5.05.02;Outros Resultados Abrangentes;0.0;S
09.305.994/0001-29;2021-09-30;1;AZUL S.A.;24112;DF Individual - Demonstração das Mutações do Patrimônio Líquido;REAL;MIL;PENÚLTIMO;2020-01-01;2020-09-30;Patrimônio Líquido;5.05.02;Outros Resultados Abrangentes;152464.0;S
09.305.994/0001-29;2021-09-30;1;AZUL S.A.;24112;DF Individual - Demonstração das Mutações do Patrimônio Líquido;REAL;MIL;ÚLTIMO;2021-01-01;2021-09-30;Patrimônio Líquido;5.05.02;Outros Resultados Abrangentes;0.0;S
09.305.994/0001-29;2021-09-30;1;AZUL S.A.;24112;DF Individual - Demonstração das Mutações do Patrimônio Líquido;REAL;MIL;PENÚLTIMO;2020-01-01;2020-09-30;Capital Social Integralizado;5.05.02.01;Ajustes de Instrumentos Financeiros;0.0;S
09.305.994/0001-29;2021-09-30;1;AZUL S.A.;24112;DF Individual - Demonstração das Mutações do Patrimônio Líquido;REAL;MIL;ÚLTIMO;2021-01-01;2021-09-30;Capital Social Integralizado;5.05.02.01;Ajustes de Instrumentos Financeiros;0.0;S
09.305.994/0001-29;2021-09-30;1;AZUL S.A.;24112;DF Individual - Demonstração das Mutações do Patrimônio Líquido;REAL;MIL;PENÚLTIMO;2020-01-01;2020-09-30;Reservas de Capital, Opções Outorgadas e Ações em Tesouraria;5.05.02.01;Ajustes de Instrumentos Financeiros;0.0;S
09.305.994/0001-29;2021-09-30;1;AZUL S.A.;24112;DF Individual - Demonstração das Mutações do Patrimônio Líquido;REAL;MIL;ÚLTIMO;2021-01-01;2021-09-30;Reservas de Capital, Opções Outorgadas e Ações em Tesouraria;5.05.02.01;Ajustes de Instrumentos Financeiros;0.0;S
09.305.994/0001-29;2021-09-30;1;AZUL S.A.;24112;DF Individual - Demonstração das Mutações do Patrimônio Líquido;REAL;MIL;PENÚLTIMO;2020-01-01;2020-09-30;Reservas de Lucro;5.05.02.01;Ajustes de Instrumentos Financeiros;0.0;S
09.305.994/0001-29;2021-09-30;1;AZUL S.A.;24112;DF Individual - Demonstração das Mutações do Patrimônio Líquido;REAL;MIL;ÚLTIMO;2021-01-01;2021-09-30;Reservas de Lucro;5.05.02.01;Ajustes de Instrumentos Financeiros;0.0;S
09.305.994/0001-29;2021-09-30;1;AZUL S.A.;24112;DF Individual - Demonstração das Mutações do Patrimônio Líquido;REAL;MIL;PENÚLTIMO;2020-01-01;2020-09-30;Lucros ou Prejuízos Acumulados;5.05.02.01;Ajustes de Instrumentos Financeiros;0.0;S
09.305.994/0001-29;2021-09-30;1;AZUL S.A.;24112;DF Individual - Demonstração das Mutações do Patrimônio Líquido;REAL;MIL;ÚLTIMO;2021-01-01;2021-09-30;Lucros ou Prejuízos Acumulados;5.05.02.01;Ajustes de Instrumentos Financeiros;0.0;S
09.305.994/0001-29;2021-09-30;1;AZUL S.A.;24112;DF Individual - Demonstração das Mutações do Patrimônio Líquido;REAL;MIL;PENÚLTIMO;2020-01-01;2020-09-30;Outros Resultados Abrangentes;5.05.02.01;Ajustes de Instrumentos Financeiros;152464.0;S
09.305.994/0001-29;2021-09-30;1;AZUL S.A.;24112;DF Individual - Demonstração das Mutações do Patrimônio Líquido;REAL;MIL;ÚLTIMO;2021-01-01;2021-09-30;Outros Resultados Abrangentes;5.05.02.01;Ajustes de Instrumentos Financeiros;0.0;S
09.305.994/0001-29;2021-09-30;1;AZUL S.A.;24112;DF Individual - Demonstração das Mutações do Patrimônio Líquido;REAL;MIL;PENÚLTIMO;2020-01-01;2020-09-30;Patrimônio Líquido;5.05.02.01;Ajustes de Instrumentos Financeiros;152464.0;S
09.305.994/0001-29;2021-09-30;1;AZUL S.A.;24112;DF Individual - Demonstração das Mutações do Patrimônio Líquido;REAL;MIL;ÚLTIMO;2021-01-01;2021-09-30;Patrimônio Líquido;5.05.02.01;Ajustes de Instrumentos Financeiros;0.0;S
09.305.994/0001-29;2021-09-30;1;AZUL S.A.;24112;DF Individual - Demonstração das Mutações do Patrimônio Líquido;REAL;MIL;PENÚLTIMO;2020-01-01;2020-09-30;Capital Social Integralizado;5.05.02.02;Tributos s/ Ajustes Instrumentos Financeiros;0.0;S
09.305.994/0001-29;2021-09-30;1;AZUL S.A.;24112;DF Individual - Demonstração das Mutações do Patrimônio Líquido;REAL;MIL;ÚLTIMO;2021-01-01;2021-09-30;Capital Social Integralizado;5.05.02.02;Tributos s/ Ajustes Instrumentos Financeiros;0.0;S
09.305.994/0001-29;2021-09-30;1;AZUL S.A.;24112;DF Individual - Demonstração das Mutações do Patrimônio Líquido;REAL;MIL;PENÚLTIMO;2020-01-01;2020-09-30;Reservas de Capital, Opções Outorgadas e Ações em Tesouraria;5.05.02.02;Tributos s/ Ajustes Instrumentos Financeiros;0.0;S
09.305.994/0001-29;2021-09-30;1;AZUL S.A.;24112;DF Individual - Demonstração das Mutações do Patrimônio Líquido;REAL;MIL;ÚLTIMO;2021-01-01;2021-09-30;Reservas de Capital, Opções Outorgadas e Ações em Tesouraria;5.05.02.02;Tributos s/ Ajustes Instrumentos Financeiros;0.0;S
09.305.994/0001-29;2021-09-30;1;AZUL S.A.;24112;DF Individual - Demonstração das Mutações do Patrimônio Líquido;REAL;MIL;PENÚLTIMO;2020-01-01;2020-09-30;Reservas de Lucro;5.05.02.02;Tributos s/ Ajustes Instrumentos Financeiros;0.0;S
09.305.994/0001-29;2021-09-30;1;AZUL S.A.;24112;DF Individual - Demonstração das Mutações do Patrimônio Líquido;REAL;MIL;ÚLTIMO;2021-01-01;2021-09-30;Reservas de Lucro;5.05.02.02;Tributos s/ Ajustes Instrumentos Financeiros;0.0;S
09.305.994/0001-29;2021-09-30;1;AZUL S.A.;24112;DF Individual - Demonstração das Mutações do Patrimônio Líquido;REAL;MIL;PENÚLTIMO;2020-01-01;2020-09-30;Lucros ou Prejuízos Acumulados;5.05.02.02;Tributos s/ Ajustes Instrumentos Financeiros;0.0;S
09.305.994/0001-29;2021-09-30;1;AZUL S.A.;24112;DF Individual - Demonstração das Mutações do Patrimônio Líquido;REAL;MIL;ÚLTIMO;2021-01-01;2021-09-30;Lucros ou Prejuízos Acumulados;5.05.02.02;Tributos s/ Ajustes Instrumentos Financeiros;0.0;S
09.305.994/0001-29;2021-09-30;1;AZUL S.A.;24112;DF Individual - Demonstração das Mutações do Patrimônio Líquido;REAL;MIL;PENÚLTIMO;2020-01-01;2020-09-30;Outros Resultados Abrangentes;5.05.02.02;Tributos s/ Ajustes Instrumentos Financeiros;0.0;S
09.305.994/0001-29;2021-09-30;1;AZUL S.A.;24112;DF Individual - Demonstração das Mutações do Patrimônio Líquido;REAL;MIL;ÚLTIMO;2021-01-01;2021-09-30;Outros Resultados Abrangentes;5.05.02.02;Tributos s/ Ajustes Instrumentos Financeiros;0.0;S
09.305.994/0001-29;2021-09-30;1;AZUL S.A.;24112;DF Individual - Demonstração das Mutações do Patrimônio Líquido;REAL;MIL;PENÚLTIMO;2020-01-01;2020-09-30;Patrimônio Líquido;5.05.02.02;Tributos s/ Ajustes Instrumentos Financeiros;0.0;S
09.305.994/0001-29;2021-09-30;1;AZUL S.A.;24112;DF Individual - Demonstração das Mutações do Patrimônio Líquido;REAL;MIL;ÚLTIMO;2021-01-01;2021-09-30;Patrimônio Líquido;5.05.02.02;Tributos s/ Ajustes Instrumentos Financeiros;0.0;S
09.305.994/0001-29;2021-09-30;1;AZUL S.A.;24112;DF Individual - Demonstração das Mutações do Patrimônio Líquido;REAL;MIL;PENÚLTIMO;2020-01-01;2020-09-30;Capital Social Integralizado;5.05.02.03;Equiv. Patrim. s/Result. Abrang. Controladas e Coligadas;0.0;S
09.305.994/0001-29;2021-09-30;1;AZUL S.A.;24112;DF Individual - Demonstração das Mutações do Patrimônio Líquido;REAL;MIL;ÚLTIMO;2021-01-01;2021-09-30;Capital Social Integralizado;5.05.02.03;Equiv. Patrim. s/Result. Abrang. Controladas e Coligadas;0.0;S
09.305.994/0001-29;2021-09-30;1;AZUL S.A.;24112;DF Individual - Demonstração das Mutações do Patrimônio Líquido;REAL;MIL;PENÚLTIMO;2020-01-01;2020-09-30;Reservas de Capital, Opções Outorgadas e Ações em Tesouraria;5.05.02.03;Equiv. Patrim. s/Result. Abrang. Controladas e Coligadas;0.0;S
09.305.994/0001-29;2021-09-30;1;AZUL S.A.;24112;DF Individual - Demonstração das Mutações do Patrimônio Líquido;REAL;MIL;ÚLTIMO;2021-01-01;2021-09-30;Reservas de Capital, Opções Outorgadas e Ações em Tesouraria;5.05.02.03;Equiv. Patrim. s/Result. Abrang. Controladas e Coligadas;0.0;S
09.305.994/0001-29;2021-09-30;1;AZUL S.A.;24112;DF Individual - Demonstração das Mutações do Patrimônio Líquido;REAL;MIL;PENÚLTIMO;2020-01-01;2020-09-30;Reservas de Lucro;5.05.02.03;Equiv. Patrim. s/Result. Abrang. Controladas e Coligadas;0.0;S
09.305.994/0001-29;2021-09-30;1;AZUL S.A.;24112;DF Individual - Demonstração das Mutações do Patrimônio Líquido;REAL;MIL;ÚLTIMO;2021-01-01;2021-09-30;Reservas de Lucro;5.05.02.03;Equiv. Patrim. s/Result. Abrang. Controladas e Coligadas;0.0;S
09.305.994/0001-29;2021-09-30;1;AZUL S.A.;24112;DF Individual - Demonstração das Mutações do Patrimônio Líquido;REAL;MIL;PENÚLTIMO;2020-01-01;2020-09-30;Lucros ou Prejuízos Acumulados;5.05.02.03;Equiv. Patrim. s/Result. Abrang. Controladas e Coligadas;0.0;S
09.305.994/0001-29;2021-09-30;1;AZUL S.A.;24112;DF Individual - Demonstração das Mutações do Patrimônio Líquido;REAL;MIL;ÚLTIMO;2021-01-01;2021-09-30;Lucros ou Prejuízos Acumulados;5.05.02.03;Equiv. Patrim. s/Result. Abrang. Controladas e Coligadas;0.0;S
09.305.994/0001-29;2021-09-30;1;AZUL S.A.;24112;DF Individual - Demonstração das Mutações do Patrimônio Líquido;REAL;MIL;PENÚLTIMO;2020-01-01;2020-09-30;Outros Resultados Abrangentes;5.05.02.03;Equiv. Patrim. s/Result. Abrang. Controladas e Coligadas;0.0;S
09.305.994/0001-29;2021-09-30;1;AZUL S.A.;24112;DF Individual - Demonstração das Mutações do Patrimônio Líquido;REAL;MIL;ÚLTIMO;2021-01-01;2021-09-30;Outros Resultados Abrangentes;5.05.02.03;Equiv. Patrim. s/Result. Abrang. Controladas e Coligadas;0.0;S
09.305.994/0001-29;2021-09-30;1;AZUL S.A.;24112;DF Individual - Demonstração das Mutações do Patrimônio Líquido;REAL;MIL;PENÚLTIMO;2020-01-01;2020-09-30;Patrimônio Líquido;5.05.02.03;Equiv. Patrim. s/Result. Abrang. Controladas e Coligadas;0.0;S
09.305.994/0001-29;2021-09-30;1;AZUL S.A.;24112;DF Individual - Demonstração das Mutações do Patrimônio Líquido;REAL;MIL;ÚLTIMO;2021-01-01;2021-09-30;Patrimônio Líquido;5.05.02.03;Equiv. Patrim. s/Result. Abrang. Controladas e Coligadas;0.0;S
09.305.994/0001-29;2021-09-30;1;AZUL S.A.;24112;DF Individual - Demonstração das Mutações do Patrimônio Líquido;REAL;MIL;PENÚLTIMO;2020-01-01;2020-09-30;Capital Social Integralizado;5.05.02.04;Ajustes de Conversão do Período;0.0;S
09.305.994/0001-29;2021-09-30;1;AZUL S.A.;24112;DF Individual - Demonstração das Mutações do Patrimônio Líquido;REAL;MIL;ÚLTIMO;2021-01-01;2021-09-30;Capital Social Integralizado;5.05.02.04;Ajustes de Conversão do Período;0.0;S
09.305.994/0001-29;2021-09-30;1;AZUL S.A.;24112;DF Individual - Demonstração das Mutações do Patrimônio Líquido;REAL;MIL;PENÚLTIMO;2020-01-01;2020-09-30;Reservas de Capital, Opções Outorgadas e Ações em Tesouraria;5.05.02.04;Ajustes de Conversão do Período;0.0;S
09.305.994/0001-29;2021-09-30;1;AZUL S.A.;24112;DF Individual - Demonstração das Mutações do Patrimônio Líquido;REAL;MIL;ÚLTIMO;2021-01-01;2021-09-30;Reservas de Capital, Opções Outorgadas e Ações em Tesouraria;5.05.02.04;Ajustes de Conversão do Período;0.0;S
09.305.994/0001-29;2021-09-30;1;AZUL S.A.;24112;DF Individual - Demonstração das Mutações do Patrimônio Líquido;REAL;MIL;PENÚLTIMO;2020-01-01;2020-09-30;Reservas de Lucro;5.05.02.04;Ajustes de Conversão do Período;0.0;S
09.305.994/0001-29;2021-09-30;1;AZUL S.A.;24112;DF Individual - Demonstração das Mutações do Patrimônio Líquido;REAL;MIL;ÚLTIMO;2021-01-01;2021-09-30;Reservas de Lucro;5.05.02.04;Ajustes de Conversão do Período;0.0;S
09.305.994/0001-29;2021-09-30;1;AZUL S.A.;24112;DF Individual - Demonstração das Mutações do Patrimônio Líquido;REAL;MIL;PENÚLTIMO;2020-01-01;2020-09-30;Lucros ou Prejuízos Acumulados;5.05.02.04;Ajustes de Conversão do Período;0.0;S
09.305.994/0001-29;2021-09-30;1;AZUL S.A.;24112;DF Individual - Demonstração das Mutações do Patrimônio Líquido;REAL;MIL;ÚLTIMO;2021-01-01;2021-09-30;Lucros ou Prejuízos Acumulados;5.05.02.04;Ajustes de Conversão do Período;0.0;S
09.305.994/0001-29;2021-09-30;1;AZUL S.A.;24112;DF Individual - Demonstração das Mutações do Patrimônio Líquido;REAL;MIL;PENÚLTIMO;2020-01-01;2020-09-30;Outros Resultados Abrangentes;5.05.02.04;Ajustes de Conversão do Período;0.0;S
09.305.994/0001-29;2021-09-30;1;AZUL S.A.;24112;DF Individual - Demonstração das Mutações do Patrimônio Líquido;REAL;MIL;ÚLTIMO;2021-01-01;2021-09-30;Outros Resultados Abrangentes;5.05.02.04;Ajustes de Conversão do Período;0.0;S
09.305.994/0001-29;2021-09-30;1;AZUL S.A.;24112;DF Individual - Demonstração das Mutações do Patrimônio Líquido;REAL;MIL;PENÚLTIMO;2020-01-01;2020-09-30;Patrimônio Líquido;5.05.02.04;Ajustes de Conversão do Período;0.0;S
09.305.994/0001-29;2021-09-30;1;AZUL S.A.;24112;DF Individual - Demonstração das Mutações do Patrimônio Líquido;REAL;MIL;ÚLTIMO;2021-01-01;2021-09-30;Patrimônio Líquido;5.05.02.04;Ajustes de Conversão do Período;0.0;S
09.305.994/0001-29;2021-09-30;1;AZUL S.A.;24112;DF Individual - Demonstração das Mutações do Patrimônio Líquido;REAL;MIL;PENÚLTIMO;2020-01-01;2020-09-30;Capital Social Integralizado;5.05.02.05;Tributos s/ Ajustes de Conversão do Período;0.0;S
09.305.994/0001-29;2021-09-30;1;AZUL S.A.;24112;DF Individual - Demonstração das Mutações do Patrimônio Líquido;REAL;MIL;ÚLTIMO;2021-01-01;2021-09-30;Capital Social Integralizado;5.05.02.05;Tributos s/ Ajustes de Conversão do Período;0.0;S
09.305.994/0001-29;2021-09-30;1;AZUL S.A.;24112;DF Individual - Demonstração das Mutações do Patrimônio Líquido;REAL;MIL;PENÚLTIMO;2020-01-01;2020-09-30;Reservas de Capital, Opções Outorgadas e Ações em Tesouraria;5.05.02.05;Tributos s/ Ajustes de Conversão do Período;0.0;S
09.305.994/0001-29;2021-09-30;1;AZUL S.A.;24112;DF Individual - Demonstração das Mutações do Patrimônio Líquido;REAL;MIL;ÚLTIMO;2021-01-01;2021-09-30;Reservas de Capital, Opções Outorgadas e Ações em Tesouraria;5.05.02.05;Tributos s/ Ajustes de Conversão do Período;0.0;S
09.305.994/0001-29;2021-09-30;1;AZUL S.A.;24112;DF Individual - Demonstração das Mutações do Patrimônio Líquido;REAL;MIL;PENÚLTIMO;2020-01-01;2020-09-30;Reservas de Lucro;5.05.02.05;Tributos s/ Ajustes de Conversão do Período;0.0;S
09.305.994/0001-29;2021-09-30;1;AZUL S.A.;24112;DF Individual - Demonstração das Mutações do Patrimônio Líquido;REAL;MIL;ÚLTIMO;2021-01-01;2021-09-30;Reservas de Lucro;5.05.02.05;Tributos s/ Ajustes de Conversão do Período;0.0;S
09.305.994/0001-29;2021-09-30;1;AZUL S.A.;24112;DF Individual - Demonstração das Mutações do Patrimônio Líquido;REAL;MIL;PENÚLTIMO;2020-01-01;2020-09-30;Lucros ou Prejuízos Acumulados;5.05.02.05;Tributos s/ Ajustes de Conversão do Período;0.0;S
09.305.994/0001-29;2021-09-30;1;AZUL S.A.;24112;DF Individual - Demonstração das Mutações do Patrimônio Líquido;REAL;MIL;ÚLTIMO;2021-01-01;2021-09-30;Lucros ou Prejuízos Acumulados;5.05.02.05;Tributos s/ Ajustes de Conversão do Período;0.0;S
09.305.994/0001-29;2021-09-30;1;AZUL S.A.;24112;DF Individual - Demonstração das Mutações do Patrimônio Líquido;REAL;MIL;PENÚLTIMO;2020-01-01;2020-09-30;Outros Resultados Abrangentes;5.05.02.05;Tributos s/ Ajustes de Conversão do Período;0.0;S
09.305.994/0001-29;2021-09-30;1;AZUL S.A.;24112;DF Individual - Demonstração das Mutações do Patrimônio Líquido;REAL;MIL;ÚLTIMO;2021-01-01;2021-09-30;Outros Resultados Abrangentes;5.05.02.05;Tributos s/ Ajustes de Conversão do Período;0.0;S
09.305.994/0001-29;2021-09-30;1;AZUL S.A.;24112;DF Individual - Demonstração das Mutações do Patrimônio Líquido;REAL;MIL;PENÚLTIMO;2020-01-01;2020-09-30;Patrimônio Líquido;5.05.02.05;Tributos s/ Ajustes de Conversão do Período;0.0;S
09.305.994/0001-29;2021-09-30;1;AZUL S.A.;24112;DF Individual - Demonstração das Mutações do Patrimônio Líquido;REAL;MIL;ÚLTIMO;2021-01-01;2021-09-30;Patrimônio Líquido;5.05.02.05;Tributos s/ Ajustes de Conversão do Período;0.0;S
09.305.994/0001-29;2021-09-30;1;AZUL S.A.;24112;DF Individual - Demonstração das Mutações do Patrimônio Líquido;REAL;MIL;PENÚLTIMO;2020-01-01;2020-09-30;Capital Social Integralizado;5.05.03;Reclassificações para o Resultado;0.0;S
09.305.994/0001-29;2021-09-30;1;AZUL S.A.;24112;DF Individual - Demonstração das Mutações do Patrimônio Líquido;REAL;MIL;ÚLTIMO;2021-01-01;2021-09-30;Capital Social Integralizado;5.05.03;Reclassificações para o Resultado;0.0;S
09.305.994/0001-29;2021-09-30;1;AZUL S.A.;24112;DF Individual - Demonstração das Mutações do Patrimônio Líquido;REAL;MIL;PENÚLTIMO;2020-01-01;2020-09-30;Reservas de Capital, Opções Outorgadas e Ações em Tesouraria;5.05.03;Reclassificações para o Resultado;0.0;S
09.305.994/0001-29;2021-09-30;1;AZUL S.A.;24112;DF Individual - Demonstração das Mutações do Patrimônio Líquido;REAL;MIL;ÚLTIMO;2021-01-01;2021-09-30;Reservas de Capital, Opções Outorgadas e Ações em Tesouraria;5.05.03;Reclassificações para o Resultado;0.0;S
09.305.994/0001-29;2021-09-30;1;AZUL S.A.;24112;DF Individual - Demonstração das Mutações do Patrimônio Líquido;REAL;MIL;PENÚLTIMO;2020-01-01;2020-09-30;Reservas de Lucro;5.05.03;Reclassificações para o Resultado;0.0;S
09.305.994/0001-29;2021-09-30;1;AZUL S.A.;24112;DF Individual - Demonstração das Mutações do Patrimônio Líquido;REAL;MIL;ÚLTIMO;2021-01-01;2021-09-30;Reservas de Lucro;5.05.03;Reclassificações para o Resultado;0.0;S
09.305.994/0001-29;2021-09-30;1;AZUL S.A.;24112;DF Individual - Demonstração das Mutações do Patrimônio Líquido;REAL;MIL;PENÚLTIMO;2020-01-01;2020-09-30;Lucros ou Prejuízos Acumulados;5.05.03;Reclassificações para o Resultado;0.0;S
09.305.994/0001-29;2021-09-30;1;AZUL S.A.;24112;DF Individual - Demonstração das Mutações do Patrimônio Líquido;REAL;MIL;ÚLTIMO;2021-01-01;2021-09-30;Lucros ou Prejuízos Acumulados;5.05.03;Reclassificações para o Resultado;0.0;S
09.305.994/0001-29;2021-09-30;1;AZUL S.A.;24112;DF Individual - Demonstração das Mutações do Patrimônio Líquido;REAL;MIL;PENÚLTIMO;2020-01-01;2020-09-30;Outros Resultados Abrangentes;5.05.03;Reclassificações para o Resultado;0.0;S
09.305.994/0001-29;2021-09-30;1;AZUL S.A.;24112;DF Individual - Demonstração das Mutações do Patrimônio Líquido;REAL;MIL;ÚLTIMO;2021-01-01;2021-09-30;Outros Resultados Abrangentes;5.05.03;Reclassificações para o Resultado;0.0;S
09.305.994/0001-29;2021-09-30;1;AZUL S.A.;24112;DF Individual - Demonstração das Mutações do Patrimônio Líquido;REAL;MIL;PENÚLTIMO;2020-01-01;2020-09-30;Patrimônio Líquido;5.05.03;Reclassificações para o Resultado;0.0;S
09.305.994/0001-29;2021-09-30;1;AZUL S.A.;24112;DF Individual - Demonstração das Mutações do Patrimônio Líquido;REAL;MIL;ÚLTIMO;2021-01-01;2021-09-30;Patrimônio Líquido;5.05.03;Reclassificações para o Resultado;0.0;S
09.305.994/0001-29;2021-09-30;1;AZUL S.A.;24112;DF Individual - Demonstração das Mutações do Patrimônio Líquido;REAL;MIL;PENÚLTIMO;2020-01-01;2020-09-30;Capital Social Integralizado;5.05.03.01;Ajustes de Instrumentos Financeiros;0.0;S
09.305.994/0001-29;2021-09-30;1;AZUL S.A.;24112;DF Individual - Demonstração das Mutações do Patrimônio Líquido;REAL;MIL;ÚLTIMO;2021-01-01;2021-09-30;Capital Social Integralizado;5.05.03.01;Ajustes de Instrumentos Financeiros;0.0;S
09.305.994/0001-29;2021-09-30;1;AZUL S.A.;24112;DF Individual - Demonstração das Mutações do Patrimônio Líquido;REAL;MIL;PENÚLTIMO;2020-01-01;2020-09-30;Reservas de Capital, Opções Outorgadas e Ações em Tesouraria;5.05.03.01;Ajustes de Instrumentos Financeiros;0.0;S
09.305.994/0001-29;2021-09-30;1;AZUL S.A.;24112;DF Individual - Demonstração das Mutações do Patrimônio Líquido;REAL;MIL;ÚLTIMO;2021-01-01;2021-09-30;Reservas de Capital, Opções Outorgadas e Ações em Tesouraria;5.05.03.01;Ajustes de Instrumentos Financeiros;0.0;S
09.305.994/0001-29;2021-09-30;1;AZUL S.A.;24112;DF Individual - Demonstração das Mutações do Patrimônio Líquido;REAL;MIL;PENÚLTIMO;2020-01-01;2020-09-30;Reservas de Lucro;5.05.03.01;Ajustes de Instrumentos Financeiros;0.0;S
09.305.994/0001-29;2021-09-30;1;AZUL S.A.;24112;DF Individual - Demonstração das Mutações do Patrimônio Líquido;REAL;MIL;ÚLTIMO;2021-01-01;2021-09-30;Reservas de Lucro;5.05.03.01;Ajustes de Instrumentos Financeiros;0.0;S
09.305.994/0001-29;2021-09-30;1;AZUL S.A.;24112;DF Individual - Demonstração das Mutações do Patrimônio Líquido;REAL;MIL;PENÚLTIMO;2020-01-01;2020-09-30;Lucros ou Prejuízos Acumulados;5.05.03.01;Ajustes de Instrumentos Financeiros;0.0;S
09.305.994/0001-29;2021-09-30;1;AZUL S.A.;24112;DF Individual - Demonstração das Mutações do Patrimônio Líquido;REAL;MIL;ÚLTIMO;2021-01-01;2021-09-30;Lucros ou Prejuízos Acumulados;5.05.03.01;Ajustes de Instrumentos Financeiros;0.0;S
09.305.994/0001-29;2021-09-30;1;AZUL S.A.;24112;DF Individual - Demonstração das Mutações do Patrimônio Líquido;REAL;MIL;PENÚLTIMO;2020-01-01;2020-09-30;Outros Resultados Abrangentes;5.05.03.01;Ajustes de Instrumentos Financeiros;0.0;S
09.305.994/0001-29;2021-09-30;1;AZUL S.A.;24112;DF Individual - Demonstração das Mutações do Patrimônio Líquido;REAL;MIL;ÚLTIMO;2021-01-01;2021-09-30;Outros Resultados Abrangentes;5.05.03.01;Ajustes de Instrumentos Financeiros;0.0;S
09.305.994/0001-29;2021-09-30;1;AZUL S.A.;24112;DF Individual - Demonstração das Mutações do Patrimônio Líquido;REAL;MIL;PENÚLTIMO;2020-01-01;2020-09-30;Patrimônio Líquido;5.05.03.01;Ajustes de Instrumentos Financeiros;0.0;S
09.305.994/0001-29;2021-09-30;1;AZUL S.A.;24112;DF Individual - Demonstração das Mutações do Patrimônio Líquido;REAL;MIL;ÚLTIMO;2021-01-01;2021-09-30;Patrimônio Líquido;5.05.03.01;Ajustes de Instrumentos Financeiros;0.0;S
09.305.994/0001-29;2021-09-30;1;AZUL S.A.;24112;DF Individual - Demonstração das Mutações do Patrimônio Líquido;REAL;MIL;PENÚLTIMO;2020-01-01;2020-09-30;Capital Social Integralizado;5.06;Mutações Internas do Patrimônio Líquido;0.0;S
09.305.994/0001-29;2021-09-30;1;AZUL S.A.;24112;DF Individual - Demonstração das Mutações do Patrimônio Líquido;REAL;MIL;ÚLTIMO;2021-01-01;2021-09-30;Capital Social Integralizado;5.06;Mutações Internas do Patrimônio Líquido;0.0;S
09.305.994/0001-29;2021-09-30;1;AZUL S.A.;24112;DF Individual - Demonstração das Mutações do Patrimônio Líquido;REAL;MIL;PENÚLTIMO;2020-01-01;2020-09-30;Reservas de Capital, Opções Outorgadas e Ações em Tesouraria;5.06;Mutações Internas do Patrimônio Líquido;0.0;S
09.305.994/0001-29;2021-09-30;1;AZUL S.A.;24112;DF Individual - Demonstração das Mutações do Patrimônio Líquido;REAL;MIL;ÚLTIMO;2021-01-01;2021-09-30;Reservas de Capital, Opções Outorgadas e Ações em Tesouraria;5.06;Mutações Internas do Patrimônio Líquido;0.0;S
09.305.994/0001-29;2021-09-30;1;AZUL S.A.;24112;DF Individual - Demonstração das Mutações do Patrimônio Líquido;REAL;MIL;PENÚLTIMO;2020-01-01;2020-09-30;Reservas de Lucro;5.06;Mutações Internas do Patrimônio Líquido;0.0;S
09.305.994/0001-29;2021-09-30;1;AZUL S.A.;24112;DF Individual - Demonstração das Mutações do Patrimônio Líquido;REAL;MIL;ÚLTIMO;2021-01-01;2021-09-30;Reservas de Lucro;5.06;Mutações Internas do Patrimônio Líquido;0.0;S
09.305.994/0001-29;2021-09-30;1;AZUL S.A.;24112;DF Individual - Demonstração das Mutações do Patrimônio Líquido;REAL;MIL;PENÚLTIMO;2020-01-01;2020-09-30;Lucros ou Prejuízos Acumulados;5.06;Mutações Internas do Patrimônio Líquido;0.0;S
09.305.994/0001-29;2021-09-30;1;AZUL S.A.;24112;DF Individual - Demonstração das Mutações do Patrimônio Líquido;REAL;MIL;ÚLTIMO;2021-01-01;2021-09-30;Lucros ou Prejuízos Acumulados;5.06;Mutações Internas do Patrimônio Líquido;0.0;S
09.305.994/0001-29;2021-09-30;1;AZUL S.A.;24112;DF Individual - Demonstração das Mutações do Patrimônio Líquido;REAL;MIL;PENÚLTIMO;2020-01-01;2020-09-30;Outros Resultados Abrangentes;5.06;Mutações Internas do Patrimônio Líquido;0.0;S
09.305.994/0001-29;2021-09-30;1;AZUL S.A.;24112;DF Individual - Demonstração das Mutações do Patrimônio Líquido;REAL;MIL;ÚLTIMO;2021-01-01;2021-09-30;Outros Resultados Abrangentes;5.06;Mutações Internas do Patrimônio Líquido;0.0;S
09.305.994/0001-29;2021-09-30;1;AZUL S.A.;24112;DF Individual - Demonstração das Mutações do Patrimônio Líquido;REAL;MIL;PENÚLTIMO;2020-01-01;2020-09-30;Patrimônio Líquido;5.06;Mutações Internas do Patrimônio Líquido;0.0;S
09.305.994/0001-29;2021-09-30;1;AZUL S.A.;24112;DF Individual - Demonstração das Mutações do Patrimônio Líquido;REAL;MIL;ÚLTIMO;2021-01-01;2021-09-30;Patrimônio Líquido;5.06;Mutações Internas do Patrimônio Líquido;0.0;S
09.305.994/0001-29;2021-09-30;1;AZUL S.A.;24112;DF Individual - Demonstração das Mutações do Patrimônio Líquido;REAL;MIL;PENÚLTIMO;2020-01-01;2020-09-30;Capital Social Integralizado;5.06.01;Constituição de Reservas;0.0;S
09.305.994/0001-29;2021-09-30;1;AZUL S.A.;24112;DF Individual - Demonstração das Mutações do Patrimônio Líquido;REAL;MIL;ÚLTIMO;2021-01-01;2021-09-30;Capital Social Integralizado;5.06.01;Constituição de Reservas;0.0;S
09.305.994/0001-29;2021-09-30;1;AZUL S.A.;24112;DF Individual - Demonstração das Mutações do Patrimônio Líquido;REAL;MIL;PENÚLTIMO;2020-01-01;2020-09-30;Reservas de Capital, Opções Outorgadas e Ações em Tesouraria;5.06.01;Constituição de Reservas;0.0;S
09.305.994/0001-29;2021-09-30;1;AZUL S.A.;24112;DF Individual - Demonstração das Mutações do Patrimônio Líquido;REAL;MIL;ÚLTIMO;2021-01-01;2021-09-30;Reservas de Capital, Opções Outorgadas e Ações em Tesouraria;5.06.01;Constituição de Reservas;0.0;S
09.305.994/0001-29;2021-09-30;1;AZUL S.A.;24112;DF Individual - Demonstração das Mutações do Patrimônio Líquido;REAL;MIL;PENÚLTIMO;2020-01-01;2020-09-30;Reservas de Lucro;5.06.01;Constituição de Reservas;0.0;S
09.305.994/0001-29;2021-09-30;1;AZUL S.A.;24112;DF Individual - Demonstração das Mutações do Patrimônio Líquido;REAL;MIL;ÚLTIMO;2021-01-01;2021-09-30;Reservas de Lucro;5.06.01;Constituição de Reservas;0.0;S
09.305.994/0001-29;2021-09-30;1;AZUL S.A.;24112;DF Individual - Demonstração das Mutações do Patrimônio Líquido;REAL;MIL;PENÚLTIMO;2020-01-01;2020-09-30;Lucros ou Prejuízos Acumulados;5.06.01;Constituição de Reservas;0.0;S
09.305.994/0001-29;2021-09-30;1;AZUL S.A.;24112;DF Individual - Demonstração das Mutações do Patrimônio Líquido;REAL;MIL;ÚLTIMO;2021-01-01;2021-09-30;Lucros ou Prejuízos Acumulados;5.06.01;Constituição de Reservas;0.0;S
09.305.994/0001-29;2021-09-30;1;AZUL S.A.;24112;DF Individual - Demonstração das Mutações do Patrimônio Líquido;REAL;MIL;PENÚLTIMO;2020-01-01;2020-09-30;Outros Resultados Abrangentes;5.06.01;Constituição de Reservas;0.0;S
09.305.994/0001-29;2021-09-30;1;AZUL S.A.;24112;DF Individual - Demonstração das Mutações do Patrimônio Líquido;REAL;MIL;ÚLTIMO;2021-01-01;2021-09-30;Outros Resultados Abrangentes;5.06.01;Constituição de Reservas;0.0;S
09.305.994/0001-29;2021-09-30;1;AZUL S.A.;24112;DF Individual - Demonstração das Mutações do Patrimônio Líquido;REAL;MIL;PENÚLTIMO;2020-01-01;2020-09-30;Patrimônio Líquido;5.06.01;Constituição de Reservas;0.0;S
09.305.994/0001-29;2021-09-30;1;AZUL S.A.;24112;DF Individual - Demonstração das Mutações do Patrimônio Líquido;REAL;MIL;ÚLTIMO;2021-01-01;2021-09-30;Patrimônio Líquido;5.06.01;Constituição de Reservas;0.0;S
09.305.994/0001-29;2021-09-30;1;AZUL S.A.;24112;DF Individual - Demonstração das Mutações do Patrimônio Líquido;REAL;MIL;PENÚLTIMO;2020-01-01;2020-09-30;Capital Social Integralizado;5.06.02;Realização da Reserva Reavaliação;0.0;S
09.305.994/0001-29;2021-09-30;1;AZUL S.A.;24112;DF Individual - Demonstração das Mutações do Patrimônio Líquido;REAL;MIL;ÚLTIMO;2021-01-01;2021-09-30;Capital Social Integralizado;5.06.02;Realização da Reserva Reavaliação;0.0;S
09.305.994/0001-29;2021-09-30;1;AZUL S.A.;24112;DF Individual - Demonstração das Mutações do Patrimônio Líquido;REAL;MIL;PENÚLTIMO;2020-01-01;2020-09-30;Reservas de Capital, Opções Outorgadas e Ações em Tesouraria;5.06.02;Realização da Reserva Reavaliação;0.0;S
09.305.994/0001-29;2021-09-30;1;AZUL S.A.;24112;DF Individual - Demonstração das Mutações do Patrimônio Líquido;REAL;MIL;ÚLTIMO;2021-01-01;2021-09-30;Reservas de Capital, Opções Outorgadas e Ações em Tesouraria;5.06.02;Realização da Reserva Reavaliação;0.0;S
09.305.994/0001-29;2021-09-30;1;AZUL S.A.;24112;DF Individual - Demonstração das Mutações do Patrimônio Líquido;REAL;MIL;PENÚLTIMO;2020-01-01;2020-09-30;Reservas de Lucro;5.06.02;Realização da Reserva Reavaliação;0.0;S
09.305.994/0001-29;2021-09-30;1;AZUL S.A.;24112;DF Individual - Demonstração das Mutações do Patrimônio Líquido;REAL;MIL;ÚLTIMO;2021-01-01;2021-09-30;Reservas de Lucro;5.06.02;Realização da Reserva Reavaliação;0.0;S
09.305.994/0001-29;2021-09-30;1;AZUL S.A.;24112;DF Individual - Demonstração das Mutações do Patrimônio Líquido;REAL;MIL;PENÚLTIMO;2020-01-01;2020-09-30;Lucros ou Prejuízos Acumulados;5.06.02;Realização da Reserva Reavaliação;0.0;S
09.305.994/0001-29;2021-09-30;1;AZUL S.A.;24112;DF Individual - Demonstração das Mutações do Patrimônio Líquido;REAL;MIL;ÚLTIMO;2021-01-01;2021-09-30;Lucros ou Prejuízos Acumulados;5.06.02;Realização da Reserva Reavaliação;0.0;S
09.305.994/0001-29;2021-09-30;1;AZUL S.A.;24112;DF Individual - Demonstração das Mutações do Patrimônio Líquido;REAL;MIL;PENÚLTIMO;2020-01-01;2020-09-30;Outros Resultados Abrangentes;5.06.02;Realização da Reserva Reavaliação;0.0;S
09.305.994/0001-29;2021-09-30;1;AZUL S.A.;24112;DF Individual - Demonstração das Mutações do Patrimônio Líquido;REAL;MIL;ÚLTIMO;2021-01-01;2021-09-30;Outros Resultados Abrangentes;5.06.02;Realização da Reserva Reavaliação;0.0;S
09.305.994/0001-29;2021-09-30;1;AZUL S.A.;24112;DF Individual - Demonstração das Mutações do Patrimônio Líquido;REAL;MIL;PENÚLTIMO;2020-01-01;2020-09-30;Patrimônio Líquido;5.06.02;Realização da Reserva Reavaliação;0.0;S
09.305.994/0001-29;2021-09-30;1;AZUL S.A.;24112;DF Individual - Demonstração das Mutações do Patrimônio Líquido;REAL;MIL;ÚLTIMO;2021-01-01;2021-09-30;Patrimônio Líquido;5.06.02;Realização da Reserva Reavaliação;0.0;S
09.305.994/0001-29;2021-09-30;1;AZUL S.A.;24112;DF Individual - Demonstração das Mutações do Patrimônio Líquido;REAL;MIL;PENÚLTIMO;2020-01-01;2020-09-30;Capital Social Integralizado;5.06.03;Tributos sobre a Realização da Reserva de Reavaliação;0.0;S
09.305.994/0001-29;2021-09-30;1;AZUL S.A.;24112;DF Individual - Demonstração das Mutações do Patrimônio Líquido;REAL;MIL;ÚLTIMO;2021-01-01;2021-09-30;Capital Social Integralizado;5.06.03;Tributos sobre a Realização da Reserva de Reavaliação;0.0;S
09.305.994/0001-29;2021-09-30;1;AZUL S.A.;24112;DF Individual - Demonstração das Mutações do Patrimônio Líquido;REAL;MIL;PENÚLTIMO;2020-01-01;2020-09-30;Reservas de Capital, Opções Outorgadas e Ações em Tesouraria;5.06.03;Tributos sobre a Realização da Reserva de Reavaliação;0.0;S
09.305.994/0001-29;2021-09-30;1;AZUL S.A.;24112;DF Individual - Demonstração das Mutações do Patrimônio Líquido;REAL;MIL;ÚLTIMO;2021-01-01;2021-09-30;Reservas de Capital, Opções Outorgadas e Ações em Tesouraria;5.06.03;Tributos sobre a Realização da Reserva de Reavaliação;0.0;S
09.305.994/0001-29;2021-09-30;1;AZUL S.A.;24112;DF Individual - Demonstração das Mutações do Patrimônio Líquido;REAL;MIL;PENÚLTIMO;2020-01-01;2020-09-30;Reservas de Lucro;5.06.03;Tributos sobre a Realização da Reserva de Reavaliação;0.0;S
09.305.994/0001-29;2021-09-30;1;AZUL S.A.;24112;DF Individual - Demonstração das Mutações do Patrimônio Líquido;REAL;MIL;ÚLTIMO;2021-01-01;2021-09-30;Reservas de Lucro;5.06.03;Tributos sobre a Realização da Reserva de Reavaliação;0.0;S
09.305.994/0001-29;2021-09-30;1;AZUL S.A.;24112;DF Individual - Demonstração das Mutações do Patrimônio Líquido;REAL;MIL;PENÚLTIMO;2020-01-01;2020-09-30;Lucros ou Prejuízos Acumulados;5.06.03;Tributos sobre a Realização da Reserva de Reavaliação;0.0;S
09.305.994/0001-29;2021-09-30;1;AZUL S.A.;24112;DF Individual - Demonstração das Mutações do Patrimônio Líquido;REAL;MIL;ÚLTIMO;2021-01-01;2021-09-30;Lucros ou Prejuízos Acumulados;5.06.03;Tributos sobre a Realização da Reserva de Reavaliação;0.0;S
09.305.994/0001-29;2021-09-30;1;AZUL S.A.;24112;DF Individual - Demonstração das Mutações do Patrimônio Líquido;REAL;MIL;PENÚLTIMO;2020-01-01;2020-09-30;Outros Resultados Abrangentes;5.06.03;Tributos sobre a Realização da Reserva de Reavaliação;0.0;S
09.305.994/0001-29;2021-09-30;1;AZUL S.A.;24112;DF Individual - Demonstração das Mutações do Patrimônio Líquido;REAL;MIL;ÚLTIMO;2021-01-01;2021-09-30;Outros Resultados Abrangentes;5.06.03;Tributos sobre a Realização da Reserva de Reavaliação;0.0;S
09.305.994/0001-29;2021-09-30;1;AZUL S.A.;24112;DF Individual - Demonstração das Mutações do Patrimônio Líquido;REAL;MIL;PENÚLTIMO;2020-01-01;2020-09-30;Patrimônio Líquido;5.06.03;Tributos sobre a Realização da Reserva de Reavaliação;0.0;S
09.305.994/0001-29;2021-09-30;1;AZUL S.A.;24112;DF Individual - Demonstração das Mutações do Patrimônio Líquido;REAL;MIL;ÚLTIMO;2021-01-01;2021-09-30;Patrimônio Líquido;5.06.03;Tributos sobre a Realização da Reserva de Reavaliação;0.0;S
09.305.994/0001-29;2021-09-30;1;AZUL S.A.;24112;DF Individual - Demonstração das Mutações do Patrimônio Líquido;REAL;MIL;PENÚLTIMO;2020-01-01;2020-09-30;Capital Social Integralizado;5.07;Saldos Finais;2246367.0;S
09.305.994/0001-29;2021-09-30;1;AZUL S.A.;24112;DF Individual - Demonstração das Mutações do Patrimônio Líquido;REAL;MIL;ÚLTIMO;2021-01-01;2021-09-30;Capital Social Integralizado;5.07;Saldos Finais;2290876.0;S
09.305.994/0001-29;2021-09-30;1;AZUL S.A.;24112;DF Individual - Demonstração das Mutações do Patrimônio Líquido;REAL;MIL;PENÚLTIMO;2020-01-01;2020-09-30;Reservas de Capital, Opções Outorgadas e Ações em Tesouraria;5.07;Saldos Finais;1927770.0;S
09.305.994/0001-29;2021-09-30;1;AZUL S.A.;24112;DF Individual - Demonstração das Mutações do Patrimônio Líquido;REAL;MIL;ÚLTIMO;2021-01-01;2021-09-30;Reservas de Capital, Opções Outorgadas e Ações em Tesouraria;5.07;Saldos Finais;1934508.0;S
09.305.994/0001-29;2021-09-30;1;AZUL S.A.;24112;DF Individual - Demonstração das Mutações do Patrimônio Líquido;REAL;MIL;PENÚLTIMO;2020-01-01;2020-09-30;Reservas de Lucro;5.07;Saldos Finais;0.0;S
09.305.994/0001-29;2021-09-30;1;AZUL S.A.;24112;DF Individual - Demonstração das Mutações do Patrimônio Líquido;REAL;MIL;ÚLTIMO;2021-01-01;2021-09-30;Reservas de Lucro;5.07;Saldos Finais;0.0;S
09.305.994/0001-29;2021-09-30;1;AZUL S.A.;24112;DF Individual - Demonstração das Mutações do Patrimônio Líquido;REAL;MIL;PENÚLTIMO;2020-01-01;2020-09-30;Lucros ou Prejuízos Acumulados;5.07;Saldos Finais;-18033711.0;S
09.305.994/0001-29;2021-09-30;1;AZUL S.A.;24112;DF Individual - Demonstração das Mutações do Patrimônio Líquido;REAL;MIL;ÚLTIMO;2021-01-01;2021-09-30;Lucros ou Prejuízos Acumulados;5.07;Saldos Finais;-22171973.0;S
09.305.994/0001-29;2021-09-30;1;AZUL S.A.;24112;DF Individual - Demonstração das Mutações do Patrimônio Líquido;REAL;MIL;PENÚLTIMO;2020-01-01;2020-09-30;Outros Resultados Abrangentes;5.07;Saldos Finais;-6797.0;S
09.305.994/0001-29;2021-09-30;1;AZUL S.A.;24112;DF Individual - Demonstração das Mutações do Patrimônio Líquido;REAL;MIL;ÚLTIMO;2021-01-01;2021-09-30;Outros Resultados Abrangentes;5.07;Saldos Finais;655.0;S
09.305.994/0001-29;2021-09-30;1;AZUL S.A.;24112;DF Individual - Demonstração das Mutações do Patrimônio Líquido;REAL;MIL;PENÚLTIMO;2020-01-01;2020-09-30;Patrimônio Líquido;5.07;Saldos Finais;-13866371.0;S
09.305.994/0001-29;2021-09-30;1;AZUL S.A.;24112;DF Individual - Demonstração das Mutações do Patrimônio Líquido;REAL;MIL;ÚLTIMO;2021-01-01;2021-09-30;Patrimônio Líquido;5.07;Saldos Finais;-17945934.0;S
