CNPJ_CIA;DT_REFER;VERSAO;DENOM_CIA;CD_CVM;GRUPO_DFP;MOEDA;ESCALA_MOEDA;ORDEM_EXERC;DT_INI_EXERC;DT_FIM_EXERC;COLUNA_DF;CD_CONTA;DS_CONTA;VL_CONTA;ST_CONTA_FIXA
09.305.994/0001-29;2023-03-31;1;AZUL S.A.;24112;DF Consolidado - Demonstração das Mutações do Patrimônio Líquido;REAL;MIL;PENÚLTIMO;2022-01-01;2022-03-31;Capital Social Integralizado;5.01;Saldos Iniciais;2290996.0;S
09.305.994/0001-29;2023-03-31;1;AZUL S.A.;24112;DF Consolidado - Demonstração das Mutações do Patrimônio Líquido;REAL;MIL;ÚLTIMO;2023-01-01;2023-03-31;Capital Social Integralizado;5.01;Saldos Iniciais;2314002.0;S
09.305.994/0001-29;2023-03-31;1;AZUL S.A.;24112;DF Consolidado - Demonstração das Mutações do Patrimônio Líquido;REAL;MIL;PENÚLTIMO;2022-01-01;2022-03-31;Reservas de Capital, Opções Outorgadas e Ações em Tesouraria;5.01;Saldos Iniciais;1934512.0;S
09.305.994/0001-29;2023-03-31;1;AZUL S.A.;24112;DF Consolidado - Demonstração das Mutações do Patrimônio Líquido;REAL;MIL;ÚLTIMO;2023-01-01;2023-03-31;Reservas de Capital, Opções Outorgadas e Ações em Tesouraria;5.01;Saldos Iniciais;1959894.0;S
09.305.994/0001-29;2023-03-31;1;AZUL S.A.;24112;DF Consolidado - Demonstração das Mutações do Patrimônio Líquido;REAL;MIL;PENÚLTIMO;2022-01-01;2022-03-31;Reservas de Lucro;5.01;Saldos Iniciais;0.0;S
09.305.994/0001-29;2023-03-31;1;AZUL S.A.;24112;DF Consolidado - Demonstração das Mutações do Patrimônio Líquido;REAL;MIL;ÚLTIMO;2023-01-01;2023-03-31;Reservas de Lucro;5.01;Saldos Iniciais;0.0;S
09.305.994/0001-29;2023-03-31;1;AZUL S.A.;24112;DF Consolidado - Demonstração das Mutações do Patrimônio Líquido;REAL;MIL;PENÚLTIMO;2022-01-01;2022-03-31;Lucros ou Prejuízos Acumulados;5.01;Saldos Iniciais;-22564310.0;S
09.305.994/0001-29;2023-03-31;1;AZUL S.A.;24112;DF Consolidado - Demonstração das Mutações do Patrimônio Líquido;REAL;MIL;ÚLTIMO;2023-01-01;2023-03-31;Lucros ou Prejuízos Acumulados;5.01;Saldos Iniciais;-23286677.0;S
09.305.994/0001-29;2023-03-31;1;AZUL S.A.;24112;DF Consolidado - Demonstração das Mutações do Patrimônio Líquido;REAL;MIL;PENÚLTIMO;2022-01-01;2022-03-31;Outros Resultados Abrangentes;5.01;Saldos Iniciais;5799.0;S
09.305.994/0001-29;2023-03-31;1;AZUL S.A.;24112;DF Consolidado - Demonstração das Mutações do Patrimônio Líquido;REAL;MIL;ÚLTIMO;2023-01-01;2023-03-31;Outros Resultados Abrangentes;5.01;Saldos Iniciais;5281.0;S
09.305.994/0001-29;2023-03-31;1;AZUL S.A.;24112;DF Consolidado - Demonstração das Mutações do Patrimônio Líquido;REAL;MIL;PENÚLTIMO;2022-01-01;2022-03-31;Patrimônio Líquido;5.01;Saldos Iniciais;-18333003.0;S
09.305.994/0001-29;2023-03-31;1;AZUL S.A.;24112;DF Consolidado - Demonstração das Mutações do Patrimônio Líquido;REAL;MIL;ÚLTIMO;2023-01-01;2023-03-31;Patrimônio Líquido;5.01;Saldos Iniciais;-19007500.0;S
09.305.994/0001-29;2023-03-31;1;AZUL S.A.;24112;DF Consolidado - Demonstração das Mutações do Patrimônio Líquido;REAL;MIL;PENÚLTIMO;2022-01-01;2022-03-31;Participação dos Não Controladores;5.01;Saldos Iniciais;0.0;S
09.305.994/0001-29;2023-03-31;1;AZUL S.A.;24112;DF Consolidado - Demonstração das Mutações do Patrimônio Líquido;REAL;MIL;ÚLTIMO;2023-01-01;2023-03-31;Participação dos Não Controladores;5.01;Saldos Iniciais;0.0;S
09.305.994/0001-29;2023-03-31;1;AZUL S.A.;24112;DF Consolidado - Demonstração das Mutações do Patrimônio Líquido;REAL;MIL;PENÚLTIMO;2022-01-01;2022-03-31;Patrimônio Líquido Consolidado;5.01;Saldos Iniciais;-18333003.0;S
09.305.994/0001-29;2023-03-31;1;AZUL S.A.;24112;DF Consolidado - Demonstração das Mutações do Patrimônio Líquido;REAL;MIL;ÚLTIMO;2023-01-01;2023-03-31;Patrimônio Líquido Consolidado;5.01;Saldos Iniciais;-19007500.0;S
09.305.994/0001-29;2023-03-31;1;AZUL S.A.;24112;DF Consolidado - Demonstração das Mutações do Patrimônio Líquido;REAL;MIL;PENÚLTIMO;2022-01-01;2022-03-31;Capital Social Integralizado;5.02;Ajustes de Exercícios Anteriores;0.0;S
09.305.994/0001-29;2023-03-31;1;AZUL S.A.;24112;DF Consolidado - Demonstração das Mutações do Patrimônio Líquido;REAL;MIL;ÚLTIMO;2023-01-01;2023-03-31;Capital Social Integralizado;5.02;Ajustes de Exercícios Anteriores;0.0;S
09.305.994/0001-29;2023-03-31;1;AZUL S.A.;24112;DF Consolidado - Demonstração das Mutações do Patrimônio Líquido;REAL;MIL;PENÚLTIMO;2022-01-01;2022-03-31;Reservas de Capital, Opções Outorgadas e Ações em Tesouraria;5.02;Ajustes de Exercícios Anteriores;0.0;S
09.305.994/0001-29;2023-03-31;1;AZUL S.A.;24112;DF Consolidado - Demonstração das Mutações do Patrimônio Líquido;REAL;MIL;ÚLTIMO;2023-01-01;2023-03-31;Reservas de Capital, Opções Outorgadas e Ações em Tesouraria;5.02;Ajustes de Exercícios Anteriores;0.0;S
09.305.994/0001-29;2023-03-31;1;AZUL S.A.;24112;DF Consolidado - Demonstração das Mutações do Patrimônio Líquido;REAL;MIL;PENÚLTIMO;2022-01-01;2022-03-31;Reservas de Lucro;5.02;Ajustes de Exercícios Anteriores;0.0;S
09.305.994/0001-29;2023-03-31;1;AZUL S.A.;24112;DF Consolidado - Demonstração das Mutações do Patrimônio Líquido;REAL;MIL;ÚLTIMO;2023-01-01;2023-03-31;Reservas de Lucro;5.02;Ajustes de Exercícios Anteriores;0.0;S
09.305.994/0001-29;2023-03-31;1;AZUL S.A.;24112;DF Consolidado - Demonstração das Mutações do Patrimônio Líquido;REAL;MIL;PENÚLTIMO;2022-01-01;2022-03-31;Lucros ou Prejuízos Acumulados;5.02;Ajustes de Exercícios Anteriores;0.0;S
09.305.994/0001-29;2023-03-31;1;AZUL S.A.;24112;DF Consolidado - Demonstração das Mutações do Patrimônio Líquido;REAL;MIL;ÚLTIMO;2023-01-01;2023-03-31;Lucros ou Prejuízos Acumulados;5.02;Ajustes de Exercícios Anteriores;0.0;S
09.305.994/0001-29;2023-03-31;1;AZUL S.A.;24112;DF Consolidado - Demonstração das Mutações do Patrimônio Líquido;REAL;MIL;PENÚLTIMO;2022-01-01;2022-03-31;Outros Resultados Abrangentes;5.02;Ajustes de Exercícios Anteriores;0.0;S
09.305.994/0001-29;2023-03-31;1;AZUL S.A.;24112;DF Consolidado - Demonstração das Mutações do Patrimônio Líquido;REAL;MIL;ÚLTIMO;2023-01-01;2023-03-31;Outros Resultados Abrangentes;5.02;Ajustes de Exercícios Anteriores;0.0;S
09.305.994/0001-29;2023-03-31;1;AZUL S.A.;24112;DF Consolidado - Demonstração das Mutações do Patrimônio Líquido;REAL;MIL;PENÚLTIMO;2022-01-01;2022-03-31;Patrimônio Líquido;5.02;Ajustes de Exercícios Anteriores;0.0;S
09.305.994/0001-29;2023-03-31;1;AZUL S.A.;24112;DF Consolidado - Demonstração das Mutações do Patrimônio Líquido;REAL;MIL;ÚLTIMO;2023-01-01;2023-03-31;Patrimônio Líquido;5.02;Ajustes de Exercícios Anteriores;0.0;S
09.305.994/0001-29;2023-03-31;1;AZUL S.A.;24112;DF Consolidado - Demonstração das Mutações do Patrimônio Líquido;REAL;MIL;PENÚLTIMO;2022-01-01;2022-03-31;Participação dos Não Controladores;5.02;Ajustes de Exercícios Anteriores;0.0;S
09.305.994/0001-29;2023-03-31;1;AZUL S.A.;24112;DF Consolidado - Demonstração das Mutações do Patrimônio Líquido;REAL;MIL;ÚLTIMO;2023-01-01;2023-03-31;Participação dos Não Controladores;5.02;Ajustes de Exercícios Anteriores;0.0;S
09.305.994/0001-29;2023-03-31;1;AZUL S.A.;24112;DF Consolidado - Demonstração das Mutações do Patrimônio Líquido;REAL;MIL;PENÚLTIMO;2022-01-01;2022-03-31;Patrimônio Líquido Consolidado;5.02;Ajustes de Exercícios Anteriores;0.0;S
09.305.994/0001-29;2023-03-31;1;AZUL S.A.;24112;DF Consolidado - Demonstração das Mutações do Patrimônio Líquido;REAL;MIL;ÚLTIMO;2023-01-01;2023-03-31;Patrimônio Líquido Consolidado;5.02;Ajustes de Exercícios Anteriores;0.0;S
09.305.994/0001-29;2023-03-31;1;AZUL S.A.;24112;DF Consolidado - Demonstração das Mutações do Patrimônio Líquido;REAL;MIL;PENÚLTIMO;2022-01-01;2022-03-31;Capital Social Integralizado;5.03;Saldos Iniciais Ajustados;2290996.0;S
09.305.994/0001-29;2023-03-31;1;AZUL S.A.;24112;DF Consolidado - Demonstração das Mutações do Patrimônio Líquido;REAL;MIL;ÚLTIMO;2023-01-01;2023-03-31;Capital Social Integralizado;5.03;Saldos Iniciais Ajustados;2314002.0;S
09.305.994/0001-29;2023-03-31;1;AZUL S.A.;24112;DF Consolidado - Demonstração das Mutações do Patrimônio Líquido;REAL;MIL;PENÚLTIMO;2022-01-01;2022-03-31;Reservas de Capital, Opções Outorgadas e Ações em Tesouraria;5.03;Saldos Iniciais Ajustados;1934512.0;S
09.305.994/0001-29;2023-03-31;1;AZUL S.A.;24112;DF Consolidado - Demonstração das Mutações do Patrimônio Líquido;REAL;MIL;ÚLTIMO;2023-01-01;2023-03-31;Reservas de Capital, Opções Outorgadas e Ações em Tesouraria;5.03;Saldos Iniciais Ajustados;1959894.0;S
09.305.994/0001-29;2023-03-31;1;AZUL S.A.;24112;DF Consolidado - Demonstração das Mutações do Patrimônio Líquido;REAL;MIL;PENÚLTIMO;2022-01-01;2022-03-31;Reservas de Lucro;5.03;Saldos Iniciais Ajustados;0.0;S
09.305.994/0001-29;2023-03-31;1;AZUL S.A.;24112;DF Consolidado - Demonstração das Mutações do Patrimônio Líquido;REAL;MIL;ÚLTIMO;2023-01-01;2023-03-31;Reservas de Lucro;5.03;Saldos Iniciais Ajustados;0.0;S
09.305.994/0001-29;2023-03-31;1;AZUL S.A.;24112;DF Consolidado - Demonstração das Mutações do Patrimônio Líquido;REAL;MIL;PENÚLTIMO;2022-01-01;2022-03-31;Lucros ou Prejuízos Acumulados;5.03;Saldos Iniciais Ajustados;-22564310.0;S
09.305.994/0001-29;2023-03-31;1;AZUL S.A.;24112;DF Consolidado - Demonstração das Mutações do Patrimônio Líquido;REAL;MIL;ÚLTIMO;2023-01-01;2023-03-31;Lucros ou Prejuízos Acumulados;5.03;Saldos Iniciais Ajustados;-23286677.0;S
09.305.994/0001-29;2023-03-31;1;AZUL S.A.;24112;DF Consolidado - Demonstração das Mutações do Patrimônio Líquido;REAL;MIL;PENÚLTIMO;2022-01-01;2022-03-31;Outros Resultados Abrangentes;5.03;Saldos Iniciais Ajustados;5799.0;S
09.305.994/0001-29;2023-03-31;1;AZUL S.A.;24112;DF Consolidado - Demonstração das Mutações do Patrimônio Líquido;REAL;MIL;ÚLTIMO;2023-01-01;2023-03-31;Outros Resultados Abrangentes;5.03;Saldos Iniciais Ajustados;5281.0;S
09.305.994/0001-29;2023-03-31;1;AZUL S.A.;24112;DF Consolidado - Demonstração das Mutações do Patrimônio Líquido;REAL;MIL;PENÚLTIMO;2022-01-01;2022-03-31;Patrimônio Líquido;5.03;Saldos Iniciais Ajustados;-18333003.0;S
09.305.994/0001-29;2023-03-31;1;AZUL S.A.;24112;DF Consolidado - Demonstração das Mutações do Patrimônio Líquido;REAL;MIL;ÚLTIMO;2023-01-01;2023-03-31;Patrimônio Líquido;5.03;Saldos Iniciais Ajustados;-19007500.0;S
09.305.994/0001-29;2023-03-31;1;AZUL S.A.;24112;DF Consolidado - Demonstração das Mutações do Patrimônio Líquido;REAL;MIL;PENÚLTIMO;2022-01-01;2022-03-31;Participação dos Não Controladores;5.03;Saldos Iniciais Ajustados;0.0;S
09.305.994/0001-29;2023-03-31;1;AZUL S.A.;24112;DF Consolidado - Demonstração das Mutações do Patrimônio Líquido;REAL;MIL;ÚLTIMO;2023-01-01;2023-03-31;Participação dos Não Controladores;5.03;Saldos Iniciais Ajustados;0.0;S
09.305.994/0001-29;2023-03-31;1;AZUL S.A.;24112;DF Consolidado - Demonstração das Mutações do Patrimônio Líquido;REAL;MIL;PENÚLTIMO;2022-01-01;2022-03-31;Patrimônio Líquido Consolidado;5.03;Saldos Iniciais Ajustados;-18333003.0;S
09.305.994/0001-29;2023-03-31;1;AZUL S.A.;24112;DF Consolidado - Demonstração das Mutações do Patrimônio Líquido;REAL;MIL;ÚLTIMO;2023-01-01;2023-03-31;Patrimônio Líquido Consolidado;5.03;Saldos Iniciais Ajustados;-19007500.0;S
09.305.994/0001-29;2023-03-31;1;AZUL S.A.;24112;DF Consolidado - Demonstração das Mutações do Patrimônio Líquido;REAL;MIL;PENÚLTIMO;2022-01-01;2022-03-31;Capital Social Integralizado;5.04;Transações de Capital com os Sócios;22859.0;S
09.305.994/0001-29;2023-03-31;1;AZUL S.A.;24112;DF Consolidado - Demonstração das Mutações do Patrimônio Líquido;REAL;MIL;ÚLTIMO;2023-01-01;2023-03-31;Capital Social Integralizado;5.04;Transações de Capital com os Sócios;0.0;S
09.305.994/0001-29;2023-03-31;1;AZUL S.A.;24112;DF Consolidado - Demonstração das Mutações do Patrimônio Líquido;REAL;MIL;PENÚLTIMO;2022-01-01;2022-03-31;Reservas de Capital, Opções Outorgadas e Ações em Tesouraria;5.04;Transações de Capital com os Sócios;4267.0;S
09.305.994/0001-29;2023-03-31;1;AZUL S.A.;24112;DF Consolidado - Demonstração das Mutações do Patrimônio Líquido;REAL;MIL;ÚLTIMO;2023-01-01;2023-03-31;Reservas de Capital, Opções Outorgadas e Ações em Tesouraria;5.04;Transações de Capital com os Sócios;17389.0;S
09.305.994/0001-29;2023-03-31;1;AZUL S.A.;24112;DF Consolidado - Demonstração das Mutações do Patrimônio Líquido;REAL;MIL;PENÚLTIMO;2022-01-01;2022-03-31;Reservas de Lucro;5.04;Transações de Capital com os Sócios;0.0;S
09.305.994/0001-29;2023-03-31;1;AZUL S.A.;24112;DF Consolidado - Demonstração das Mutações do Patrimônio Líquido;REAL;MIL;ÚLTIMO;2023-01-01;2023-03-31;Reservas de Lucro;5.04;Transações de Capital com os Sócios;0.0;S
09.305.994/0001-29;2023-03-31;1;AZUL S.A.;24112;DF Consolidado - Demonstração das Mutações do Patrimônio Líquido;REAL;MIL;PENÚLTIMO;2022-01-01;2022-03-31;Lucros ou Prejuízos Acumulados;5.04;Transações de Capital com os Sócios;0.0;S
09.305.994/0001-29;2023-03-31;1;AZUL S.A.;24112;DF Consolidado - Demonstração das Mutações do Patrimônio Líquido;REAL;MIL;ÚLTIMO;2023-01-01;2023-03-31;Lucros ou Prejuízos Acumulados;5.04;Transações de Capital com os Sócios;0.0;S
09.305.994/0001-29;2023-03-31;1;AZUL S.A.;24112;DF Consolidado - Demonstração das Mutações do Patrimônio Líquido;REAL;MIL;PENÚLTIMO;2022-01-01;2022-03-31;Outros Resultados Abrangentes;5.04;Transações de Capital com os Sócios;0.0;S
09.305.994/0001-29;2023-03-31;1;AZUL S.A.;24112;DF Consolidado - Demonstração das Mutações do Patrimônio Líquido;REAL;MIL;ÚLTIMO;2023-01-01;2023-03-31;Outros Resultados Abrangentes;5.04;Transações de Capital com os Sócios;0.0;S
09.305.994/0001-29;2023-03-31;1;AZUL S.A.;24112;DF Consolidado - Demonstração das Mutações do Patrimônio Líquido;REAL;MIL;PENÚLTIMO;2022-01-01;2022-03-31;Patrimônio Líquido;5.04;Transações de Capital com os Sócios;27126.0;S
09.305.994/0001-29;2023-03-31;1;AZUL S.A.;24112;DF Consolidado - Demonstração das Mutações do Patrimônio Líquido;REAL;MIL;ÚLTIMO;2023-01-01;2023-03-31;Patrimônio Líquido;5.04;Transações de Capital com os Sócios;17389.0;S
09.305.994/0001-29;2023-03-31;1;AZUL S.A.;24112;DF Consolidado - Demonstração das Mutações do Patrimônio Líquido;REAL;MIL;PENÚLTIMO;2022-01-01;2022-03-31;Participação dos Não Controladores;5.04;Transações de Capital com os Sócios;0.0;S
09.305.994/0001-29;2023-03-31;1;AZUL S.A.;24112;DF Consolidado - Demonstração das Mutações do Patrimônio Líquido;REAL;MIL;ÚLTIMO;2023-01-01;2023-03-31;Participação dos Não Controladores;5.04;Transações de Capital com os Sócios;0.0;S
09.305.994/0001-29;2023-03-31;1;AZUL S.A.;24112;DF Consolidado - Demonstração das Mutações do Patrimônio Líquido;REAL;MIL;PENÚLTIMO;2022-01-01;2022-03-31;Patrimônio Líquido Consolidado;5.04;Transações de Capital com os Sócios;27126.0;S
09.305.994/0001-29;2023-03-31;1;AZUL S.A.;24112;DF Consolidado - Demonstração das Mutações do Patrimônio Líquido;REAL;MIL;ÚLTIMO;2023-01-01;2023-03-31;Patrimônio Líquido Consolidado;5.04;Transações de Capital com os Sócios;17389.0;S
09.305.994/0001-29;2023-03-31;1;AZUL S.A.;24112;DF Consolidado - Demonstração das Mutações do Patrimônio Líquido;REAL;MIL;PENÚLTIMO;2022-01-01;2022-03-31;Capital Social Integralizado;5.04.01;Aumentos de Capital;0.0;S
09.305.994/0001-29;2023-03-31;1;AZUL S.A.;24112;DF Consolidado - Demonstração das Mutações do Patrimônio Líquido;REAL;MIL;ÚLTIMO;2023-01-01;2023-03-31;Capital Social Integralizado;5.04.01;Aumentos de Capital;0.0;S
09.305.994/0001-29;2023-03-31;1;AZUL S.A.;24112;DF Consolidado - Demonstração das Mutações do Patrimônio Líquido;REAL;MIL;PENÚLTIMO;2022-01-01;2022-03-31;Reservas de Capital, Opções Outorgadas e Ações em Tesouraria;5.04.01;Aumentos de Capital;0.0;S
09.305.994/0001-29;2023-03-31;1;AZUL S.A.;24112;DF Consolidado - Demonstração das Mutações do Patrimônio Líquido;REAL;MIL;ÚLTIMO;2023-01-01;2023-03-31;Reservas de Capital, Opções Outorgadas e Ações em Tesouraria;5.04.01;Aumentos de Capital;0.0;S
09.305.994/0001-29;2023-03-31;1;AZUL S.A.;24112;DF Consolidado - Demonstração das Mutações do Patrimônio Líquido;REAL;MIL;PENÚLTIMO;2022-01-01;2022-03-31;Reservas de Lucro;5.04.01;Aumentos de Capital;0.0;S
09.305.994/0001-29;2023-03-31;1;AZUL S.A.;24112;DF Consolidado - Demonstração das Mutações do Patrimônio Líquido;REAL;MIL;ÚLTIMO;2023-01-01;2023-03-31;Reservas de Lucro;5.04.01;Aumentos de Capital;0.0;S
09.305.994/0001-29;2023-03-31;1;AZUL S.A.;24112;DF Consolidado - Demonstração das Mutações do Patrimônio Líquido;REAL;MIL;PENÚLTIMO;2022-01-01;2022-03-31;Lucros ou Prejuízos Acumulados;5.04.01;Aumentos de Capital;0.0;S
09.305.994/0001-29;2023-03-31;1;AZUL S.A.;24112;DF Consolidado - Demonstração das Mutações do Patrimônio Líquido;REAL;MIL;ÚLTIMO;2023-01-01;2023-03-31;Lucros ou Prejuízos Acumulados;5.04.01;Aumentos de Capital;0.0;S
09.305.994/0001-29;2023-03-31;1;AZUL S.A.;24112;DF Consolidado - Demonstração das Mutações do Patrimônio Líquido;REAL;MIL;PENÚLTIMO;2022-01-01;2022-03-31;Outros Resultados Abrangentes;5.04.01;Aumentos de Capital;0.0;S
09.305.994/0001-29;2023-03-31;1;AZUL S.A.;24112;DF Consolidado - Demonstração das Mutações do Patrimônio Líquido;REAL;MIL;ÚLTIMO;2023-01-01;2023-03-31;Outros Resultados Abrangentes;5.04.01;Aumentos de Capital;0.0;S
09.305.994/0001-29;2023-03-31;1;AZUL S.A.;24112;DF Consolidado - Demonstração das Mutações do Patrimônio Líquido;REAL;MIL;PENÚLTIMO;2022-01-01;2022-03-31;Patrimônio Líquido;5.04.01;Aumentos de Capital;0.0;S
09.305.994/0001-29;2023-03-31;1;AZUL S.A.;24112;DF Consolidado - Demonstração das Mutações do Patrimônio Líquido;REAL;MIL;ÚLTIMO;2023-01-01;2023-03-31;Patrimônio Líquido;5.04.01;Aumentos de Capital;0.0;S
09.305.994/0001-29;2023-03-31;1;AZUL S.A.;24112;DF Consolidado - Demonstração das Mutações do Patrimônio Líquido;REAL;MIL;PENÚLTIMO;2022-01-01;2022-03-31;Participação dos Não Controladores;5.04.01;Aumentos de Capital;0.0;S
09.305.994/0001-29;2023-03-31;1;AZUL S.A.;24112;DF Consolidado - Demonstração das Mutações do Patrimônio Líquido;REAL;MIL;ÚLTIMO;2023-01-01;2023-03-31;Participação dos Não Controladores;5.04.01;Aumentos de Capital;0.0;S
09.305.994/0001-29;2023-03-31;1;AZUL S.A.;24112;DF Consolidado - Demonstração das Mutações do Patrimônio Líquido;REAL;MIL;PENÚLTIMO;2022-01-01;2022-03-31;Patrimônio Líquido Consolidado;5.04.01;Aumentos de Capital;0.0;S
09.305.994/0001-29;2023-03-31;1;AZUL S.A.;24112;DF Consolidado - Demonstração das Mutações do Patrimônio Líquido;REAL;MIL;ÚLTIMO;2023-01-01;2023-03-31;Patrimônio Líquido Consolidado;5.04.01;Aumentos de Capital;0.0;S
09.305.994/0001-29;2023-03-31;1;AZUL S.A.;24112;DF Consolidado - Demonstração das Mutações do Patrimônio Líquido;REAL;MIL;PENÚLTIMO;2022-01-01;2022-03-31;Capital Social Integralizado;5.04.02;Gastos com Emissão de Ações;0.0;S
09.305.994/0001-29;2023-03-31;1;AZUL S.A.;24112;DF Consolidado - Demonstração das Mutações do Patrimônio Líquido;REAL;MIL;ÚLTIMO;2023-01-01;2023-03-31;Capital Social Integralizado;5.04.02;Gastos com Emissão de Ações;0.0;S
09.305.994/0001-29;2023-03-31;1;AZUL S.A.;24112;DF Consolidado - Demonstração das Mutações do Patrimônio Líquido;REAL;MIL;PENÚLTIMO;2022-01-01;2022-03-31;Reservas de Capital, Opções Outorgadas e Ações em Tesouraria;5.04.02;Gastos com Emissão de Ações;0.0;S
09.305.994/0001-29;2023-03-31;1;AZUL S.A.;24112;DF Consolidado - Demonstração das Mutações do Patrimônio Líquido;REAL;MIL;ÚLTIMO;2023-01-01;2023-03-31;Reservas de Capital, Opções Outorgadas e Ações em Tesouraria;5.04.02;Gastos com Emissão de Ações;0.0;S
09.305.994/0001-29;2023-03-31;1;AZUL S.A.;24112;DF Consolidado - Demonstração das Mutações do Patrimônio Líquido;REAL;MIL;PENÚLTIMO;2022-01-01;2022-03-31;Reservas de Lucro;5.04.02;Gastos com Emissão de Ações;0.0;S
09.305.994/0001-29;2023-03-31;1;AZUL S.A.;24112;DF Consolidado - Demonstração das Mutações do Patrimônio Líquido;REAL;MIL;ÚLTIMO;2023-01-01;2023-03-31;Reservas de Lucro;5.04.02;Gastos com Emissão de Ações;0.0;S
09.305.994/0001-29;2023-03-31;1;AZUL S.A.;24112;DF Consolidado - Demonstração das Mutações do Patrimônio Líquido;REAL;MIL;PENÚLTIMO;2022-01-01;2022-03-31;Lucros ou Prejuízos Acumulados;5.04.02;Gastos com Emissão de Ações;0.0;S
09.305.994/0001-29;2023-03-31;1;AZUL S.A.;24112;DF Consolidado - Demonstração das Mutações do Patrimônio Líquido;REAL;MIL;ÚLTIMO;2023-01-01;2023-03-31;Lucros ou Prejuízos Acumulados;5.04.02;Gastos com Emissão de Ações;0.0;S
09.305.994/0001-29;2023-03-31;1;AZUL S.A.;24112;DF Consolidado - Demonstração das Mutações do Patrimônio Líquido;REAL;MIL;PENÚLTIMO;2022-01-01;2022-03-31;Outros Resultados Abrangentes;5.04.02;Gastos com Emissão de Ações;0.0;S
09.305.994/0001-29;2023-03-31;1;AZUL S.A.;24112;DF Consolidado - Demonstração das Mutações do Patrimônio Líquido;REAL;MIL;ÚLTIMO;2023-01-01;2023-03-31;Outros Resultados Abrangentes;5.04.02;Gastos com Emissão de Ações;0.0;S
09.305.994/0001-29;2023-03-31;1;AZUL S.A.;24112;DF Consolidado - Demonstração das Mutações do Patrimônio Líquido;REAL;MIL;PENÚLTIMO;2022-01-01;2022-03-31;Patrimônio Líquido;5.04.02;Gastos com Emissão de Ações;0.0;S
09.305.994/0001-29;2023-03-31;1;AZUL S.A.;24112;DF Consolidado - Demonstração das Mutações do Patrimônio Líquido;REAL;MIL;ÚLTIMO;2023-01-01;2023-03-31;Patrimônio Líquido;5.04.02;Gastos com Emissão de Ações;0.0;S
09.305.994/0001-29;2023-03-31;1;AZUL S.A.;24112;DF Consolidado - Demonstração das Mutações do Patrimônio Líquido;REAL;MIL;PENÚLTIMO;2022-01-01;2022-03-31;Participação dos Não Controladores;5.04.02;Gastos com Emissão de Ações;0.0;S
09.305.994/0001-29;2023-03-31;1;AZUL S.A.;24112;DF Consolidado - Demonstração das Mutações do Patrimônio Líquido;REAL;MIL;ÚLTIMO;2023-01-01;2023-03-31;Participação dos Não Controladores;5.04.02;Gastos com Emissão de Ações;0.0;S
09.305.994/0001-29;2023-03-31;1;AZUL S.A.;24112;DF Consolidado - Demonstração das Mutações do Patrimônio Líquido;REAL;MIL;PENÚLTIMO;2022-01-01;2022-03-31;Patrimônio Líquido Consolidado;5.04.02;Gastos com Emissão de Ações;0.0;S
09.305.994/0001-29;2023-03-31;1;AZUL S.A.;24112;DF Consolidado - Demonstração das Mutações do Patrimônio Líquido;REAL;MIL;ÚLTIMO;2023-01-01;2023-03-31;Patrimônio Líquido Consolidado;5.04.02;Gastos com Emissão de Ações;0.0;S
09.305.994/0001-29;2023-03-31;1;AZUL S.A.;24112;DF Consolidado - Demonstração das Mutações do Patrimônio Líquido;REAL;MIL;PENÚLTIMO;2022-01-01;2022-03-31;Capital Social Integralizado;5.04.03;Opções Outorgadas Reconhecidas;120.0;S
09.305.994/0001-29;2023-03-31;1;AZUL S.A.;24112;DF Consolidado - Demonstração das Mutações do Patrimônio Líquido;REAL;MIL;ÚLTIMO;2023-01-01;2023-03-31;Capital Social Integralizado;5.04.03;Opções Outorgadas Reconhecidas;61.0;S
09.305.994/0001-29;2023-03-31;1;AZUL S.A.;24112;DF Consolidado - Demonstração das Mutações do Patrimônio Líquido;REAL;MIL;PENÚLTIMO;2022-01-01;2022-03-31;Reservas de Capital, Opções Outorgadas e Ações em Tesouraria;5.04.03;Opções Outorgadas Reconhecidas;4307.0;S
09.305.994/0001-29;2023-03-31;1;AZUL S.A.;24112;DF Consolidado - Demonstração das Mutações do Patrimônio Líquido;REAL;MIL;ÚLTIMO;2023-01-01;2023-03-31;Reservas de Capital, Opções Outorgadas e Ações em Tesouraria;5.04.03;Opções Outorgadas Reconhecidas;20270.0;S
09.305.994/0001-29;2023-03-31;1;AZUL S.A.;24112;DF Consolidado - Demonstração das Mutações do Patrimônio Líquido;REAL;MIL;PENÚLTIMO;2022-01-01;2022-03-31;Reservas de Lucro;5.04.03;Opções Outorgadas Reconhecidas;0.0;S
09.305.994/0001-29;2023-03-31;1;AZUL S.A.;24112;DF Consolidado - Demonstração das Mutações do Patrimônio Líquido;REAL;MIL;ÚLTIMO;2023-01-01;2023-03-31;Reservas de Lucro;5.04.03;Opções Outorgadas Reconhecidas;0.0;S
09.305.994/0001-29;2023-03-31;1;AZUL S.A.;24112;DF Consolidado - Demonstração das Mutações do Patrimônio Líquido;REAL;MIL;PENÚLTIMO;2022-01-01;2022-03-31;Lucros ou Prejuízos Acumulados;5.04.03;Opções Outorgadas Reconhecidas;0.0;S
09.305.994/0001-29;2023-03-31;1;AZUL S.A.;24112;DF Consolidado - Demonstração das Mutações do Patrimônio Líquido;REAL;MIL;ÚLTIMO;2023-01-01;2023-03-31;Lucros ou Prejuízos Acumulados;5.04.03;Opções Outorgadas Reconhecidas;0.0;S
09.305.994/0001-29;2023-03-31;1;AZUL S.A.;24112;DF Consolidado - Demonstração das Mutações do Patrimônio Líquido;REAL;MIL;PENÚLTIMO;2022-01-01;2022-03-31;Outros Resultados Abrangentes;5.04.03;Opções Outorgadas Reconhecidas;0.0;S
09.305.994/0001-29;2023-03-31;1;AZUL S.A.;24112;DF Consolidado - Demonstração das Mutações do Patrimônio Líquido;REAL;MIL;ÚLTIMO;2023-01-01;2023-03-31;Outros Resultados Abrangentes;5.04.03;Opções Outorgadas Reconhecidas;0.0;S
09.305.994/0001-29;2023-03-31;1;AZUL S.A.;24112;DF Consolidado - Demonstração das Mutações do Patrimônio Líquido;REAL;MIL;PENÚLTIMO;2022-01-01;2022-03-31;Patrimônio Líquido;5.04.03;Opções Outorgadas Reconhecidas;4427.0;S
09.305.994/0001-29;2023-03-31;1;AZUL S.A.;24112;DF Consolidado - Demonstração das Mutações do Patrimônio Líquido;REAL;MIL;ÚLTIMO;2023-01-01;2023-03-31;Patrimônio Líquido;5.04.03;Opções Outorgadas Reconhecidas;20331.0;S
09.305.994/0001-29;2023-03-31;1;AZUL S.A.;24112;DF Consolidado - Demonstração das Mutações do Patrimônio Líquido;REAL;MIL;PENÚLTIMO;2022-01-01;2022-03-31;Participação dos Não Controladores;5.04.03;Opções Outorgadas Reconhecidas;0.0;S
09.305.994/0001-29;2023-03-31;1;AZUL S.A.;24112;DF Consolidado - Demonstração das Mutações do Patrimônio Líquido;REAL;MIL;ÚLTIMO;2023-01-01;2023-03-31;Participação dos Não Controladores;5.04.03;Opções Outorgadas Reconhecidas;0.0;S
09.305.994/0001-29;2023-03-31;1;AZUL S.A.;24112;DF Consolidado - Demonstração das Mutações do Patrimônio Líquido;REAL;MIL;PENÚLTIMO;2022-01-01;2022-03-31;Patrimônio Líquido Consolidado;5.04.03;Opções Outorgadas Reconhecidas;4427.0;S
09.305.994/0001-29;2023-03-31;1;AZUL S.A.;24112;DF Consolidado - Demonstração das Mutações do Patrimônio Líquido;REAL;MIL;ÚLTIMO;2023-01-01;2023-03-31;Patrimônio Líquido Consolidado;5.04.03;Opções Outorgadas Reconhecidas;20331.0;S
09.305.994/0001-29;2023-03-31;1;AZUL S.A.;24112;DF Consolidado - Demonstração das Mutações do Patrimônio Líquido;REAL;MIL;PENÚLTIMO;2022-01-01;2022-03-31;Capital Social Integralizado;5.04.04;Ações em Tesouraria Adquiridas;0.0;S
09.305.994/0001-29;2023-03-31;1;AZUL S.A.;24112;DF Consolidado - Demonstração das Mutações do Patrimônio Líquido;REAL;MIL;ÚLTIMO;2023-01-01;2023-03-31;Capital Social Integralizado;5.04.04;Ações em Tesouraria Adquiridas;0.0;S
09.305.994/0001-29;2023-03-31;1;AZUL S.A.;24112;DF Consolidado - Demonstração das Mutações do Patrimônio Líquido;REAL;MIL;PENÚLTIMO;2022-01-01;2022-03-31;Reservas de Capital, Opções Outorgadas e Ações em Tesouraria;5.04.04;Ações em Tesouraria Adquiridas;-40.0;S
09.305.994/0001-29;2023-03-31;1;AZUL S.A.;24112;DF Consolidado - Demonstração das Mutações do Patrimônio Líquido;REAL;MIL;ÚLTIMO;2023-01-01;2023-03-31;Reservas de Capital, Opções Outorgadas e Ações em Tesouraria;5.04.04;Ações em Tesouraria Adquiridas;-2881.0;S
09.305.994/0001-29;2023-03-31;1;AZUL S.A.;24112;DF Consolidado - Demonstração das Mutações do Patrimônio Líquido;REAL;MIL;PENÚLTIMO;2022-01-01;2022-03-31;Reservas de Lucro;5.04.04;Ações em Tesouraria Adquiridas;0.0;S
09.305.994/0001-29;2023-03-31;1;AZUL S.A.;24112;DF Consolidado - Demonstração das Mutações do Patrimônio Líquido;REAL;MIL;ÚLTIMO;2023-01-01;2023-03-31;Reservas de Lucro;5.04.04;Ações em Tesouraria Adquiridas;0.0;S
09.305.994/0001-29;2023-03-31;1;AZUL S.A.;24112;DF Consolidado - Demonstração das Mutações do Patrimônio Líquido;REAL;MIL;PENÚLTIMO;2022-01-01;2022-03-31;Lucros ou Prejuízos Acumulados;5.04.04;Ações em Tesouraria Adquiridas;0.0;S
09.305.994/0001-29;2023-03-31;1;AZUL S.A.;24112;DF Consolidado - Demonstração das Mutações do Patrimônio Líquido;REAL;MIL;ÚLTIMO;2023-01-01;2023-03-31;Lucros ou Prejuízos Acumulados;5.04.04;Ações em Tesouraria Adquiridas;0.0;S
09.305.994/0001-29;2023-03-31;1;AZUL S.A.;24112;DF Consolidado - Demonstração das Mutações do Patrimônio Líquido;REAL;MIL;PENÚLTIMO;2022-01-01;2022-03-31;Outros Resultados Abrangentes;5.04.04;Ações em Tesouraria Adquiridas;0.0;S
09.305.994/0001-29;2023-03-31;1;AZUL S.A.;24112;DF Consolidado - Demonstração das Mutações do Patrimônio Líquido;REAL;MIL;ÚLTIMO;2023-01-01;2023-03-31;Outros Resultados Abrangentes;5.04.04;Ações em Tesouraria Adquiridas;0.0;S
09.305.994/0001-29;2023-03-31;1;AZUL S.A.;24112;DF Consolidado - Demonstração das Mutações do Patrimônio Líquido;REAL;MIL;PENÚLTIMO;2022-01-01;2022-03-31;Patrimônio Líquido;5.04.04;Ações em Tesouraria Adquiridas;-40.0;S
09.305.994/0001-29;2023-03-31;1;AZUL S.A.;24112;DF Consolidado - Demonstração das Mutações do Patrimônio Líquido;REAL;MIL;ÚLTIMO;2023-01-01;2023-03-31;Patrimônio Líquido;5.04.04;Ações em Tesouraria Adquiridas;-2881.0;S
09.305.994/0001-29;2023-03-31;1;AZUL S.A.;24112;DF Consolidado - Demonstração das Mutações do Patrimônio Líquido;REAL;MIL;PENÚLTIMO;2022-01-01;2022-03-31;Participação dos Não Controladores;5.04.04;Ações em Tesouraria Adquiridas;0.0;S
09.305.994/0001-29;2023-03-31;1;AZUL S.A.;24112;DF Consolidado - Demonstração das Mutações do Patrimônio Líquido;REAL;MIL;ÚLTIMO;2023-01-01;2023-03-31;Participação dos Não Controladores;5.04.04;Ações em Tesouraria Adquiridas;0.0;S
09.305.994/0001-29;2023-03-31;1;AZUL S.A.;24112;DF Consolidado - Demonstração das Mutações do Patrimônio Líquido;REAL;MIL;PENÚLTIMO;2022-01-01;2022-03-31;Patrimônio Líquido Consolidado;5.04.04;Ações em Tesouraria Adquiridas;-40.0;S
09.305.994/0001-29;2023-03-31;1;AZUL S.A.;24112;DF Consolidado - Demonstração das Mutações do Patrimônio Líquido;REAL;MIL;ÚLTIMO;2023-01-01;2023-03-31;Patrimônio Líquido Consolidado;5.04.04;Ações em Tesouraria Adquiridas;-2881.0;S
09.305.994/0001-29;2023-03-31;1;AZUL S.A.;24112;DF Consolidado - Demonstração das Mutações do Patrimônio Líquido;REAL;MIL;PENÚLTIMO;2022-01-01;2022-03-31;Capital Social Integralizado;5.04.05;Ações em Tesouraria Vendidas;0.0;S
09.305.994/0001-29;2023-03-31;1;AZUL S.A.;24112;DF Consolidado - Demonstração das Mutações do Patrimônio Líquido;REAL;MIL;ÚLTIMO;2023-01-01;2023-03-31;Capital Social Integralizado;5.04.05;Ações em Tesouraria Vendidas;0.0;S
09.305.994/0001-29;2023-03-31;1;AZUL S.A.;24112;DF Consolidado - Demonstração das Mutações do Patrimônio Líquido;REAL;MIL;PENÚLTIMO;2022-01-01;2022-03-31;Reservas de Capital, Opções Outorgadas e Ações em Tesouraria;5.04.05;Ações em Tesouraria Vendidas;0.0;S
09.305.994/0001-29;2023-03-31;1;AZUL S.A.;24112;DF Consolidado - Demonstração das Mutações do Patrimônio Líquido;REAL;MIL;ÚLTIMO;2023-01-01;2023-03-31;Reservas de Capital, Opções Outorgadas e Ações em Tesouraria;5.04.05;Ações em Tesouraria Vendidas;0.0;S
09.305.994/0001-29;2023-03-31;1;AZUL S.A.;24112;DF Consolidado - Demonstração das Mutações do Patrimônio Líquido;REAL;MIL;PENÚLTIMO;2022-01-01;2022-03-31;Reservas de Lucro;5.04.05;Ações em Tesouraria Vendidas;0.0;S
09.305.994/0001-29;2023-03-31;1;AZUL S.A.;24112;DF Consolidado - Demonstração das Mutações do Patrimônio Líquido;REAL;MIL;ÚLTIMO;2023-01-01;2023-03-31;Reservas de Lucro;5.04.05;Ações em Tesouraria Vendidas;0.0;S
09.305.994/0001-29;2023-03-31;1;AZUL S.A.;24112;DF Consolidado - Demonstração das Mutações do Patrimônio Líquido;REAL;MIL;PENÚLTIMO;2022-01-01;2022-03-31;Lucros ou Prejuízos Acumulados;5.04.05;Ações em Tesouraria Vendidas;0.0;S
09.305.994/0001-29;2023-03-31;1;AZUL S.A.;24112;DF Consolidado - Demonstração das Mutações do Patrimônio Líquido;REAL;MIL;ÚLTIMO;2023-01-01;2023-03-31;Lucros ou Prejuízos Acumulados;5.04.05;Ações em Tesouraria Vendidas;0.0;S
09.305.994/0001-29;2023-03-31;1;AZUL S.A.;24112;DF Consolidado - Demonstração das Mutações do Patrimônio Líquido;REAL;MIL;PENÚLTIMO;2022-01-01;2022-03-31;Outros Resultados Abrangentes;5.04.05;Ações em Tesouraria Vendidas;0.0;S
09.305.994/0001-29;2023-03-31;1;AZUL S.A.;24112;DF Consolidado - Demonstração das Mutações do Patrimônio Líquido;REAL;MIL;ÚLTIMO;2023-01-01;2023-03-31;Outros Resultados Abrangentes;5.04.05;Ações em Tesouraria Vendidas;0.0;S
09.305.994/0001-29;2023-03-31;1;AZUL S.A.;24112;DF Consolidado - Demonstração das Mutações do Patrimônio Líquido;REAL;MIL;PENÚLTIMO;2022-01-01;2022-03-31;Patrimônio Líquido;5.04.05;Ações em Tesouraria Vendidas;0.0;S
09.305.994/0001-29;2023-03-31;1;AZUL S.A.;24112;DF Consolidado - Demonstração das Mutações do Patrimônio Líquido;REAL;MIL;ÚLTIMO;2023-01-01;2023-03-31;Patrimônio Líquido;5.04.05;Ações em Tesouraria Vendidas;0.0;S
09.305.994/0001-29;2023-03-31;1;AZUL S.A.;24112;DF Consolidado - Demonstração das Mutações do Patrimônio Líquido;REAL;MIL;PENÚLTIMO;2022-01-01;2022-03-31;Participação dos Não Controladores;5.04.05;Ações em Tesouraria Vendidas;0.0;S
09.305.994/0001-29;2023-03-31;1;AZUL S.A.;24112;DF Consolidado - Demonstração das Mutações do Patrimônio Líquido;REAL;MIL;ÚLTIMO;2023-01-01;2023-03-31;Participação dos Não Controladores;5.04.05;Ações em Tesouraria Vendidas;0.0;S
09.305.994/0001-29;2023-03-31;1;AZUL S.A.;24112;DF Consolidado - Demonstração das Mutações do Patrimônio Líquido;REAL;MIL;PENÚLTIMO;2022-01-01;2022-03-31;Patrimônio Líquido Consolidado;5.04.05;Ações em Tesouraria Vendidas;0.0;S
09.305.994/0001-29;2023-03-31;1;AZUL S.A.;24112;DF Consolidado - Demonstração das Mutações do Patrimônio Líquido;REAL;MIL;ÚLTIMO;2023-01-01;2023-03-31;Patrimônio Líquido Consolidado;5.04.05;Ações em Tesouraria Vendidas;0.0;S
09.305.994/0001-29;2023-03-31;1;AZUL S.A.;24112;DF Consolidado - Demonstração das Mutações do Patrimônio Líquido;REAL;MIL;PENÚLTIMO;2022-01-01;2022-03-31;Capital Social Integralizado;5.04.06;Dividendos;0.0;S
09.305.994/0001-29;2023-03-31;1;AZUL S.A.;24112;DF Consolidado - Demonstração das Mutações do Patrimônio Líquido;REAL;MIL;ÚLTIMO;2023-01-01;2023-03-31;Capital Social Integralizado;5.04.06;Dividendos;0.0;S
09.305.994/0001-29;2023-03-31;1;AZUL S.A.;24112;DF Consolidado - Demonstração das Mutações do Patrimônio Líquido;REAL;MIL;PENÚLTIMO;2022-01-01;2022-03-31;Reservas de Capital, Opções Outorgadas e Ações em Tesouraria;5.04.06;Dividendos;0.0;S
09.305.994/0001-29;2023-03-31;1;AZUL S.A.;24112;DF Consolidado - Demonstração das Mutações do Patrimônio Líquido;REAL;MIL;ÚLTIMO;2023-01-01;2023-03-31;Reservas de Capital, Opções Outorgadas e Ações em Tesouraria;5.04.06;Dividendos;0.0;S
09.305.994/0001-29;2023-03-31;1;AZUL S.A.;24112;DF Consolidado - Demonstração das Mutações do Patrimônio Líquido;REAL;MIL;PENÚLTIMO;2022-01-01;2022-03-31;Reservas de Lucro;5.04.06;Dividendos;0.0;S
09.305.994/0001-29;2023-03-31;1;AZUL S.A.;24112;DF Consolidado - Demonstração das Mutações do Patrimônio Líquido;REAL;MIL;ÚLTIMO;2023-01-01;2023-03-31;Reservas de Lucro;5.04.06;Dividendos;0.0;S
09.305.994/0001-29;2023-03-31;1;AZUL S.A.;24112;DF Consolidado - Demonstração das Mutações do Patrimônio Líquido;REAL;MIL;PENÚLTIMO;2022-01-01;2022-03-31;Lucros ou Prejuízos Acumulados;5.04.06;Dividendos;0.0;S
09.305.994/0001-29;2023-03-31;1;AZUL S.A.;24112;DF Consolidado - Demonstração das Mutações do Patrimônio Líquido;REAL;MIL;ÚLTIMO;2023-01-01;2023-03-31;Lucros ou Prejuízos Acumulados;5.04.06;Dividendos;0.0;S
09.305.994/0001-29;2023-03-31;1;AZUL S.A.;24112;DF Consolidado - Demonstração das Mutações do Patrimônio Líquido;REAL;MIL;PENÚLTIMO;2022-01-01;2022-03-31;Outros Resultados Abrangentes;5.04.06;Dividendos;0.0;S
09.305.994/0001-29;2023-03-31;1;AZUL S.A.;24112;DF Consolidado - Demonstração das Mutações do Patrimônio Líquido;REAL;MIL;ÚLTIMO;2023-01-01;2023-03-31;Outros Resultados Abrangentes;5.04.06;Dividendos;0.0;S
09.305.994/0001-29;2023-03-31;1;AZUL S.A.;24112;DF Consolidado - Demonstração das Mutações do Patrimônio Líquido;REAL;MIL;PENÚLTIMO;2022-01-01;2022-03-31;Patrimônio Líquido;5.04.06;Dividendos;0.0;S
09.305.994/0001-29;2023-03-31;1;AZUL S.A.;24112;DF Consolidado - Demonstração das Mutações do Patrimônio Líquido;REAL;MIL;ÚLTIMO;2023-01-01;2023-03-31;Patrimônio Líquido;5.04.06;Dividendos;0.0;S
09.305.994/0001-29;2023-03-31;1;AZUL S.A.;24112;DF Consolidado - Demonstração das Mutações do Patrimônio Líquido;REAL;MIL;PENÚLTIMO;2022-01-01;2022-03-31;Participação dos Não Controladores;5.04.06;Dividendos;0.0;S
09.305.994/0001-29;2023-03-31;1;AZUL S.A.;24112;DF Consolidado - Demonstração das Mutações do Patrimônio Líquido;REAL;MIL;ÚLTIMO;2023-01-01;2023-03-31;Participação dos Não Controladores;5.04.06;Dividendos;0.0;S
09.305.994/0001-29;2023-03-31;1;AZUL S.A.;24112;DF Consolidado - Demonstração das Mutações do Patrimônio Líquido;REAL;MIL;PENÚLTIMO;2022-01-01;2022-03-31;Patrimônio Líquido Consolidado;5.04.06;Dividendos;0.0;S
09.305.994/0001-29;2023-03-31;1;AZUL S.A.;24112;DF Consolidado - Demonstração das Mutações do Patrimônio Líquido;REAL;MIL;ÚLTIMO;2023-01-01;2023-03-31;Patrimônio Líquido Consolidado;5.04.06;Dividendos;0.0;S
09.305.994/0001-29;2023-03-31;1;AZUL S.A.;24112;DF Consolidado - Demonstração das Mutações do Patrimônio Líquido;REAL;MIL;PENÚLTIMO;2022-01-01;2022-03-31;Capital Social Integralizado;5.04.07;Juros sobre Capital Próprio;0.0;S
09.305.994/0001-29;2023-03-31;1;AZUL S.A.;24112;DF Consolidado - Demonstração das Mutações do Patrimônio Líquido;REAL;MIL;ÚLTIMO;2023-01-01;2023-03-31;Capital Social Integralizado;5.04.07;Juros sobre Capital Próprio;0.0;S
09.305.994/0001-29;2023-03-31;1;AZUL S.A.;24112;DF Consolidado - Demonstração das Mutações do Patrimônio Líquido;REAL;MIL;PENÚLTIMO;2022-01-01;2022-03-31;Reservas de Capital, Opções Outorgadas e Ações em Tesouraria;5.04.07;Juros sobre Capital Próprio;0.0;S
09.305.994/0001-29;2023-03-31;1;AZUL S.A.;24112;DF Consolidado - Demonstração das Mutações do Patrimônio Líquido;REAL;MIL;ÚLTIMO;2023-01-01;2023-03-31;Reservas de Capital, Opções Outorgadas e Ações em Tesouraria;5.04.07;Juros sobre Capital Próprio;0.0;S
09.305.994/0001-29;2023-03-31;1;AZUL S.A.;24112;DF Consolidado - Demonstração das Mutações do Patrimônio Líquido;REAL;MIL;PENÚLTIMO;2022-01-01;2022-03-31;Reservas de Lucro;5.04.07;Juros sobre Capital Próprio;0.0;S
09.305.994/0001-29;2023-03-31;1;AZUL S.A.;24112;DF Consolidado - Demonstração das Mutações do Patrimônio Líquido;REAL;MIL;ÚLTIMO;2023-01-01;2023-03-31;Reservas de Lucro;5.04.07;Juros sobre Capital Próprio;0.0;S
09.305.994/0001-29;2023-03-31;1;AZUL S.A.;24112;DF Consolidado - Demonstração das Mutações do Patrimônio Líquido;REAL;MIL;PENÚLTIMO;2022-01-01;2022-03-31;Lucros ou Prejuízos Acumulados;5.04.07;Juros sobre Capital Próprio;0.0;S
09.305.994/0001-29;2023-03-31;1;AZUL S.A.;24112;DF Consolidado - Demonstração das Mutações do Patrimônio Líquido;REAL;MIL;ÚLTIMO;2023-01-01;2023-03-31;Lucros ou Prejuízos Acumulados;5.04.07;Juros sobre Capital Próprio;0.0;S
09.305.994/0001-29;2023-03-31;1;AZUL S.A.;24112;DF Consolidado - Demonstração das Mutações do Patrimônio Líquido;REAL;MIL;PENÚLTIMO;2022-01-01;2022-03-31;Outros Resultados Abrangentes;5.04.07;Juros sobre Capital Próprio;0.0;S
09.305.994/0001-29;2023-03-31;1;AZUL S.A.;24112;DF Consolidado - Demonstração das Mutações do Patrimônio Líquido;REAL;MIL;ÚLTIMO;2023-01-01;2023-03-31;Outros Resultados Abrangentes;5.04.07;Juros sobre Capital Próprio;0.0;S
09.305.994/0001-29;2023-03-31;1;AZUL S.A.;24112;DF Consolidado - Demonstração das Mutações do Patrimônio Líquido;REAL;MIL;PENÚLTIMO;2022-01-01;2022-03-31;Patrimônio Líquido;5.04.07;Juros sobre Capital Próprio;0.0;S
09.305.994/0001-29;2023-03-31;1;AZUL S.A.;24112;DF Consolidado - Demonstração das Mutações do Patrimônio Líquido;REAL;MIL;ÚLTIMO;2023-01-01;2023-03-31;Patrimônio Líquido;5.04.07;Juros sobre Capital Próprio;0.0;S
09.305.994/0001-29;2023-03-31;1;AZUL S.A.;24112;DF Consolidado - Demonstração das Mutações do Patrimônio Líquido;REAL;MIL;PENÚLTIMO;2022-01-01;2022-03-31;Participação dos Não Controladores;5.04.07;Juros sobre Capital Próprio;0.0;S
09.305.994/0001-29;2023-03-31;1;AZUL S.A.;24112;DF Consolidado - Demonstração das Mutações do Patrimônio Líquido;REAL;MIL;ÚLTIMO;2023-01-01;2023-03-31;Participação dos Não Controladores;5.04.07;Juros sobre Capital Próprio;0.0;S
09.305.994/0001-29;2023-03-31;1;AZUL S.A.;24112;DF Consolidado - Demonstração das Mutações do Patrimônio Líquido;REAL;MIL;PENÚLTIMO;2022-01-01;2022-03-31;Patrimônio Líquido Consolidado;5.04.07;Juros sobre Capital Próprio;0.0;S
09.305.994/0001-29;2023-03-31;1;AZUL S.A.;24112;DF Consolidado - Demonstração das Mutações do Patrimônio Líquido;REAL;MIL;ÚLTIMO;2023-01-01;2023-03-31;Patrimônio Líquido Consolidado;5.04.07;Juros sobre Capital Próprio;0.0;S
09.305.994/0001-29;2023-03-31;1;AZUL S.A.;24112;DF Consolidado - Demonstração das Mutações do Patrimônio Líquido;REAL;MIL;PENÚLTIMO;2022-01-01;2022-03-31;Capital Social Integralizado;5.04.08;Adiantamento para futuro aumento de capital;22739.0;N
09.305.994/0001-29;2023-03-31;1;AZUL S.A.;24112;DF Consolidado - Demonstração das Mutações do Patrimônio Líquido;REAL;MIL;ÚLTIMO;2023-01-01;2023-03-31;Capital Social Integralizado;5.04.08;Adiantamento para futuro aumento de capital;-61.0;N
09.305.994/0001-29;2023-03-31;1;AZUL S.A.;24112;DF Consolidado - Demonstração das Mutações do Patrimônio Líquido;REAL;MIL;PENÚLTIMO;2022-01-01;2022-03-31;Reservas de Capital, Opções Outorgadas e Ações em Tesouraria;5.04.08;Adiantamento para futuro aumento de capital;0.0;N
09.305.994/0001-29;2023-03-31;1;AZUL S.A.;24112;DF Consolidado - Demonstração das Mutações do Patrimônio Líquido;REAL;MIL;ÚLTIMO;2023-01-01;2023-03-31;Reservas de Capital, Opções Outorgadas e Ações em Tesouraria;5.04.08;Adiantamento para futuro aumento de capital;0.0;N
09.305.994/0001-29;2023-03-31;1;AZUL S.A.;24112;DF Consolidado - Demonstração das Mutações do Patrimônio Líquido;REAL;MIL;PENÚLTIMO;2022-01-01;2022-03-31;Reservas de Lucro;5.04.08;Adiantamento para futuro aumento de capital;0.0;N
09.305.994/0001-29;2023-03-31;1;AZUL S.A.;24112;DF Consolidado - Demonstração das Mutações do Patrimônio Líquido;REAL;MIL;ÚLTIMO;2023-01-01;2023-03-31;Reservas de Lucro;5.04.08;Adiantamento para futuro aumento de capital;0.0;N
09.305.994/0001-29;2023-03-31;1;AZUL S.A.;24112;DF Consolidado - Demonstração das Mutações do Patrimônio Líquido;REAL;MIL;PENÚLTIMO;2022-01-01;2022-03-31;Lucros ou Prejuízos Acumulados;5.04.08;Adiantamento para futuro aumento de capital;0.0;N
09.305.994/0001-29;2023-03-31;1;AZUL S.A.;24112;DF Consolidado - Demonstração das Mutações do Patrimônio Líquido;REAL;MIL;ÚLTIMO;2023-01-01;2023-03-31;Lucros ou Prejuízos Acumulados;5.04.08;Adiantamento para futuro aumento de capital;0.0;N
09.305.994/0001-29;2023-03-31;1;AZUL S.A.;24112;DF Consolidado - Demonstração das Mutações do Patrimônio Líquido;REAL;MIL;PENÚLTIMO;2022-01-01;2022-03-31;Outros Resultados Abrangentes;5.04.08;Adiantamento para futuro aumento de capital;0.0;N
09.305.994/0001-29;2023-03-31;1;AZUL S.A.;24112;DF Consolidado - Demonstração das Mutações do Patrimônio Líquido;REAL;MIL;ÚLTIMO;2023-01-01;2023-03-31;Outros Resultados Abrangentes;5.04.08;Adiantamento para futuro aumento de capital;0.0;N
09.305.994/0001-29;2023-03-31;1;AZUL S.A.;24112;DF Consolidado - Demonstração das Mutações do Patrimônio Líquido;REAL;MIL;PENÚLTIMO;2022-01-01;2022-03-31;Patrimônio Líquido;5.04.08;Adiantamento para futuro aumento de capital;22739.0;N
09.305.994/0001-29;2023-03-31;1;AZUL S.A.;24112;DF Consolidado - Demonstração das Mutações do Patrimônio Líquido;REAL;MIL;ÚLTIMO;2023-01-01;2023-03-31;Patrimônio Líquido;5.04.08;Adiantamento para futuro aumento de capital;-61.0;N
09.305.994/0001-29;2023-03-31;1;AZUL S.A.;24112;DF Consolidado - Demonstração das Mutações do Patrimônio Líquido;REAL;MIL;PENÚLTIMO;2022-01-01;2022-03-31;Participação dos Não Controladores;5.04.08;Adiantamento para futuro aumento de capital;0.0;N
09.305.994/0001-29;2023-03-31;1;AZUL S.A.;24112;DF Consolidado - Demonstração das Mutações do Patrimônio Líquido;REAL;MIL;ÚLTIMO;2023-01-01;2023-03-31;Participação dos Não Controladores;5.04.08;Adiantamento para futuro aumento de capital;0.0;N
09.305.994/0001-29;2023-03-31;1;AZUL S.A.;24112;DF Consolidado - Demonstração das Mutações do Patrimônio Líquido;REAL;MIL;PENÚLTIMO;2022-01-01;2022-03-31;Patrimônio Líquido Consolidado;5.04.08;Adiantamento para futuro aumento de capital;22739.0;N
09.305.994/0001-29;2023-03-31;1;AZUL S.A.;24112;DF Consolidado - Demonstração das Mutações do Patrimônio Líquido;REAL;MIL;ÚLTIMO;2023-01-01;2023-03-31;Patrimônio Líquido Consolidado;5.04.08;Adiantamento para futuro aumento de capital;-61.0;N
09.305.994/0001-29;2023-03-31;1;AZUL S.A.;24112;DF Consolidado - Demonstração das Mutações do Patrimônio Líquido;REAL;MIL;PENÚLTIMO;2022-01-01;2022-03-31;Capital Social Integralizado;5.05;Resultado Abrangente Total;0.0;S
09.305.994/0001-29;2023-03-31;1;AZUL S.A.;24112;DF Consolidado - Demonstração das Mutações do Patrimônio Líquido;REAL;MIL;ÚLTIMO;2023-01-01;2023-03-31;Capital Social Integralizado;5.05;Resultado Abrangente Total;0.0;S
09.305.994/0001-29;2023-03-31;1;AZUL S.A.;24112;DF Consolidado - Demonstração das Mutações do Patrimônio Líquido;REAL;MIL;PENÚLTIMO;2022-01-01;2022-03-31;Reservas de Capital, Opções Outorgadas e Ações em Tesouraria;5.05;Resultado Abrangente Total;0.0;S
09.305.994/0001-29;2023-03-31;1;AZUL S.A.;24112;DF Consolidado - Demonstração das Mutações do Patrimônio Líquido;REAL;MIL;ÚLTIMO;2023-01-01;2023-03-31;Reservas de Capital, Opções Outorgadas e Ações em Tesouraria;5.05;Resultado Abrangente Total;0.0;S
09.305.994/0001-29;2023-03-31;1;AZUL S.A.;24112;DF Consolidado - Demonstração das Mutações do Patrimônio Líquido;REAL;MIL;PENÚLTIMO;2022-01-01;2022-03-31;Reservas de Lucro;5.05;Resultado Abrangente Total;0.0;S
09.305.994/0001-29;2023-03-31;1;AZUL S.A.;24112;DF Consolidado - Demonstração das Mutações do Patrimônio Líquido;REAL;MIL;ÚLTIMO;2023-01-01;2023-03-31;Reservas de Lucro;5.05;Resultado Abrangente Total;0.0;S
09.305.994/0001-29;2023-03-31;1;AZUL S.A.;24112;DF Consolidado - Demonstração das Mutações do Patrimônio Líquido;REAL;MIL;PENÚLTIMO;2022-01-01;2022-03-31;Lucros ou Prejuízos Acumulados;5.05;Resultado Abrangente Total;2667048.0;S
09.305.994/0001-29;2023-03-31;1;AZUL S.A.;24112;DF Consolidado - Demonstração das Mutações do Patrimônio Líquido;REAL;MIL;ÚLTIMO;2023-01-01;2023-03-31;Lucros ou Prejuízos Acumulados;5.05;Resultado Abrangente Total;-736641.0;S
09.305.994/0001-29;2023-03-31;1;AZUL S.A.;24112;DF Consolidado - Demonstração das Mutações do Patrimônio Líquido;REAL;MIL;PENÚLTIMO;2022-01-01;2022-03-31;Outros Resultados Abrangentes;5.05;Resultado Abrangente Total;0.0;S
09.305.994/0001-29;2023-03-31;1;AZUL S.A.;24112;DF Consolidado - Demonstração das Mutações do Patrimônio Líquido;REAL;MIL;ÚLTIMO;2023-01-01;2023-03-31;Outros Resultados Abrangentes;5.05;Resultado Abrangente Total;0.0;S
09.305.994/0001-29;2023-03-31;1;AZUL S.A.;24112;DF Consolidado - Demonstração das Mutações do Patrimônio Líquido;REAL;MIL;PENÚLTIMO;2022-01-01;2022-03-31;Patrimônio Líquido;5.05;Resultado Abrangente Total;2667048.0;S
09.305.994/0001-29;2023-03-31;1;AZUL S.A.;24112;DF Consolidado - Demonstração das Mutações do Patrimônio Líquido;REAL;MIL;ÚLTIMO;2023-01-01;2023-03-31;Patrimônio Líquido;5.05;Resultado Abrangente Total;-736641.0;S
09.305.994/0001-29;2023-03-31;1;AZUL S.A.;24112;DF Consolidado - Demonstração das Mutações do Patrimônio Líquido;REAL;MIL;PENÚLTIMO;2022-01-01;2022-03-31;Participação dos Não Controladores;5.05;Resultado Abrangente Total;0.0;S
09.305.994/0001-29;2023-03-31;1;AZUL S.A.;24112;DF Consolidado - Demonstração das Mutações do Patrimônio Líquido;REAL;MIL;ÚLTIMO;2023-01-01;2023-03-31;Participação dos Não Controladores;5.05;Resultado Abrangente Total;0.0;S
09.305.994/0001-29;2023-03-31;1;AZUL S.A.;24112;DF Consolidado - Demonstração das Mutações do Patrimônio Líquido;REAL;MIL;PENÚLTIMO;2022-01-01;2022-03-31;Patrimônio Líquido Consolidado;5.05;Resultado Abrangente Total;2667048.0;S
09.305.994/0001-29;2023-03-31;1;AZUL S.A.;24112;DF Consolidado - Demonstração das Mutações do Patrimônio Líquido;REAL;MIL;ÚLTIMO;2023-01-01;2023-03-31;Patrimônio Líquido Consolidado;5.05;Resultado Abrangente Total;-736641.0;S
09.305.994/0001-29;2023-03-31;1;AZUL S.A.;24112;DF Consolidado - Demonstração das Mutações do Patrimônio Líquido;REAL;MIL;PENÚLTIMO;2022-01-01;2022-03-31;Capital Social Integralizado;5.05.01;Lucro Líquido do Período;0.0;S
09.305.994/0001-29;2023-03-31;1;AZUL S.A.;24112;DF Consolidado - Demonstração das Mutações do Patrimônio Líquido;REAL;MIL;ÚLTIMO;2023-01-01;2023-03-31;Capital Social Integralizado;5.05.01;Lucro Líquido do Período;0.0;S
09.305.994/0001-29;2023-03-31;1;AZUL S.A.;24112;DF Consolidado - Demonstração das Mutações do Patrimônio Líquido;REAL;MIL;PENÚLTIMO;2022-01-01;2022-03-31;Reservas de Capital, Opções Outorgadas e Ações em Tesouraria;5.05.01;Lucro Líquido do Período;0.0;S
09.305.994/0001-29;2023-03-31;1;AZUL S.A.;24112;DF Consolidado - Demonstração das Mutações do Patrimônio Líquido;REAL;MIL;ÚLTIMO;2023-01-01;2023-03-31;Reservas de Capital, Opções Outorgadas e Ações em Tesouraria;5.05.01;Lucro Líquido do Período;0.0;S
09.305.994/0001-29;2023-03-31;1;AZUL S.A.;24112;DF Consolidado - Demonstração das Mutações do Patrimônio Líquido;REAL;MIL;PENÚLTIMO;2022-01-01;2022-03-31;Reservas de Lucro;5.05.01;Lucro Líquido do Período;0.0;S
09.305.994/0001-29;2023-03-31;1;AZUL S.A.;24112;DF Consolidado - Demonstração das Mutações do Patrimônio Líquido;REAL;MIL;ÚLTIMO;2023-01-01;2023-03-31;Reservas de Lucro;5.05.01;Lucro Líquido do Período;0.0;S
09.305.994/0001-29;2023-03-31;1;AZUL S.A.;24112;DF Consolidado - Demonstração das Mutações do Patrimônio Líquido;REAL;MIL;PENÚLTIMO;2022-01-01;2022-03-31;Lucros ou Prejuízos Acumulados;5.05.01;Lucro Líquido do Período;2667048.0;S
09.305.994/0001-29;2023-03-31;1;AZUL S.A.;24112;DF Consolidado - Demonstração das Mutações do Patrimônio Líquido;REAL;MIL;ÚLTIMO;2023-01-01;2023-03-31;Lucros ou Prejuízos Acumulados;5.05.01;Lucro Líquido do Período;-736641.0;S
09.305.994/0001-29;2023-03-31;1;AZUL S.A.;24112;DF Consolidado - Demonstração das Mutações do Patrimônio Líquido;REAL;MIL;PENÚLTIMO;2022-01-01;2022-03-31;Outros Resultados Abrangentes;5.05.01;Lucro Líquido do Período;0.0;S
09.305.994/0001-29;2023-03-31;1;AZUL S.A.;24112;DF Consolidado - Demonstração das Mutações do Patrimônio Líquido;REAL;MIL;ÚLTIMO;2023-01-01;2023-03-31;Outros Resultados Abrangentes;5.05.01;Lucro Líquido do Período;0.0;S
09.305.994/0001-29;2023-03-31;1;AZUL S.A.;24112;DF Consolidado - Demonstração das Mutações do Patrimônio Líquido;REAL;MIL;PENÚLTIMO;2022-01-01;2022-03-31;Patrimônio Líquido;5.05.01;Lucro Líquido do Período;2667048.0;S
09.305.994/0001-29;2023-03-31;1;AZUL S.A.;24112;DF Consolidado - Demonstração das Mutações do Patrimônio Líquido;REAL;MIL;ÚLTIMO;2023-01-01;2023-03-31;Patrimônio Líquido;5.05.01;Lucro Líquido do Período;-736641.0;S
09.305.994/0001-29;2023-03-31;1;AZUL S.A.;24112;DF Consolidado - Demonstração das Mutações do Patrimônio Líquido;REAL;MIL;PENÚLTIMO;2022-01-01;2022-03-31;Participação dos Não Controladores;5.05.01;Lucro Líquido do Período;0.0;S
09.305.994/0001-29;2023-03-31;1;AZUL S.A.;24112;DF Consolidado - Demonstração das Mutações do Patrimônio Líquido;REAL;MIL;ÚLTIMO;2023-01-01;2023-03-31;Participação dos Não Controladores;5.05.01;Lucro Líquido do Período;0.0;S
09.305.994/0001-29;2023-03-31;1;AZUL S.A.;24112;DF Consolidado - Demonstração das Mutações do Patrimônio Líquido;REAL;MIL;PENÚLTIMO;2022-01-01;2022-03-31;Patrimônio Líquido Consolidado;5.05.01;Lucro Líquido do Período;2667048.0;S
09.305.994/0001-29;2023-03-31;1;AZUL S.A.;24112;DF Consolidado - Demonstração das Mutações do Patrimônio Líquido;REAL;MIL;ÚLTIMO;2023-01-01;2023-03-31;Patrimônio Líquido Consolidado;5.05.01;Lucro Líquido do Período;-736641.0;S
09.305.994/0001-29;2023-03-31;1;AZUL S.A.;24112;DF Consolidado - Demonstração das Mutações do Patrimônio Líquido;REAL;MIL;PENÚLTIMO;2022-01-01;2022-03-31;Capital Social Integralizado;5.05.02;Outros Resultados Abrangentes;0.0;S
09.305.994/0001-29;2023-03-31;1;AZUL S.A.;24112;DF Consolidado - Demonstração das Mutações do Patrimônio Líquido;REAL;MIL;ÚLTIMO;2023-01-01;2023-03-31;Capital Social Integralizado;5.05.02;Outros Resultados Abrangentes;0.0;S
09.305.994/0001-29;2023-03-31;1;AZUL S.A.;24112;DF Consolidado - Demonstração das Mutações do Patrimônio Líquido;REAL;MIL;PENÚLTIMO;2022-01-01;2022-03-31;Reservas de Capital, Opções Outorgadas e Ações em Tesouraria;5.05.02;Outros Resultados Abrangentes;0.0;S
09.305.994/0001-29;2023-03-31;1;AZUL S.A.;24112;DF Consolidado - Demonstração das Mutações do Patrimônio Líquido;REAL;MIL;ÚLTIMO;2023-01-01;2023-03-31;Reservas de Capital, Opções Outorgadas e Ações em Tesouraria;5.05.02;Outros Resultados Abrangentes;0.0;S
09.305.994/0001-29;2023-03-31;1;AZUL S.A.;24112;DF Consolidado - Demonstração das Mutações do Patrimônio Líquido;REAL;MIL;PENÚLTIMO;2022-01-01;2022-03-31;Reservas de Lucro;5.05.02;Outros Resultados Abrangentes;0.0;S
09.305.994/0001-29;2023-03-31;1;AZUL S.A.;24112;DF Consolidado - Demonstração das Mutações do Patrimônio Líquido;REAL;MIL;ÚLTIMO;2023-01-01;2023-03-31;Reservas de Lucro;5.05.02;Outros Resultados Abrangentes;0.0;S
09.305.994/0001-29;2023-03-31;1;AZUL S.A.;24112;DF Consolidado - Demonstração das Mutações do Patrimônio Líquido;REAL;MIL;PENÚLTIMO;2022-01-01;2022-03-31;Lucros ou Prejuízos Acumulados;5.05.02;Outros Resultados Abrangentes;0.0;S
09.305.994/0001-29;2023-03-31;1;AZUL S.A.;24112;DF Consolidado - Demonstração das Mutações do Patrimônio Líquido;REAL;MIL;ÚLTIMO;2023-01-01;2023-03-31;Lucros ou Prejuízos Acumulados;5.05.02;Outros Resultados Abrangentes;0.0;S
09.305.994/0001-29;2023-03-31;1;AZUL S.A.;24112;DF Consolidado - Demonstração das Mutações do Patrimônio Líquido;REAL;MIL;PENÚLTIMO;2022-01-01;2022-03-31;Outros Resultados Abrangentes;5.05.02;Outros Resultados Abrangentes;0.0;S
09.305.994/0001-29;2023-03-31;1;AZUL S.A.;24112;DF Consolidado - Demonstração das Mutações do Patrimônio Líquido;REAL;MIL;ÚLTIMO;2023-01-01;2023-03-31;Outros Resultados Abrangentes;5.05.02;Outros Resultados Abrangentes;0.0;S
09.305.994/0001-29;2023-03-31;1;AZUL S.A.;24112;DF Consolidado - Demonstração das Mutações do Patrimônio Líquido;REAL;MIL;PENÚLTIMO;2022-01-01;2022-03-31;Patrimônio Líquido;5.05.02;Outros Resultados Abrangentes;0.0;S
09.305.994/0001-29;2023-03-31;1;AZUL S.A.;24112;DF Consolidado - Demonstração das Mutações do Patrimônio Líquido;REAL;MIL;ÚLTIMO;2023-01-01;2023-03-31;Patrimônio Líquido;5.05.02;Outros Resultados Abrangentes;0.0;S
09.305.994/0001-29;2023-03-31;1;AZUL S.A.;24112;DF Consolidado - Demonstração das Mutações do Patrimônio Líquido;REAL;MIL;PENÚLTIMO;2022-01-01;2022-03-31;Participação dos Não Controladores;5.05.02;Outros Resultados Abrangentes;0.0;S
09.305.994/0001-29;2023-03-31;1;AZUL S.A.;24112;DF Consolidado - Demonstração das Mutações do Patrimônio Líquido;REAL;MIL;ÚLTIMO;2023-01-01;2023-03-31;Participação dos Não Controladores;5.05.02;Outros Resultados Abrangentes;0.0;S
09.305.994/0001-29;2023-03-31;1;AZUL S.A.;24112;DF Consolidado - Demonstração das Mutações do Patrimônio Líquido;REAL;MIL;PENÚLTIMO;2022-01-01;2022-03-31;Patrimônio Líquido Consolidado;5.05.02;Outros Resultados Abrangentes;0.0;S
09.305.994/0001-29;2023-03-31;1;AZUL S.A.;24112;DF Consolidado - Demonstração das Mutações do Patrimônio Líquido;REAL;MIL;ÚLTIMO;2023-01-01;2023-03-31;Patrimônio Líquido Consolidado;5.05.02;Outros Resultados Abrangentes;0.0;S
09.305.994/0001-29;2023-03-31;1;AZUL S.A.;24112;DF Consolidado - Demonstração das Mutações do Patrimônio Líquido;REAL;MIL;PENÚLTIMO;2022-01-01;2022-03-31;Capital Social Integralizado;5.05.02.01;Ajustes de Instrumentos Financeiros;0.0;S
09.305.994/0001-29;2023-03-31;1;AZUL S.A.;24112;DF Consolidado - Demonstração das Mutações do Patrimônio Líquido;REAL;MIL;ÚLTIMO;2023-01-01;2023-03-31;Capital Social Integralizado;5.05.02.01;Ajustes de Instrumentos Financeiros;0.0;S
09.305.994/0001-29;2023-03-31;1;AZUL S.A.;24112;DF Consolidado - Demonstração das Mutações do Patrimônio Líquido;REAL;MIL;PENÚLTIMO;2022-01-01;2022-03-31;Reservas de Capital, Opções Outorgadas e Ações em Tesouraria;5.05.02.01;Ajustes de Instrumentos Financeiros;0.0;S
09.305.994/0001-29;2023-03-31;1;AZUL S.A.;24112;DF Consolidado - Demonstração das Mutações do Patrimônio Líquido;REAL;MIL;ÚLTIMO;2023-01-01;2023-03-31;Reservas de Capital, Opções Outorgadas e Ações em Tesouraria;5.05.02.01;Ajustes de Instrumentos Financeiros;0.0;S
09.305.994/0001-29;2023-03-31;1;AZUL S.A.;24112;DF Consolidado - Demonstração das Mutações do Patrimônio Líquido;REAL;MIL;PENÚLTIMO;2022-01-01;2022-03-31;Reservas de Lucro;5.05.02.01;Ajustes de Instrumentos Financeiros;0.0;S
09.305.994/0001-29;2023-03-31;1;AZUL S.A.;24112;DF Consolidado - Demonstração das Mutações do Patrimônio Líquido;REAL;MIL;ÚLTIMO;2023-01-01;2023-03-31;Reservas de Lucro;5.05.02.01;Ajustes de Instrumentos Financeiros;0.0;S
09.305.994/0001-29;2023-03-31;1;AZUL S.A.;24112;DF Consolidado - Demonstração das Mutações do Patrimônio Líquido;REAL;MIL;PENÚLTIMO;2022-01-01;2022-03-31;Lucros ou Prejuízos Acumulados;5.05.02.01;Ajustes de Instrumentos Financeiros;0.0;S
09.305.994/0001-29;2023-03-31;1;AZUL S.A.;24112;DF Consolidado - Demonstração das Mutações do Patrimônio Líquido;REAL;MIL;ÚLTIMO;2023-01-01;2023-03-31;Lucros ou Prejuízos Acumulados;5.05.02.01;Ajustes de Instrumentos Financeiros;0.0;S
09.305.994/0001-29;2023-03-31;1;AZUL S.A.;24112;DF Consolidado - Demonstração das Mutações do Patrimônio Líquido;REAL;MIL;PENÚLTIMO;2022-01-01;2022-03-31;Outros Resultados Abrangentes;5.05.02.01;Ajustes de Instrumentos Financeiros;0.0;S
09.305.994/0001-29;2023-03-31;1;AZUL S.A.;24112;DF Consolidado - Demonstração das Mutações do Patrimônio Líquido;REAL;MIL;ÚLTIMO;2023-01-01;2023-03-31;Outros Resultados Abrangentes;5.05.02.01;Ajustes de Instrumentos Financeiros;0.0;S
09.305.994/0001-29;2023-03-31;1;AZUL S.A.;24112;DF Consolidado - Demonstração das Mutações do Patrimônio Líquido;REAL;MIL;PENÚLTIMO;2022-01-01;2022-03-31;Patrimônio Líquido;5.05.02.01;Ajustes de Instrumentos Financeiros;0.0;S
09.305.994/0001-29;2023-03-31;1;AZUL S.A.;24112;DF Consolidado - Demonstração das Mutações do Patrimônio Líquido;REAL;MIL;ÚLTIMO;2023-01-01;2023-03-31;Patrimônio Líquido;5.05.02.01;Ajustes de Instrumentos Financeiros;0.0;S
09.305.994/0001-29;2023-03-31;1;AZUL S.A.;24112;DF Consolidado - Demonstração das Mutações do Patrimônio Líquido;REAL;MIL;PENÚLTIMO;2022-01-01;2022-03-31;Participação dos Não Controladores;5.05.02.01;Ajustes de Instrumentos Financeiros;0.0;S
09.305.994/0001-29;2023-03-31;1;AZUL S.A.;24112;DF Consolidado - Demonstração das Mutações do Patrimônio Líquido;REAL;MIL;ÚLTIMO;2023-01-01;2023-03-31;Participação dos Não Controladores;5.05.02.01;Ajustes de Instrumentos Financeiros;0.0;S
09.305.994/0001-29;2023-03-31;1;AZUL S.A.;24112;DF Consolidado - Demonstração das Mutações do Patrimônio Líquido;REAL;MIL;PENÚLTIMO;2022-01-01;2022-03-31;Patrimônio Líquido Consolidado;5.05.02.01;Ajustes de Instrumentos Financeiros;0.0;S
09.305.994/0001-29;2023-03-31;1;AZUL S.A.;24112;DF Consolidado - Demonstração das Mutações do Patrimônio Líquido;REAL;MIL;ÚLTIMO;2023-01-01;2023-03-31;Patrimônio Líquido Consolidado;5.05.02.01;Ajustes de Instrumentos Financeiros;0.0;S
09.305.994/0001-29;2023-03-31;1;AZUL S.A.;24112;DF Consolidado - Demonstração das Mutações do Patrimônio Líquido;REAL;MIL;PENÚLTIMO;2022-01-01;2022-03-31;Capital Social Integralizado;5.05.02.02;Tributos s/ Ajustes Instrumentos Financeiros;0.0;S
09.305.994/0001-29;2023-03-31;1;AZUL S.A.;24112;DF Consolidado - Demonstração das Mutações do Patrimônio Líquido;REAL;MIL;ÚLTIMO;2023-01-01;2023-03-31;Capital Social Integralizado;5.05.02.02;Tributos s/ Ajustes Instrumentos Financeiros;0.0;S
09.305.994/0001-29;2023-03-31;1;AZUL S.A.;24112;DF Consolidado - Demonstração das Mutações do Patrimônio Líquido;REAL;MIL;PENÚLTIMO;2022-01-01;2022-03-31;Reservas de Capital, Opções Outorgadas e Ações em Tesouraria;5.05.02.02;Tributos s/ Ajustes Instrumentos Financeiros;0.0;S
09.305.994/0001-29;2023-03-31;1;AZUL S.A.;24112;DF Consolidado - Demonstração das Mutações do Patrimônio Líquido;REAL;MIL;ÚLTIMO;2023-01-01;2023-03-31;Reservas de Capital, Opções Outorgadas e Ações em Tesouraria;5.05.02.02;Tributos s/ Ajustes Instrumentos Financeiros;0.0;S
09.305.994/0001-29;2023-03-31;1;AZUL S.A.;24112;DF Consolidado - Demonstração das Mutações do Patrimônio Líquido;REAL;MIL;PENÚLTIMO;2022-01-01;2022-03-31;Reservas de Lucro;5.05.02.02;Tributos s/ Ajustes Instrumentos Financeiros;0.0;S
09.305.994/0001-29;2023-03-31;1;AZUL S.A.;24112;DF Consolidado - Demonstração das Mutações do Patrimônio Líquido;REAL;MIL;ÚLTIMO;2023-01-01;2023-03-31;Reservas de Lucro;5.05.02.02;Tributos s/ Ajustes Instrumentos Financeiros;0.0;S
09.305.994/0001-29;2023-03-31;1;AZUL S.A.;24112;DF Consolidado - Demonstração das Mutações do Patrimônio Líquido;REAL;MIL;PENÚLTIMO;2022-01-01;2022-03-31;Lucros ou Prejuízos Acumulados;5.05.02.02;Tributos s/ Ajustes Instrumentos Financeiros;0.0;S
09.305.994/0001-29;2023-03-31;1;AZUL S.A.;24112;DF Consolidado - Demonstração das Mutações do Patrimônio Líquido;REAL;MIL;ÚLTIMO;2023-01-01;2023-03-31;Lucros ou Prejuízos Acumulados;5.05.02.02;Tributos s/ Ajustes Instrumentos Financeiros;0.0;S
09.305.994/0001-29;2023-03-31;1;AZUL S.A.;24112;DF Consolidado - Demonstração das Mutações do Patrimônio Líquido;REAL;MIL;PENÚLTIMO;2022-01-01;2022-03-31;Outros Resultados Abrangentes;5.05.02.02;Tributos s/ Ajustes Instrumentos Financeiros;0.0;S
09.305.994/0001-29;2023-03-31;1;AZUL S.A.;24112;DF Consolidado - Demonstração das Mutações do Patrimônio Líquido;REAL;MIL;ÚLTIMO;2023-01-01;2023-03-31;Outros Resultados Abrangentes;5.05.02.02;Tributos s/ Ajustes Instrumentos Financeiros;0.0;S
09.305.994/0001-29;2023-03-31;1;AZUL S.A.;24112;DF Consolidado - Demonstração das Mutações do Patrimônio Líquido;REAL;MIL;PENÚLTIMO;2022-01-01;2022-03-31;Patrimônio Líquido;5.05.02.02;Tributos s/ Ajustes Instrumentos Financeiros;0.0;S
09.305.994/0001-29;2023-03-31;1;AZUL S.A.;24112;DF Consolidado - Demonstração das Mutações do Patrimônio Líquido;REAL;MIL;ÚLTIMO;2023-01-01;2023-03-31;Patrimônio Líquido;5.05.02.02;Tributos s/ Ajustes Instrumentos Financeiros;0.0;S
09.305.994/0001-29;2023-03-31;1;AZUL S.A.;24112;DF Consolidado - Demonstração das Mutações do Patrimônio Líquido;REAL;MIL;PENÚLTIMO;2022-01-01;2022-03-31;Participação dos Não Controladores;5.05.02.02;Tributos s/ Ajustes Instrumentos Financeiros;0.0;S
09.305.994/0001-29;2023-03-31;1;AZUL S.A.;24112;DF Consolidado - Demonstração das Mutações do Patrimônio Líquido;REAL;MIL;ÚLTIMO;2023-01-01;2023-03-31;Participação dos Não Controladores;5.05.02.02;Tributos s/ Ajustes Instrumentos Financeiros;0.0;S
09.305.994/0001-29;2023-03-31;1;AZUL S.A.;24112;DF Consolidado - Demonstração das Mutações do Patrimônio Líquido;REAL;MIL;PENÚLTIMO;2022-01-01;2022-03-31;Patrimônio Líquido Consolidado;5.05.02.02;Tributos s/ Ajustes Instrumentos Financeiros;0.0;S
09.305.994/0001-29;2023-03-31;1;AZUL S.A.;24112;DF Consolidado - Demonstração das Mutações do Patrimônio Líquido;REAL;MIL;ÚLTIMO;2023-01-01;2023-03-31;Patrimônio Líquido Consolidado;5.05.02.02;Tributos s/ Ajustes Instrumentos Financeiros;0.0;S
09.305.994/0001-29;2023-03-31;1;AZUL S.A.;24112;DF Consolidado - Demonstração das Mutações do Patrimônio Líquido;REAL;MIL;PENÚLTIMO;2022-01-01;2022-03-31;Capital Social Integralizado;5.05.02.03;Equiv. Patrim. s/Result. Abrang. Coligadas;0.0;S
09.305.994/0001-29;2023-03-31;1;AZUL S.A.;24112;DF Consolidado - Demonstração das Mutações do Patrimônio Líquido;REAL;MIL;ÚLTIMO;2023-01-01;2023-03-31;Capital Social Integralizado;5.05.02.03;Equiv. Patrim. s/Result. Abrang. Coligadas;0.0;S
09.305.994/0001-29;2023-03-31;1;AZUL S.A.;24112;DF Consolidado - Demonstração das Mutações do Patrimônio Líquido;REAL;MIL;PENÚLTIMO;2022-01-01;2022-03-31;Reservas de Capital, Opções Outorgadas e Ações em Tesouraria;5.05.02.03;Equiv. Patrim. s/Result. Abrang. Coligadas;0.0;S
09.305.994/0001-29;2023-03-31;1;AZUL S.A.;24112;DF Consolidado - Demonstração das Mutações do Patrimônio Líquido;REAL;MIL;ÚLTIMO;2023-01-01;2023-03-31;Reservas de Capital, Opções Outorgadas e Ações em Tesouraria;5.05.02.03;Equiv. Patrim. s/Result. Abrang. Coligadas;0.0;S
09.305.994/0001-29;2023-03-31;1;AZUL S.A.;24112;DF Consolidado - Demonstração das Mutações do Patrimônio Líquido;REAL;MIL;PENÚLTIMO;2022-01-01;2022-03-31;Reservas de Lucro;5.05.02.03;Equiv. Patrim. s/Result. Abrang. Coligadas;0.0;S
09.305.994/0001-29;2023-03-31;1;AZUL S.A.;24112;DF Consolidado - Demonstração das Mutações do Patrimônio Líquido;REAL;MIL;ÚLTIMO;2023-01-01;2023-03-31;Reservas de Lucro;5.05.02.03;Equiv. Patrim. s/Result. Abrang. Coligadas;0.0;S
09.305.994/0001-29;2023-03-31;1;AZUL S.A.;24112;DF Consolidado - Demonstração das Mutações do Patrimônio Líquido;REAL;MIL;PENÚLTIMO;2022-01-01;2022-03-31;Lucros ou Prejuízos Acumulados;5.05.02.03;Equiv. Patrim. s/Result. Abrang. Coligadas;0.0;S
09.305.994/0001-29;2023-03-31;1;AZUL S.A.;24112;DF Consolidado - Demonstração das Mutações do Patrimônio Líquido;REAL;MIL;ÚLTIMO;2023-01-01;2023-03-31;Lucros ou Prejuízos Acumulados;5.05.02.03;Equiv. Patrim. s/Result. Abrang. Coligadas;0.0;S
09.305.994/0001-29;2023-03-31;1;AZUL S.A.;24112;DF Consolidado - Demonstração das Mutações do Patrimônio Líquido;REAL;MIL;PENÚLTIMO;2022-01-01;2022-03-31;Outros Resultados Abrangentes;5.05.02.03;Equiv. Patrim. s/Result. Abrang. Coligadas;0.0;S
09.305.994/0001-29;2023-03-31;1;AZUL S.A.;24112;DF Consolidado - Demonstração das Mutações do Patrimônio Líquido;REAL;MIL;ÚLTIMO;2023-01-01;2023-03-31;Outros Resultados Abrangentes;5.05.02.03;Equiv. Patrim. s/Result. Abrang. Coligadas;0.0;S
09.305.994/0001-29;2023-03-31;1;AZUL S.A.;24112;DF Consolidado - Demonstração das Mutações do Patrimônio Líquido;REAL;MIL;PENÚLTIMO;2022-01-01;2022-03-31;Patrimônio Líquido;5.05.02.03;Equiv. Patrim. s/Result. Abrang. Coligadas;0.0;S
09.305.994/0001-29;2023-03-31;1;AZUL S.A.;24112;DF Consolidado - Demonstração das Mutações do Patrimônio Líquido;REAL;MIL;ÚLTIMO;2023-01-01;2023-03-31;Patrimônio Líquido;5.05.02.03;Equiv. Patrim. s/Result. Abrang. Coligadas;0.0;S
09.305.994/0001-29;2023-03-31;1;AZUL S.A.;24112;DF Consolidado - Demonstração das Mutações do Patrimônio Líquido;REAL;MIL;PENÚLTIMO;2022-01-01;2022-03-31;Participação dos Não Controladores;5.05.02.03;Equiv. Patrim. s/Result. Abrang. Coligadas;0.0;S
09.305.994/0001-29;2023-03-31;1;AZUL S.A.;24112;DF Consolidado - Demonstração das Mutações do Patrimônio Líquido;REAL;MIL;ÚLTIMO;2023-01-01;2023-03-31;Participação dos Não Controladores;5.05.02.03;Equiv. Patrim. s/Result. Abrang. Coligadas;0.0;S
09.305.994/0001-29;2023-03-31;1;AZUL S.A.;24112;DF Consolidado - Demonstração das Mutações do Patrimônio Líquido;REAL;MIL;PENÚLTIMO;2022-01-01;2022-03-31;Patrimônio Líquido Consolidado;5.05.02.03;Equiv. Patrim. s/Result. Abrang. Coligadas;0.0;S
09.305.994/0001-29;2023-03-31;1;AZUL S.A.;24112;DF Consolidado - Demonstração das Mutações do Patrimônio Líquido;REAL;MIL;ÚLTIMO;2023-01-01;2023-03-31;Patrimônio Líquido Consolidado;5.05.02.03;Equiv. Patrim. s/Result. Abrang. Coligadas;0.0;S
09.305.994/0001-29;2023-03-31;1;AZUL S.A.;24112;DF Consolidado - Demonstração das Mutações do Patrimônio Líquido;REAL;MIL;PENÚLTIMO;2022-01-01;2022-03-31;Capital Social Integralizado;5.05.02.04;Ajustes de Conversão do Período;0.0;S
09.305.994/0001-29;2023-03-31;1;AZUL S.A.;24112;DF Consolidado - Demonstração das Mutações do Patrimônio Líquido;REAL;MIL;ÚLTIMO;2023-01-01;2023-03-31;Capital Social Integralizado;5.05.02.04;Ajustes de Conversão do Período;0.0;S
09.305.994/0001-29;2023-03-31;1;AZUL S.A.;24112;DF Consolidado - Demonstração das Mutações do Patrimônio Líquido;REAL;MIL;PENÚLTIMO;2022-01-01;2022-03-31;Reservas de Capital, Opções Outorgadas e Ações em Tesouraria;5.05.02.04;Ajustes de Conversão do Período;0.0;S
09.305.994/0001-29;2023-03-31;1;AZUL S.A.;24112;DF Consolidado - Demonstração das Mutações do Patrimônio Líquido;REAL;MIL;ÚLTIMO;2023-01-01;2023-03-31;Reservas de Capital, Opções Outorgadas e Ações em Tesouraria;5.05.02.04;Ajustes de Conversão do Período;0.0;S
09.305.994/0001-29;2023-03-31;1;AZUL S.A.;24112;DF Consolidado - Demonstração das Mutações do Patrimônio Líquido;REAL;MIL;PENÚLTIMO;2022-01-01;2022-03-31;Reservas de Lucro;5.05.02.04;Ajustes de Conversão do Período;0.0;S
09.305.994/0001-29;2023-03-31;1;AZUL S.A.;24112;DF Consolidado - Demonstração das Mutações do Patrimônio Líquido;REAL;MIL;ÚLTIMO;2023-01-01;2023-03-31;Reservas de Lucro;5.05.02.04;Ajustes de Conversão do Período;0.0;S
09.305.994/0001-29;2023-03-31;1;AZUL S.A.;24112;DF Consolidado - Demonstração das Mutações do Patrimônio Líquido;REAL;MIL;PENÚLTIMO;2022-01-01;2022-03-31;Lucros ou Prejuízos Acumulados;5.05.02.04;Ajustes de Conversão do Período;0.0;S
09.305.994/0001-29;2023-03-31;1;AZUL S.A.;24112;DF Consolidado - Demonstração das Mutações do Patrimônio Líquido;REAL;MIL;ÚLTIMO;2023-01-01;2023-03-31;Lucros ou Prejuízos Acumulados;5.05.02.04;Ajustes de Conversão do Período;0.0;S
09.305.994/0001-29;2023-03-31;1;AZUL S.A.;24112;DF Consolidado - Demonstração das Mutações do Patrimônio Líquido;REAL;MIL;PENÚLTIMO;2022-01-01;2022-03-31;Outros Resultados Abrangentes;5.05.02.04;Ajustes de Conversão do Período;0.0;S
09.305.994/0001-29;2023-03-31;1;AZUL S.A.;24112;DF Consolidado - Demonstração das Mutações do Patrimônio Líquido;REAL;MIL;ÚLTIMO;2023-01-01;2023-03-31;Outros Resultados Abrangentes;5.05.02.04;Ajustes de Conversão do Período;0.0;S
09.305.994/0001-29;2023-03-31;1;AZUL S.A.;24112;DF Consolidado - Demonstração das Mutações do Patrimônio Líquido;REAL;MIL;PENÚLTIMO;2022-01-01;2022-03-31;Patrimônio Líquido;5.05.02.04;Ajustes de Conversão do Período;0.0;S
09.305.994/0001-29;2023-03-31;1;AZUL S.A.;24112;DF Consolidado - Demonstração das Mutações do Patrimônio Líquido;REAL;MIL;ÚLTIMO;2023-01-01;2023-03-31;Patrimônio Líquido;5.05.02.04;Ajustes de Conversão do Período;0.0;S
09.305.994/0001-29;2023-03-31;1;AZUL S.A.;24112;DF Consolidado - Demonstração das Mutações do Patrimônio Líquido;REAL;MIL;PENÚLTIMO;2022-01-01;2022-03-31;Participação dos Não Controladores;5.05.02.04;Ajustes de Conversão do Período;0.0;S
09.305.994/0001-29;2023-03-31;1;AZUL S.A.;24112;DF Consolidado - Demonstração das Mutações do Patrimônio Líquido;REAL;MIL;ÚLTIMO;2023-01-01;2023-03-31;Participação dos Não Controladores;5.05.02.04;Ajustes de Conversão do Período;0.0;S
09.305.994/0001-29;2023-03-31;1;AZUL S.A.;24112;DF Consolidado - Demonstração das Mutações do Patrimônio Líquido;REAL;MIL;PENÚLTIMO;2022-01-01;2022-03-31;Patrimônio Líquido Consolidado;5.05.02.04;Ajustes de Conversão do Período;0.0;S
09.305.994/0001-29;2023-03-31;1;AZUL S.A.;24112;DF Consolidado - Demonstração das Mutações do Patrimônio Líquido;REAL;MIL;ÚLTIMO;2023-01-01;2023-03-31;Patrimônio Líquido Consolidado;5.05.02.04;Ajustes de Conversão do Período;0.0;S
09.305.994/0001-29;2023-03-31;1;AZUL S.A.;24112;DF Consolidado - Demonstração das Mutações do Patrimônio Líquido;REAL;MIL;PENÚLTIMO;2022-01-01;2022-03-31;Capital Social Integralizado;5.05.02.05;Tributos s/ Ajustes de Conversão do Período;0.0;S
09.305.994/0001-29;2023-03-31;1;AZUL S.A.;24112;DF Consolidado - Demonstração das Mutações do Patrimônio Líquido;REAL;MIL;ÚLTIMO;2023-01-01;2023-03-31;Capital Social Integralizado;5.05.02.05;Tributos s/ Ajustes de Conversão do Período;0.0;S
09.305.994/0001-29;2023-03-31;1;AZUL S.A.;24112;DF Consolidado - Demonstração das Mutações do Patrimônio Líquido;REAL;MIL;PENÚLTIMO;2022-01-01;2022-03-31;Reservas de Capital, Opções Outorgadas e Ações em Tesouraria;5.05.02.05;Tributos s/ Ajustes de Conversão do Período;0.0;S
09.305.994/0001-29;2023-03-31;1;AZUL S.A.;24112;DF Consolidado - Demonstração das Mutações do Patrimônio Líquido;REAL;MIL;ÚLTIMO;2023-01-01;2023-03-31;Reservas de Capital, Opções Outorgadas e Ações em Tesouraria;5.05.02.05;Tributos s/ Ajustes de Conversão do Período;0.0;S
09.305.994/0001-29;2023-03-31;1;AZUL S.A.;24112;DF Consolidado - Demonstração das Mutações do Patrimônio Líquido;REAL;MIL;PENÚLTIMO;2022-01-01;2022-03-31;Reservas de Lucro;5.05.02.05;Tributos s/ Ajustes de Conversão do Período;0.0;S
09.305.994/0001-29;2023-03-31;1;AZUL S.A.;24112;DF Consolidado - Demonstração das Mutações do Patrimônio Líquido;REAL;MIL;ÚLTIMO;2023-01-01;2023-03-31;Reservas de Lucro;5.05.02.05;Tributos s/ Ajustes de Conversão do Período;0.0;S
09.305.994/0001-29;2023-03-31;1;AZUL S.A.;24112;DF Consolidado - Demonstração das Mutações do Patrimônio Líquido;REAL;MIL;PENÚLTIMO;2022-01-01;2022-03-31;Lucros ou Prejuízos Acumulados;5.05.02.05;Tributos s/ Ajustes de Conversão do Período;0.0;S
09.305.994/0001-29;2023-03-31;1;AZUL S.A.;24112;DF Consolidado - Demonstração das Mutações do Patrimônio Líquido;REAL;MIL;ÚLTIMO;2023-01-01;2023-03-31;Lucros ou Prejuízos Acumulados;5.05.02.05;Tributos s/ Ajustes de Conversão do Período;0.0;S
09.305.994/0001-29;2023-03-31;1;AZUL S.A.;24112;DF Consolidado - Demonstração das Mutações do Patrimônio Líquido;REAL;MIL;PENÚLTIMO;2022-01-01;2022-03-31;Outros Resultados Abrangentes;5.05.02.05;Tributos s/ Ajustes de Conversão do Período;0.0;S
09.305.994/0001-29;2023-03-31;1;AZUL S.A.;24112;DF Consolidado - Demonstração das Mutações do Patrimônio Líquido;REAL;MIL;ÚLTIMO;2023-01-01;2023-03-31;Outros Resultados Abrangentes;5.05.02.05;Tributos s/ Ajustes de Conversão do Período;0.0;S
09.305.994/0001-29;2023-03-31;1;AZUL S.A.;24112;DF Consolidado - Demonstração das Mutações do Patrimônio Líquido;REAL;MIL;PENÚLTIMO;2022-01-01;2022-03-31;Patrimônio Líquido;5.05.02.05;Tributos s/ Ajustes de Conversão do Período;0.0;S
09.305.994/0001-29;2023-03-31;1;AZUL S.A.;24112;DF Consolidado - Demonstração das Mutações do Patrimônio Líquido;REAL;MIL;ÚLTIMO;2023-01-01;2023-03-31;Patrimônio Líquido;5.05.02.05;Tributos s/ Ajustes de Conversão do Período;0.0;S
09.305.994/0001-29;2023-03-31;1;AZUL S.A.;24112;DF Consolidado - Demonstração das Mutações do Patrimônio Líquido;REAL;MIL;PENÚLTIMO;2022-01-01;2022-03-31;Participação dos Não Controladores;5.05.02.05;Tributos s/ Ajustes de Conversão do Período;0.0;S
09.305.994/0001-29;2023-03-31;1;AZUL S.A.;24112;DF Consolidado - Demonstração das Mutações do Patrimônio Líquido;REAL;MIL;ÚLTIMO;2023-01-01;2023-03-31;Participação dos Não Controladores;5.05.02.05;Tributos s/ Ajustes de Conversão do Período;0.0;S
09.305.994/0001-29;2023-03-31;1;AZUL S.A.;24112;DF Consolidado - Demonstração das Mutações do Patrimônio Líquido;REAL;MIL;PENÚLTIMO;2022-01-01;2022-03-31;Patrimônio Líquido Consolidado;5.05.02.05;Tributos s/ Ajustes de Conversão do Período;0.0;S
09.305.994/0001-29;2023-03-31;1;AZUL S.A.;24112;DF Consolidado - Demonstração das Mutações do Patrimônio Líquido;REAL;MIL;ÚLTIMO;2023-01-01;2023-03-31;Patrimônio Líquido Consolidado;5.05.02.05;Tributos s/ Ajustes de Conversão do Período;0.0;S
09.305.994/0001-29;2023-03-31;1;AZUL S.A.;24112;DF Consolidado - Demonstração das Mutações do Patrimônio Líquido;REAL;MIL;PENÚLTIMO;2022-01-01;2022-03-31;Capital Social Integralizado;5.05.03;Reclassificações para o Resultado;0.0;S
09.305.994/0001-29;2023-03-31;1;AZUL S.A.;24112;DF Consolidado - Demonstração das Mutações do Patrimônio Líquido;REAL;MIL;ÚLTIMO;2023-01-01;2023-03-31;Capital Social Integralizado;5.05.03;Reclassificações para o Resultado;0.0;S
09.305.994/0001-29;2023-03-31;1;AZUL S.A.;24112;DF Consolidado - Demonstração das Mutações do Patrimônio Líquido;REAL;MIL;PENÚLTIMO;2022-01-01;2022-03-31;Reservas de Capital, Opções Outorgadas e Ações em Tesouraria;5.05.03;Reclassificações para o Resultado;0.0;S
09.305.994/0001-29;2023-03-31;1;AZUL S.A.;24112;DF Consolidado - Demonstração das Mutações do Patrimônio Líquido;REAL;MIL;ÚLTIMO;2023-01-01;2023-03-31;Reservas de Capital, Opções Outorgadas e Ações em Tesouraria;5.05.03;Reclassificações para o Resultado;0.0;S
09.305.994/0001-29;2023-03-31;1;AZUL S.A.;24112;DF Consolidado - Demonstração das Mutações do Patrimônio Líquido;REAL;MIL;PENÚLTIMO;2022-01-01;2022-03-31;Reservas de Lucro;5.05.03;Reclassificações para o Resultado;0.0;S
09.305.994/0001-29;2023-03-31;1;AZUL S.A.;24112;DF Consolidado - Demonstração das Mutações do Patrimônio Líquido;REAL;MIL;ÚLTIMO;2023-01-01;2023-03-31;Reservas de Lucro;5.05.03;Reclassificações para o Resultado;0.0;S
09.305.994/0001-29;2023-03-31;1;AZUL S.A.;24112;DF Consolidado - Demonstração das Mutações do Patrimônio Líquido;REAL;MIL;PENÚLTIMO;2022-01-01;2022-03-31;Lucros ou Prejuízos Acumulados;5.05.03;Reclassificações para o Resultado;0.0;S
09.305.994/0001-29;2023-03-31;1;AZUL S.A.;24112;DF Consolidado - Demonstração das Mutações do Patrimônio Líquido;REAL;MIL;ÚLTIMO;2023-01-01;2023-03-31;Lucros ou Prejuízos Acumulados;5.05.03;Reclassificações para o Resultado;0.0;S
09.305.994/0001-29;2023-03-31;1;AZUL S.A.;24112;DF Consolidado - Demonstração das Mutações do Patrimônio Líquido;REAL;MIL;PENÚLTIMO;2022-01-01;2022-03-31;Outros Resultados Abrangentes;5.05.03;Reclassificações para o Resultado;0.0;S
09.305.994/0001-29;2023-03-31;1;AZUL S.A.;24112;DF Consolidado - Demonstração das Mutações do Patrimônio Líquido;REAL;MIL;ÚLTIMO;2023-01-01;2023-03-31;Outros Resultados Abrangentes;5.05.03;Reclassificações para o Resultado;0.0;S
09.305.994/0001-29;2023-03-31;1;AZUL S.A.;24112;DF Consolidado - Demonstração das Mutações do Patrimônio Líquido;REAL;MIL;PENÚLTIMO;2022-01-01;2022-03-31;Patrimônio Líquido;5.05.03;Reclassificações para o Resultado;0.0;S
09.305.994/0001-29;2023-03-31;1;AZUL S.A.;24112;DF Consolidado - Demonstração das Mutações do Patrimônio Líquido;REAL;MIL;ÚLTIMO;2023-01-01;2023-03-31;Patrimônio Líquido;5.05.03;Reclassificações para o Resultado;0.0;S
09.305.994/0001-29;2023-03-31;1;AZUL S.A.;24112;DF Consolidado - Demonstração das Mutações do Patrimônio Líquido;REAL;MIL;PENÚLTIMO;2022-01-01;2022-03-31;Participação dos Não Controladores;5.05.03;Reclassificações para o Resultado;0.0;S
09.305.994/0001-29;2023-03-31;1;AZUL S.A.;24112;DF Consolidado - Demonstração das Mutações do Patrimônio Líquido;REAL;MIL;ÚLTIMO;2023-01-01;2023-03-31;Participação dos Não Controladores;5.05.03;Reclassificações para o Resultado;0.0;S
09.305.994/0001-29;2023-03-31;1;AZUL S.A.;24112;DF Consolidado - Demonstração das Mutações do Patrimônio Líquido;REAL;MIL;PENÚLTIMO;2022-01-01;2022-03-31;Patrimônio Líquido Consolidado;5.05.03;Reclassificações para o Resultado;0.0;S
09.305.994/0001-29;2023-03-31;1;AZUL S.A.;24112;DF Consolidado - Demonstração das Mutações do Patrimônio Líquido;REAL;MIL;ÚLTIMO;2023-01-01;2023-03-31;Patrimônio Líquido Consolidado;5.05.03;Reclassificações para o Resultado;0.0;S
09.305.994/0001-29;2023-03-31;1;AZUL S.A.;24112;DF Consolidado - Demonstração das Mutações do Patrimônio Líquido;REAL;MIL;PENÚLTIMO;2022-01-01;2022-03-31;Capital Social Integralizado;5.05.03.01;Ajustes de Instrumentos Financeiros;0.0;S
09.305.994/0001-29;2023-03-31;1;AZUL S.A.;24112;DF Consolidado - Demonstração das Mutações do Patrimônio Líquido;REAL;MIL;ÚLTIMO;2023-01-01;2023-03-31;Capital Social Integralizado;5.05.03.01;Ajustes de Instrumentos Financeiros;0.0;S
09.305.994/0001-29;2023-03-31;1;AZUL S.A.;24112;DF Consolidado - Demonstração das Mutações do Patrimônio Líquido;REAL;MIL;PENÚLTIMO;2022-01-01;2022-03-31;Reservas de Capital, Opções Outorgadas e Ações em Tesouraria;5.05.03.01;Ajustes de Instrumentos Financeiros;0.0;S
09.305.994/0001-29;2023-03-31;1;AZUL S.A.;24112;DF Consolidado - Demonstração das Mutações do Patrimônio Líquido;REAL;MIL;ÚLTIMO;2023-01-01;2023-03-31;Reservas de Capital, Opções Outorgadas e Ações em Tesouraria;5.05.03.01;Ajustes de Instrumentos Financeiros;0.0;S
09.305.994/0001-29;2023-03-31;1;AZUL S.A.;24112;DF Consolidado - Demonstração das Mutações do Patrimônio Líquido;REAL;MIL;PENÚLTIMO;2022-01-01;2022-03-31;Reservas de Lucro;5.05.03.01;Ajustes de Instrumentos Financeiros;0.0;S
09.305.994/0001-29;2023-03-31;1;AZUL S.A.;24112;DF Consolidado - Demonstração das Mutações do Patrimônio Líquido;REAL;MIL;ÚLTIMO;2023-01-01;2023-03-31;Reservas de Lucro;5.05.03.01;Ajustes de Instrumentos Financeiros;0.0;S
09.305.994/0001-29;2023-03-31;1;AZUL S.A.;24112;DF Consolidado - Demonstração das Mutações do Patrimônio Líquido;REAL;MIL;PENÚLTIMO;2022-01-01;2022-03-31;Lucros ou Prejuízos Acumulados;5.05.03.01;Ajustes de Instrumentos Financeiros;0.0;S
09.305.994/0001-29;2023-03-31;1;AZUL S.A.;24112;DF Consolidado - Demonstração das Mutações do Patrimônio Líquido;REAL;MIL;ÚLTIMO;2023-01-01;2023-03-31;Lucros ou Prejuízos Acumulados;5.05.03.01;Ajustes de Instrumentos Financeiros;0.0;S
09.305.994/0001-29;2023-03-31;1;AZUL S.A.;24112;DF Consolidado - Demonstração das Mutações do Patrimônio Líquido;REAL;MIL;PENÚLTIMO;2022-01-01;2022-03-31;Outros Resultados Abrangentes;5.05.03.01;Ajustes de Instrumentos Financeiros;0.0;S
09.305.994/0001-29;2023-03-31;1;AZUL S.A.;24112;DF Consolidado - Demonstração das Mutações do Patrimônio Líquido;REAL;MIL;ÚLTIMO;2023-01-01;2023-03-31;Outros Resultados Abrangentes;5.05.03.01;Ajustes de Instrumentos Financeiros;0.0;S
09.305.994/0001-29;2023-03-31;1;AZUL S.A.;24112;DF Consolidado - Demonstração das Mutações do Patrimônio Líquido;REAL;MIL;PENÚLTIMO;2022-01-01;2022-03-31;Patrimônio Líquido;5.05.03.01;Ajustes de Instrumentos Financeiros;0.0;S
09.305.994/0001-29;2023-03-31;1;AZUL S.A.;24112;DF Consolidado - Demonstração das Mutações do Patrimônio Líquido;REAL;MIL;ÚLTIMO;2023-01-01;2023-03-31;Patrimônio Líquido;5.05.03.01;Ajustes de Instrumentos Financeiros;0.0;S
09.305.994/0001-29;2023-03-31;1;AZUL S.A.;24112;DF Consolidado - Demonstração das Mutações do Patrimônio Líquido;REAL;MIL;PENÚLTIMO;2022-01-01;2022-03-31;Participação dos Não Controladores;5.05.03.01;Ajustes de Instrumentos Financeiros;0.0;S
09.305.994/0001-29;2023-03-31;1;AZUL S.A.;24112;DF Consolidado - Demonstração das Mutações do Patrimônio Líquido;REAL;MIL;ÚLTIMO;2023-01-01;2023-03-31;Participação dos Não Controladores;5.05.03.01;Ajustes de Instrumentos Financeiros;0.0;S
09.305.994/0001-29;2023-03-31;1;AZUL S.A.;24112;DF Consolidado - Demonstração das Mutações do Patrimônio Líquido;REAL;MIL;PENÚLTIMO;2022-01-01;2022-03-31;Patrimônio Líquido Consolidado;5.05.03.01;Ajustes de Instrumentos Financeiros;0.0;S
09.305.994/0001-29;2023-03-31;1;AZUL S.A.;24112;DF Consolidado - Demonstração das Mutações do Patrimônio Líquido;REAL;MIL;ÚLTIMO;2023-01-01;2023-03-31;Patrimônio Líquido Consolidado;5.05.03.01;Ajustes de Instrumentos Financeiros;0.0;S
09.305.994/0001-29;2023-03-31;1;AZUL S.A.;24112;DF Consolidado - Demonstração das Mutações do Patrimônio Líquido;REAL;MIL;PENÚLTIMO;2022-01-01;2022-03-31;Capital Social Integralizado;5.06;Mutações Internas do Patrimônio Líquido;0.0;S
09.305.994/0001-29;2023-03-31;1;AZUL S.A.;24112;DF Consolidado - Demonstração das Mutações do Patrimônio Líquido;REAL;MIL;ÚLTIMO;2023-01-01;2023-03-31;Capital Social Integralizado;5.06;Mutações Internas do Patrimônio Líquido;0.0;S
09.305.994/0001-29;2023-03-31;1;AZUL S.A.;24112;DF Consolidado - Demonstração das Mutações do Patrimônio Líquido;REAL;MIL;PENÚLTIMO;2022-01-01;2022-03-31;Reservas de Capital, Opções Outorgadas e Ações em Tesouraria;5.06;Mutações Internas do Patrimônio Líquido;0.0;S
09.305.994/0001-29;2023-03-31;1;AZUL S.A.;24112;DF Consolidado - Demonstração das Mutações do Patrimônio Líquido;REAL;MIL;ÚLTIMO;2023-01-01;2023-03-31;Reservas de Capital, Opções Outorgadas e Ações em Tesouraria;5.06;Mutações Internas do Patrimônio Líquido;0.0;S
09.305.994/0001-29;2023-03-31;1;AZUL S.A.;24112;DF Consolidado - Demonstração das Mutações do Patrimônio Líquido;REAL;MIL;PENÚLTIMO;2022-01-01;2022-03-31;Reservas de Lucro;5.06;Mutações Internas do Patrimônio Líquido;0.0;S
09.305.994/0001-29;2023-03-31;1;AZUL S.A.;24112;DF Consolidado - Demonstração das Mutações do Patrimônio Líquido;REAL;MIL;ÚLTIMO;2023-01-01;2023-03-31;Reservas de Lucro;5.06;Mutações Internas do Patrimônio Líquido;0.0;S
09.305.994/0001-29;2023-03-31;1;AZUL S.A.;24112;DF Consolidado - Demonstração das Mutações do Patrimônio Líquido;REAL;MIL;PENÚLTIMO;2022-01-01;2022-03-31;Lucros ou Prejuízos Acumulados;5.06;Mutações Internas do Patrimônio Líquido;0.0;S
09.305.994/0001-29;2023-03-31;1;AZUL S.A.;24112;DF Consolidado - Demonstração das Mutações do Patrimônio Líquido;REAL;MIL;ÚLTIMO;2023-01-01;2023-03-31;Lucros ou Prejuízos Acumulados;5.06;Mutações Internas do Patrimônio Líquido;0.0;S
09.305.994/0001-29;2023-03-31;1;AZUL S.A.;24112;DF Consolidado - Demonstração das Mutações do Patrimônio Líquido;REAL;MIL;PENÚLTIMO;2022-01-01;2022-03-31;Outros Resultados Abrangentes;5.06;Mutações Internas do Patrimônio Líquido;0.0;S
09.305.994/0001-29;2023-03-31;1;AZUL S.A.;24112;DF Consolidado - Demonstração das Mutações do Patrimônio Líquido;REAL;MIL;ÚLTIMO;2023-01-01;2023-03-31;Outros Resultados Abrangentes;5.06;Mutações Internas do Patrimônio Líquido;0.0;S
09.305.994/0001-29;2023-03-31;1;AZUL S.A.;24112;DF Consolidado - Demonstração das Mutações do Patrimônio Líquido;REAL;MIL;PENÚLTIMO;2022-01-01;2022-03-31;Patrimônio Líquido;5.06;Mutações Internas do Patrimônio Líquido;0.0;S
09.305.994/0001-29;2023-03-31;1;AZUL S.A.;24112;DF Consolidado - Demonstração das Mutações do Patrimônio Líquido;REAL;MIL;ÚLTIMO;2023-01-01;2023-03-31;Patrimônio Líquido;5.06;Mutações Internas do Patrimônio Líquido;0.0;S
09.305.994/0001-29;2023-03-31;1;AZUL S.A.;24112;DF Consolidado - Demonstração das Mutações do Patrimônio Líquido;REAL;MIL;PENÚLTIMO;2022-01-01;2022-03-31;Participação dos Não Controladores;5.06;Mutações Internas do Patrimônio Líquido;0.0;S
09.305.994/0001-29;2023-03-31;1;AZUL S.A.;24112;DF Consolidado - Demonstração das Mutações do Patrimônio Líquido;REAL;MIL;ÚLTIMO;2023-01-01;2023-03-31;Participação dos Não Controladores;5.06;Mutações Internas do Patrimônio Líquido;0.0;S
09.305.994/0001-29;2023-03-31;1;AZUL S.A.;24112;DF Consolidado - Demonstração das Mutações do Patrimônio Líquido;REAL;MIL;PENÚLTIMO;2022-01-01;2022-03-31;Patrimônio Líquido Consolidado;5.06;Mutações Internas do Patrimônio Líquido;0.0;S
09.305.994/0001-29;2023-03-31;1;AZUL S.A.;24112;DF Consolidado - Demonstração das Mutações do Patrimônio Líquido;REAL;MIL;ÚLTIMO;2023-01-01;2023-03-31;Patrimônio Líquido Consolidado;5.06;Mutações Internas do Patrimônio Líquido;0.0;S
09.305.994/0001-29;2023-03-31;1;AZUL S.A.;24112;DF Consolidado - Demonstração das Mutações do Patrimônio Líquido;REAL;MIL;PENÚLTIMO;2022-01-01;2022-03-31;Capital Social Integralizado;5.06.01;Constituição de Reservas;0.0;S
09.305.994/0001-29;2023-03-31;1;AZUL S.A.;24112;DF Consolidado - Demonstração das Mutações do Patrimônio Líquido;REAL;MIL;ÚLTIMO;2023-01-01;2023-03-31;Capital Social Integralizado;5.06.01;Constituição de Reservas;0.0;S
09.305.994/0001-29;2023-03-31;1;AZUL S.A.;24112;DF Consolidado - Demonstração das Mutações do Patrimônio Líquido;REAL;MIL;PENÚLTIMO;2022-01-01;2022-03-31;Reservas de Capital, Opções Outorgadas e Ações em Tesouraria;5.06.01;Constituição de Reservas;0.0;S
09.305.994/0001-29;2023-03-31;1;AZUL S.A.;24112;DF Consolidado - Demonstração das Mutações do Patrimônio Líquido;REAL;MIL;ÚLTIMO;2023-01-01;2023-03-31;Reservas de Capital, Opções Outorgadas e Ações em Tesouraria;5.06.01;Constituição de Reservas;0.0;S
09.305.994/0001-29;2023-03-31;1;AZUL S.A.;24112;DF Consolidado - Demonstração das Mutações do Patrimônio Líquido;REAL;MIL;PENÚLTIMO;2022-01-01;2022-03-31;Reservas de Lucro;5.06.01;Constituição de Reservas;0.0;S
09.305.994/0001-29;2023-03-31;1;AZUL S.A.;24112;DF Consolidado - Demonstração das Mutações do Patrimônio Líquido;REAL;MIL;ÚLTIMO;2023-01-01;2023-03-31;Reservas de Lucro;5.06.01;Constituição de Reservas;0.0;S
09.305.994/0001-29;2023-03-31;1;AZUL S.A.;24112;DF Consolidado - Demonstração das Mutações do Patrimônio Líquido;REAL;MIL;PENÚLTIMO;2022-01-01;2022-03-31;Lucros ou Prejuízos Acumulados;5.06.01;Constituição de Reservas;0.0;S
09.305.994/0001-29;2023-03-31;1;AZUL S.A.;24112;DF Consolidado - Demonstração das Mutações do Patrimônio Líquido;REAL;MIL;ÚLTIMO;2023-01-01;2023-03-31;Lucros ou Prejuízos Acumulados;5.06.01;Constituição de Reservas;0.0;S
09.305.994/0001-29;2023-03-31;1;AZUL S.A.;24112;DF Consolidado - Demonstração das Mutações do Patrimônio Líquido;REAL;MIL;PENÚLTIMO;2022-01-01;2022-03-31;Outros Resultados Abrangentes;5.06.01;Constituição de Reservas;0.0;S
09.305.994/0001-29;2023-03-31;1;AZUL S.A.;24112;DF Consolidado - Demonstração das Mutações do Patrimônio Líquido;REAL;MIL;ÚLTIMO;2023-01-01;2023-03-31;Outros Resultados Abrangentes;5.06.01;Constituição de Reservas;0.0;S
09.305.994/0001-29;2023-03-31;1;AZUL S.A.;24112;DF Consolidado - Demonstração das Mutações do Patrimônio Líquido;REAL;MIL;PENÚLTIMO;2022-01-01;2022-03-31;Patrimônio Líquido;5.06.01;Constituição de Reservas;0.0;S
09.305.994/0001-29;2023-03-31;1;AZUL S.A.;24112;DF Consolidado - Demonstração das Mutações do Patrimônio Líquido;REAL;MIL;ÚLTIMO;2023-01-01;2023-03-31;Patrimônio Líquido;5.06.01;Constituição de Reservas;0.0;S
09.305.994/0001-29;2023-03-31;1;AZUL S.A.;24112;DF Consolidado - Demonstração das Mutações do Patrimônio Líquido;REAL;MIL;PENÚLTIMO;2022-01-01;2022-03-31;Participação dos Não Controladores;5.06.01;Constituição de Reservas;0.0;S
09.305.994/0001-29;2023-03-31;1;AZUL S.A.;24112;DF Consolidado - Demonstração das Mutações do Patrimônio Líquido;REAL;MIL;ÚLTIMO;2023-01-01;2023-03-31;Participação dos Não Controladores;5.06.01;Constituição de Reservas;0.0;S
09.305.994/0001-29;2023-03-31;1;AZUL S.A.;24112;DF Consolidado - Demonstração das Mutações do Patrimônio Líquido;REAL;MIL;PENÚLTIMO;2022-01-01;2022-03-31;Patrimônio Líquido Consolidado;5.06.01;Constituição de Reservas;0.0;S
09.305.994/0001-29;2023-03-31;1;AZUL S.A.;24112;DF Consolidado - Demonstração das Mutações do Patrimônio Líquido;REAL;MIL;ÚLTIMO;2023-01-01;2023-03-31;Patrimônio Líquido Consolidado;5.06.01;Constituição de Reservas;0.0;S
09.305.994/0001-29;2023-03-31;1;AZUL S.A.;24112;DF Consolidado - Demonstração das Mutações do Patrimônio Líquido;REAL;MIL;PENÚLTIMO;2022-01-01;2022-03-31;Capital Social Integralizado;5.06.02;Realização da Reserva Reavaliação;0.0;S
09.305.994/0001-29;2023-03-31;1;AZUL S.A.;24112;DF Consolidado - Demonstração das Mutações do Patrimônio Líquido;REAL;MIL;ÚLTIMO;2023-01-01;2023-03-31;Capital Social Integralizado;5.06.02;Realização da Reserva Reavaliação;0.0;S
09.305.994/0001-29;2023-03-31;1;AZUL S.A.;24112;DF Consolidado - Demonstração das Mutações do Patrimônio Líquido;REAL;MIL;PENÚLTIMO;2022-01-01;2022-03-31;Reservas de Capital, Opções Outorgadas e Ações em Tesouraria;5.06.02;Realização da Reserva Reavaliação;0.0;S
09.305.994/0001-29;2023-03-31;1;AZUL S.A.;24112;DF Consolidado - Demonstração das Mutações do Patrimônio Líquido;REAL;MIL;ÚLTIMO;2023-01-01;2023-03-31;Reservas de Capital, Opções Outorgadas e Ações em Tesouraria;5.06.02;Realização da Reserva Reavaliação;0.0;S
09.305.994/0001-29;2023-03-31;1;AZUL S.A.;24112;DF Consolidado - Demonstração das Mutações do Patrimônio Líquido;REAL;MIL;PENÚLTIMO;2022-01-01;2022-03-31;Reservas de Lucro;5.06.02;Realização da Reserva Reavaliação;0.0;S
09.305.994/0001-29;2023-03-31;1;AZUL S.A.;24112;DF Consolidado - Demonstração das Mutações do Patrimônio Líquido;REAL;MIL;ÚLTIMO;2023-01-01;2023-03-31;Reservas de Lucro;5.06.02;Realização da Reserva Reavaliação;0.0;S
09.305.994/0001-29;2023-03-31;1;AZUL S.A.;24112;DF Consolidado - Demonstração das Mutações do Patrimônio Líquido;REAL;MIL;PENÚLTIMO;2022-01-01;2022-03-31;Lucros ou Prejuízos Acumulados;5.06.02;Realização da Reserva Reavaliação;0.0;S
09.305.994/0001-29;2023-03-31;1;AZUL S.A.;24112;DF Consolidado - Demonstração das Mutações do Patrimônio Líquido;REAL;MIL;ÚLTIMO;2023-01-01;2023-03-31;Lucros ou Prejuízos Acumulados;5.06.02;Realização da Reserva Reavaliação;0.0;S
09.305.994/0001-29;2023-03-31;1;AZUL S.A.;24112;DF Consolidado - Demonstração das Mutações do Patrimônio Líquido;REAL;MIL;PENÚLTIMO;2022-01-01;2022-03-31;Outros Resultados Abrangentes;5.06.02;Realização da Reserva Reavaliação;0.0;S
09.305.994/0001-29;2023-03-31;1;AZUL S.A.;24112;DF Consolidado - Demonstração das Mutações do Patrimônio Líquido;REAL;MIL;ÚLTIMO;2023-01-01;2023-03-31;Outros Resultados Abrangentes;5.06.02;Realização da Reserva Reavaliação;0.0;S
09.305.994/0001-29;2023-03-31;1;AZUL S.A.;24112;DF Consolidado - Demonstração das Mutações do Patrimônio Líquido;REAL;MIL;PENÚLTIMO;2022-01-01;2022-03-31;Patrimônio Líquido;5.06.02;Realização da Reserva Reavaliação;0.0;S
09.305.994/0001-29;2023-03-31;1;AZUL S.A.;24112;DF Consolidado - Demonstração das Mutações do Patrimônio Líquido;REAL;MIL;ÚLTIMO;2023-01-01;2023-03-31;Patrimônio Líquido;5.06.02;Realização da Reserva Reavaliação;0.0;S
09.305.994/0001-29;2023-03-31;1;AZUL S.A.;24112;DF Consolidado - Demonstração das Mutações do Patrimônio Líquido;REAL;MIL;PENÚLTIMO;2022-01-01;2022-03-31;Participação dos Não Controladores;5.06.02;Realização da Reserva Reavaliação;0.0;S
09.305.994/0001-29;2023-03-31;1;AZUL S.A.;24112;DF Consolidado - Demonstração das Mutações do Patrimônio Líquido;REAL;MIL;ÚLTIMO;2023-01-01;2023-03-31;Participação dos Não Controladores;5.06.02;Realização da Reserva Reavaliação;0.0;S
09.305.994/0001-29;2023-03-31;1;AZUL S.A.;24112;DF Consolidado - Demonstração das Mutações do Patrimônio Líquido;REAL;MIL;PENÚLTIMO;2022-01-01;2022-03-31;Patrimônio Líquido Consolidado;5.06.02;Realização da Reserva Reavaliação;0.0;S
09.305.994/0001-29;2023-03-31;1;AZUL S.A.;24112;DF Consolidado - Demonstração das Mutações do Patrimônio Líquido;REAL;MIL;ÚLTIMO;2023-01-01;2023-03-31;Patrimônio Líquido Consolidado;5.06.02;Realização da Reserva Reavaliação;0.0;S
09.305.994/0001-29;2023-03-31;1;AZUL S.A.;24112;DF Consolidado - Demonstração das Mutações do Patrimônio Líquido;REAL;MIL;PENÚLTIMO;2022-01-01;2022-03-31;Capital Social Integralizado;5.06.03;Tributos sobre a Realização da Reserva de Reavaliação;0.0;S
09.305.994/0001-29;2023-03-31;1;AZUL S.A.;24112;DF Consolidado - Demonstração das Mutações do Patrimônio Líquido;REAL;MIL;ÚLTIMO;2023-01-01;2023-03-31;Capital Social Integralizado;5.06.03;Tributos sobre a Realização da Reserva de Reavaliação;0.0;S
09.305.994/0001-29;2023-03-31;1;AZUL S.A.;24112;DF Consolidado - Demonstração das Mutações do Patrimônio Líquido;REAL;MIL;PENÚLTIMO;2022-01-01;2022-03-31;Reservas de Capital, Opções Outorgadas e Ações em Tesouraria;5.06.03;Tributos sobre a Realização da Reserva de Reavaliação;0.0;S
09.305.994/0001-29;2023-03-31;1;AZUL S.A.;24112;DF Consolidado - Demonstração das Mutações do Patrimônio Líquido;REAL;MIL;ÚLTIMO;2023-01-01;2023-03-31;Reservas de Capital, Opções Outorgadas e Ações em Tesouraria;5.06.03;Tributos sobre a Realização da Reserva de Reavaliação;0.0;S
09.305.994/0001-29;2023-03-31;1;AZUL S.A.;24112;DF Consolidado - Demonstração das Mutações do Patrimônio Líquido;REAL;MIL;PENÚLTIMO;2022-01-01;2022-03-31;Reservas de Lucro;5.06.03;Tributos sobre a Realização da Reserva de Reavaliação;0.0;S
09.305.994/0001-29;2023-03-31;1;AZUL S.A.;24112;DF Consolidado - Demonstração das Mutações do Patrimônio Líquido;REAL;MIL;ÚLTIMO;2023-01-01;2023-03-31;Reservas de Lucro;5.06.03;Tributos sobre a Realização da Reserva de Reavaliação;0.0;S
09.305.994/0001-29;2023-03-31;1;AZUL S.A.;24112;DF Consolidado - Demonstração das Mutações do Patrimônio Líquido;REAL;MIL;PENÚLTIMO;2022-01-01;2022-03-31;Lucros ou Prejuízos Acumulados;5.06.03;Tributos sobre a Realização da Reserva de Reavaliação;0.0;S
09.305.994/0001-29;2023-03-31;1;AZUL S.A.;24112;DF Consolidado - Demonstração das Mutações do Patrimônio Líquido;REAL;MIL;ÚLTIMO;2023-01-01;2023-03-31;Lucros ou Prejuízos Acumulados;5.06.03;Tributos sobre a Realização da Reserva de Reavaliação;0.0;S
09.305.994/0001-29;2023-03-31;1;AZUL S.A.;24112;DF Consolidado - Demonstração das Mutações do Patrimônio Líquido;REAL;MIL;PENÚLTIMO;2022-01-01;2022-03-31;Outros Resultados Abrangentes;5.06.03;Tributos sobre a Realização da Reserva de Reavaliação;0.0;S
09.305.994/0001-29;2023-03-31;1;AZUL S.A.;24112;DF Consolidado - Demonstração das Mutações do Patrimônio Líquido;REAL;MIL;ÚLTIMO;2023-01-01;2023-03-31;Outros Resultados Abrangentes;5.06.03;Tributos sobre a Realização da Reserva de Reavaliação;0.0;S
09.305.994/0001-29;2023-03-31;1;AZUL S.A.;24112;DF Consolidado - Demonstração das Mutações do Patrimônio Líquido;REAL;MIL;PENÚLTIMO;2022-01-01;2022-03-31;Patrimônio Líquido;5.06.03;Tributos sobre a Realização da Reserva de Reavaliação;0.0;S
09.305.994/0001-29;2023-03-31;1;AZUL S.A.;24112;DF Consolidado - Demonstração das Mutações do Patrimônio Líquido;REAL;MIL;ÚLTIMO;2023-01-01;2023-03-31;Patrimônio Líquido;5.06.03;Tributos sobre a Realização da Reserva de Reavaliação;0.0;S
09.305.994/0001-29;2023-03-31;1;AZUL S.A.;24112;DF Consolidado - Demonstração das Mutações do Patrimônio Líquido;REAL;MIL;PENÚLTIMO;2022-01-01;2022-03-31;Participação dos Não Controladores;5.06.03;Tributos sobre a Realização da Reserva de Reavaliação;0.0;S
09.305.994/0001-29;2023-03-31;1;AZUL S.A.;24112;DF Consolidado - Demonstração das Mutações do Patrimônio Líquido;REAL;MIL;ÚLTIMO;2023-01-01;2023-03-31;Participação dos Não Controladores;5.06.03;Tributos sobre a Realização da Reserva de Reavaliação;0.0;S
09.305.994/0001-29;2023-03-31;1;AZUL S.A.;24112;DF Consolidado - Demonstração das Mutações do Patrimônio Líquido;REAL;MIL;PENÚLTIMO;2022-01-01;2022-03-31;Patrimônio Líquido Consolidado;5.06.03;Tributos sobre a Realização da Reserva de Reavaliação;0.0;S
09.305.994/0001-29;2023-03-31;1;AZUL S.A.;24112;DF Consolidado - Demonstração das Mutações do Patrimônio Líquido;REAL;MIL;ÚLTIMO;2023-01-01;2023-03-31;Patrimônio Líquido Consolidado;5.06.03;Tributos sobre a Realização da Reserva de Reavaliação;0.0;S
09.305.994/0001-29;2023-03-31;1;AZUL S.A.;24112;DF Consolidado - Demonstração das Mutações do Patrimônio Líquido;REAL;MIL;PENÚLTIMO;2022-01-01;2022-03-31;Capital Social Integralizado;5.07;Saldos Finais;2313855.0;S
09.305.994/0001-29;2023-03-31;1;AZUL S.A.;24112;DF Consolidado - Demonstração das Mutações do Patrimônio Líquido;REAL;MIL;ÚLTIMO;2023-01-01;2023-03-31;Capital Social Integralizado;5.07;Saldos Finais;2314002.0;S
09.305.994/0001-29;2023-03-31;1;AZUL S.A.;24112;DF Consolidado - Demonstração das Mutações do Patrimônio Líquido;REAL;MIL;PENÚLTIMO;2022-01-01;2022-03-31;Reservas de Capital, Opções Outorgadas e Ações em Tesouraria;5.07;Saldos Finais;1938779.0;S
09.305.994/0001-29;2023-03-31;1;AZUL S.A.;24112;DF Consolidado - Demonstração das Mutações do Patrimônio Líquido;REAL;MIL;ÚLTIMO;2023-01-01;2023-03-31;Reservas de Capital, Opções Outorgadas e Ações em Tesouraria;5.07;Saldos Finais;1977283.0;S
09.305.994/0001-29;2023-03-31;1;AZUL S.A.;24112;DF Consolidado - Demonstração das Mutações do Patrimônio Líquido;REAL;MIL;PENÚLTIMO;2022-01-01;2022-03-31;Reservas de Lucro;5.07;Saldos Finais;0.0;S
09.305.994/0001-29;2023-03-31;1;AZUL S.A.;24112;DF Consolidado - Demonstração das Mutações do Patrimônio Líquido;REAL;MIL;ÚLTIMO;2023-01-01;2023-03-31;Reservas de Lucro;5.07;Saldos Finais;0.0;S
09.305.994/0001-29;2023-03-31;1;AZUL S.A.;24112;DF Consolidado - Demonstração das Mutações do Patrimônio Líquido;REAL;MIL;PENÚLTIMO;2022-01-01;2022-03-31;Lucros ou Prejuízos Acumulados;5.07;Saldos Finais;-19897262.0;S
09.305.994/0001-29;2023-03-31;1;AZUL S.A.;24112;DF Consolidado - Demonstração das Mutações do Patrimônio Líquido;REAL;MIL;ÚLTIMO;2023-01-01;2023-03-31;Lucros ou Prejuízos Acumulados;5.07;Saldos Finais;-24023318.0;S
09.305.994/0001-29;2023-03-31;1;AZUL S.A.;24112;DF Consolidado - Demonstração das Mutações do Patrimônio Líquido;REAL;MIL;PENÚLTIMO;2022-01-01;2022-03-31;Outros Resultados Abrangentes;5.07;Saldos Finais;5799.0;S
09.305.994/0001-29;2023-03-31;1;AZUL S.A.;24112;DF Consolidado - Demonstração das Mutações do Patrimônio Líquido;REAL;MIL;ÚLTIMO;2023-01-01;2023-03-31;Outros Resultados Abrangentes;5.07;Saldos Finais;5281.0;S
09.305.994/0001-29;2023-03-31;1;AZUL S.A.;24112;DF Consolidado - Demonstração das Mutações do Patrimônio Líquido;REAL;MIL;PENÚLTIMO;2022-01-01;2022-03-31;Patrimônio Líquido;5.07;Saldos Finais;-15638829.0;S
09.305.994/0001-29;2023-03-31;1;AZUL S.A.;24112;DF Consolidado - Demonstração das Mutações do Patrimônio Líquido;REAL;MIL;ÚLTIMO;2023-01-01;2023-03-31;Patrimônio Líquido;5.07;Saldos Finais;-19726752.0;S
09.305.994/0001-29;2023-03-31;1;AZUL S.A.;24112;DF Consolidado - Demonstração das Mutações do Patrimônio Líquido;REAL;MIL;PENÚLTIMO;2022-01-01;2022-03-31;Participação dos Não Controladores;5.07;Saldos Finais;0.0;S
09.305.994/0001-29;2023-03-31;1;AZUL S.A.;24112;DF Consolidado - Demonstração das Mutações do Patrimônio Líquido;REAL;MIL;ÚLTIMO;2023-01-01;2023-03-31;Participação dos Não Controladores;5.07;Saldos Finais;0.0;S
09.305.994/0001-29;2023-03-31;1;AZUL S.A.;24112;DF Consolidado - Demonstração das Mutações do Patrimônio Líquido;REAL;MIL;PENÚLTIMO;2022-01-01;2022-03-31;Patrimônio Líquido Consolidado;5.07;Saldos Finais;-15638829.0;S
09.305.994/0001-29;2023-03-31;1;AZUL S.A.;24112;DF Consolidado - Demonstração das Mutações do Patrimônio Líquido;REAL;MIL;ÚLTIMO;2023-01-01;2023-03-31;Patrimônio Líquido Consolidado;5.07;Saldos Finais;-19726752.0;S
09.305.994/0001-29;2023-06-30;1;AZUL S.A.;24112;DF Consolidado - Demonstração das Mutações do Patrimônio Líquido;REAL;MIL;PENÚLTIMO;2022-01-01;2022-06-30;Capital Social Integralizado;5.01;Saldos Iniciais;2290996.0;S
09.305.994/0001-29;2023-06-30;1;AZUL S.A.;24112;DF Consolidado - Demonstração das Mutações do Patrimônio Líquido;REAL;MIL;ÚLTIMO;2023-01-01;2023-06-30;Capital Social Integralizado;5.01;Saldos Iniciais;2314002.0;S
09.305.994/0001-29;2023-06-30;1;AZUL S.A.;24112;DF Consolidado - Demonstração das Mutações do Patrimônio Líquido;REAL;MIL;PENÚLTIMO;2022-01-01;2022-06-30;Reservas de Capital, Opções Outorgadas e Ações em Tesouraria;5.01;Saldos Iniciais;1934512.0;S
09.305.994/0001-29;2023-06-30;1;AZUL S.A.;24112;DF Consolidado - Demonstração das Mutações do Patrimônio Líquido;REAL;MIL;ÚLTIMO;2023-01-01;2023-06-30;Reservas de Capital, Opções Outorgadas e Ações em Tesouraria;5.01;Saldos Iniciais;1959894.0;S
09.305.994/0001-29;2023-06-30;1;AZUL S.A.;24112;DF Consolidado - Demonstração das Mutações do Patrimônio Líquido;REAL;MIL;PENÚLTIMO;2022-01-01;2022-06-30;Reservas de Lucro;5.01;Saldos Iniciais;0.0;S
09.305.994/0001-29;2023-06-30;1;AZUL S.A.;24112;DF Consolidado - Demonstração das Mutações do Patrimônio Líquido;REAL;MIL;ÚLTIMO;2023-01-01;2023-06-30;Reservas de Lucro;5.01;Saldos Iniciais;0.0;S
09.305.994/0001-29;2023-06-30;1;AZUL S.A.;24112;DF Consolidado - Demonstração das Mutações do Patrimônio Líquido;REAL;MIL;PENÚLTIMO;2022-01-01;2022-06-30;Lucros ou Prejuízos Acumulados;5.01;Saldos Iniciais;-22564310.0;S
09.305.994/0001-29;2023-06-30;1;AZUL S.A.;24112;DF Consolidado - Demonstração das Mutações do Patrimônio Líquido;REAL;MIL;ÚLTIMO;2023-01-01;2023-06-30;Lucros ou Prejuízos Acumulados;5.01;Saldos Iniciais;-23286677.0;S
09.305.994/0001-29;2023-06-30;1;AZUL S.A.;24112;DF Consolidado - Demonstração das Mutações do Patrimônio Líquido;REAL;MIL;PENÚLTIMO;2022-01-01;2022-06-30;Outros Resultados Abrangentes;5.01;Saldos Iniciais;5799.0;S
09.305.994/0001-29;2023-06-30;1;AZUL S.A.;24112;DF Consolidado - Demonstração das Mutações do Patrimônio Líquido;REAL;MIL;ÚLTIMO;2023-01-01;2023-06-30;Outros Resultados Abrangentes;5.01;Saldos Iniciais;5281.0;S
09.305.994/0001-29;2023-06-30;1;AZUL S.A.;24112;DF Consolidado - Demonstração das Mutações do Patrimônio Líquido;REAL;MIL;PENÚLTIMO;2022-01-01;2022-06-30;Patrimônio Líquido;5.01;Saldos Iniciais;-18333003.0;S
09.305.994/0001-29;2023-06-30;1;AZUL S.A.;24112;DF Consolidado - Demonstração das Mutações do Patrimônio Líquido;REAL;MIL;ÚLTIMO;2023-01-01;2023-06-30;Patrimônio Líquido;5.01;Saldos Iniciais;-19007500.0;S
09.305.994/0001-29;2023-06-30;1;AZUL S.A.;24112;DF Consolidado - Demonstração das Mutações do Patrimônio Líquido;REAL;MIL;PENÚLTIMO;2022-01-01;2022-06-30;Participação dos Não Controladores;5.01;Saldos Iniciais;0.0;S
09.305.994/0001-29;2023-06-30;1;AZUL S.A.;24112;DF Consolidado - Demonstração das Mutações do Patrimônio Líquido;REAL;MIL;ÚLTIMO;2023-01-01;2023-06-30;Participação dos Não Controladores;5.01;Saldos Iniciais;0.0;S
09.305.994/0001-29;2023-06-30;1;AZUL S.A.;24112;DF Consolidado - Demonstração das Mutações do Patrimônio Líquido;REAL;MIL;PENÚLTIMO;2022-01-01;2022-06-30;Patrimônio Líquido Consolidado;5.01;Saldos Iniciais;-18333003.0;S
09.305.994/0001-29;2023-06-30;1;AZUL S.A.;24112;DF Consolidado - Demonstração das Mutações do Patrimônio Líquido;REAL;MIL;ÚLTIMO;2023-01-01;2023-06-30;Patrimônio Líquido Consolidado;5.01;Saldos Iniciais;-19007500.0;S
09.305.994/0001-29;2023-06-30;1;AZUL S.A.;24112;DF Consolidado - Demonstração das Mutações do Patrimônio Líquido;REAL;MIL;PENÚLTIMO;2022-01-01;2022-06-30;Capital Social Integralizado;5.02;Ajustes de Exercícios Anteriores;0.0;S
09.305.994/0001-29;2023-06-30;1;AZUL S.A.;24112;DF Consolidado - Demonstração das Mutações do Patrimônio Líquido;REAL;MIL;ÚLTIMO;2023-01-01;2023-06-30;Capital Social Integralizado;5.02;Ajustes de Exercícios Anteriores;0.0;S
09.305.994/0001-29;2023-06-30;1;AZUL S.A.;24112;DF Consolidado - Demonstração das Mutações do Patrimônio Líquido;REAL;MIL;PENÚLTIMO;2022-01-01;2022-06-30;Reservas de Capital, Opções Outorgadas e Ações em Tesouraria;5.02;Ajustes de Exercícios Anteriores;0.0;S
09.305.994/0001-29;2023-06-30;1;AZUL S.A.;24112;DF Consolidado - Demonstração das Mutações do Patrimônio Líquido;REAL;MIL;ÚLTIMO;2023-01-01;2023-06-30;Reservas de Capital, Opções Outorgadas e Ações em Tesouraria;5.02;Ajustes de Exercícios Anteriores;0.0;S
09.305.994/0001-29;2023-06-30;1;AZUL S.A.;24112;DF Consolidado - Demonstração das Mutações do Patrimônio Líquido;REAL;MIL;PENÚLTIMO;2022-01-01;2022-06-30;Reservas de Lucro;5.02;Ajustes de Exercícios Anteriores;0.0;S
09.305.994/0001-29;2023-06-30;1;AZUL S.A.;24112;DF Consolidado - Demonstração das Mutações do Patrimônio Líquido;REAL;MIL;ÚLTIMO;2023-01-01;2023-06-30;Reservas de Lucro;5.02;Ajustes de Exercícios Anteriores;0.0;S
09.305.994/0001-29;2023-06-30;1;AZUL S.A.;24112;DF Consolidado - Demonstração das Mutações do Patrimônio Líquido;REAL;MIL;PENÚLTIMO;2022-01-01;2022-06-30;Lucros ou Prejuízos Acumulados;5.02;Ajustes de Exercícios Anteriores;0.0;S
09.305.994/0001-29;2023-06-30;1;AZUL S.A.;24112;DF Consolidado - Demonstração das Mutações do Patrimônio Líquido;REAL;MIL;ÚLTIMO;2023-01-01;2023-06-30;Lucros ou Prejuízos Acumulados;5.02;Ajustes de Exercícios Anteriores;0.0;S
09.305.994/0001-29;2023-06-30;1;AZUL S.A.;24112;DF Consolidado - Demonstração das Mutações do Patrimônio Líquido;REAL;MIL;PENÚLTIMO;2022-01-01;2022-06-30;Outros Resultados Abrangentes;5.02;Ajustes de Exercícios Anteriores;0.0;S
09.305.994/0001-29;2023-06-30;1;AZUL S.A.;24112;DF Consolidado - Demonstração das Mutações do Patrimônio Líquido;REAL;MIL;ÚLTIMO;2023-01-01;2023-06-30;Outros Resultados Abrangentes;5.02;Ajustes de Exercícios Anteriores;0.0;S
09.305.994/0001-29;2023-06-30;1;AZUL S.A.;24112;DF Consolidado - Demonstração das Mutações do Patrimônio Líquido;REAL;MIL;PENÚLTIMO;2022-01-01;2022-06-30;Patrimônio Líquido;5.02;Ajustes de Exercícios Anteriores;0.0;S
09.305.994/0001-29;2023-06-30;1;AZUL S.A.;24112;DF Consolidado - Demonstração das Mutações do Patrimônio Líquido;REAL;MIL;ÚLTIMO;2023-01-01;2023-06-30;Patrimônio Líquido;5.02;Ajustes de Exercícios Anteriores;0.0;S
09.305.994/0001-29;2023-06-30;1;AZUL S.A.;24112;DF Consolidado - Demonstração das Mutações do Patrimônio Líquido;REAL;MIL;PENÚLTIMO;2022-01-01;2022-06-30;Participação dos Não Controladores;5.02;Ajustes de Exercícios Anteriores;0.0;S
09.305.994/0001-29;2023-06-30;1;AZUL S.A.;24112;DF Consolidado - Demonstração das Mutações do Patrimônio Líquido;REAL;MIL;ÚLTIMO;2023-01-01;2023-06-30;Participação dos Não Controladores;5.02;Ajustes de Exercícios Anteriores;0.0;S
09.305.994/0001-29;2023-06-30;1;AZUL S.A.;24112;DF Consolidado - Demonstração das Mutações do Patrimônio Líquido;REAL;MIL;PENÚLTIMO;2022-01-01;2022-06-30;Patrimônio Líquido Consolidado;5.02;Ajustes de Exercícios Anteriores;0.0;S
09.305.994/0001-29;2023-06-30;1;AZUL S.A.;24112;DF Consolidado - Demonstração das Mutações do Patrimônio Líquido;REAL;MIL;ÚLTIMO;2023-01-01;2023-06-30;Patrimônio Líquido Consolidado;5.02;Ajustes de Exercícios Anteriores;0.0;S
09.305.994/0001-29;2023-06-30;1;AZUL S.A.;24112;DF Consolidado - Demonstração das Mutações do Patrimônio Líquido;REAL;MIL;PENÚLTIMO;2022-01-01;2022-06-30;Capital Social Integralizado;5.03;Saldos Iniciais Ajustados;2290996.0;S
09.305.994/0001-29;2023-06-30;1;AZUL S.A.;24112;DF Consolidado - Demonstração das Mutações do Patrimônio Líquido;REAL;MIL;ÚLTIMO;2023-01-01;2023-06-30;Capital Social Integralizado;5.03;Saldos Iniciais Ajustados;2314002.0;S
09.305.994/0001-29;2023-06-30;1;AZUL S.A.;24112;DF Consolidado - Demonstração das Mutações do Patrimônio Líquido;REAL;MIL;PENÚLTIMO;2022-01-01;2022-06-30;Reservas de Capital, Opções Outorgadas e Ações em Tesouraria;5.03;Saldos Iniciais Ajustados;1934512.0;S
09.305.994/0001-29;2023-06-30;1;AZUL S.A.;24112;DF Consolidado - Demonstração das Mutações do Patrimônio Líquido;REAL;MIL;ÚLTIMO;2023-01-01;2023-06-30;Reservas de Capital, Opções Outorgadas e Ações em Tesouraria;5.03;Saldos Iniciais Ajustados;1959894.0;S
09.305.994/0001-29;2023-06-30;1;AZUL S.A.;24112;DF Consolidado - Demonstração das Mutações do Patrimônio Líquido;REAL;MIL;PENÚLTIMO;2022-01-01;2022-06-30;Reservas de Lucro;5.03;Saldos Iniciais Ajustados;0.0;S
09.305.994/0001-29;2023-06-30;1;AZUL S.A.;24112;DF Consolidado - Demonstração das Mutações do Patrimônio Líquido;REAL;MIL;ÚLTIMO;2023-01-01;2023-06-30;Reservas de Lucro;5.03;Saldos Iniciais Ajustados;0.0;S
09.305.994/0001-29;2023-06-30;1;AZUL S.A.;24112;DF Consolidado - Demonstração das Mutações do Patrimônio Líquido;REAL;MIL;PENÚLTIMO;2022-01-01;2022-06-30;Lucros ou Prejuízos Acumulados;5.03;Saldos Iniciais Ajustados;-22564310.0;S
09.305.994/0001-29;2023-06-30;1;AZUL S.A.;24112;DF Consolidado - Demonstração das Mutações do Patrimônio Líquido;REAL;MIL;ÚLTIMO;2023-01-01;2023-06-30;Lucros ou Prejuízos Acumulados;5.03;Saldos Iniciais Ajustados;-23286677.0;S
09.305.994/0001-29;2023-06-30;1;AZUL S.A.;24112;DF Consolidado - Demonstração das Mutações do Patrimônio Líquido;REAL;MIL;PENÚLTIMO;2022-01-01;2022-06-30;Outros Resultados Abrangentes;5.03;Saldos Iniciais Ajustados;5799.0;S
09.305.994/0001-29;2023-06-30;1;AZUL S.A.;24112;DF Consolidado - Demonstração das Mutações do Patrimônio Líquido;REAL;MIL;ÚLTIMO;2023-01-01;2023-06-30;Outros Resultados Abrangentes;5.03;Saldos Iniciais Ajustados;5281.0;S
09.305.994/0001-29;2023-06-30;1;AZUL S.A.;24112;DF Consolidado - Demonstração das Mutações do Patrimônio Líquido;REAL;MIL;PENÚLTIMO;2022-01-01;2022-06-30;Patrimônio Líquido;5.03;Saldos Iniciais Ajustados;-18333003.0;S
09.305.994/0001-29;2023-06-30;1;AZUL S.A.;24112;DF Consolidado - Demonstração das Mutações do Patrimônio Líquido;REAL;MIL;ÚLTIMO;2023-01-01;2023-06-30;Patrimônio Líquido;5.03;Saldos Iniciais Ajustados;-19007500.0;S
09.305.994/0001-29;2023-06-30;1;AZUL S.A.;24112;DF Consolidado - Demonstração das Mutações do Patrimônio Líquido;REAL;MIL;PENÚLTIMO;2022-01-01;2022-06-30;Participação dos Não Controladores;5.03;Saldos Iniciais Ajustados;0.0;S
09.305.994/0001-29;2023-06-30;1;AZUL S.A.;24112;DF Consolidado - Demonstração das Mutações do Patrimônio Líquido;REAL;MIL;ÚLTIMO;2023-01-01;2023-06-30;Participação dos Não Controladores;5.03;Saldos Iniciais Ajustados;0.0;S
09.305.994/0001-29;2023-06-30;1;AZUL S.A.;24112;DF Consolidado - Demonstração das Mutações do Patrimônio Líquido;REAL;MIL;PENÚLTIMO;2022-01-01;2022-06-30;Patrimônio Líquido Consolidado;5.03;Saldos Iniciais Ajustados;-18333003.0;S
09.305.994/0001-29;2023-06-30;1;AZUL S.A.;24112;DF Consolidado - Demonstração das Mutações do Patrimônio Líquido;REAL;MIL;ÚLTIMO;2023-01-01;2023-06-30;Patrimônio Líquido Consolidado;5.03;Saldos Iniciais Ajustados;-19007500.0;S
09.305.994/0001-29;2023-06-30;1;AZUL S.A.;24112;DF Consolidado - Demonstração das Mutações do Patrimônio Líquido;REAL;MIL;PENÚLTIMO;2022-01-01;2022-06-30;Capital Social Integralizado;5.04;Transações de Capital com os Sócios;22927.0;S
09.305.994/0001-29;2023-06-30;1;AZUL S.A.;24112;DF Consolidado - Demonstração das Mutações do Patrimônio Líquido;REAL;MIL;ÚLTIMO;2023-01-01;2023-06-30;Capital Social Integralizado;5.04;Transações de Capital com os Sócios;819.0;S
09.305.994/0001-29;2023-06-30;1;AZUL S.A.;24112;DF Consolidado - Demonstração das Mutações do Patrimônio Líquido;REAL;MIL;PENÚLTIMO;2022-01-01;2022-06-30;Reservas de Capital, Opções Outorgadas e Ações em Tesouraria;5.04;Transações de Capital com os Sócios;6700.0;S
09.305.994/0001-29;2023-06-30;1;AZUL S.A.;24112;DF Consolidado - Demonstração das Mutações do Patrimônio Líquido;REAL;MIL;ÚLTIMO;2023-01-01;2023-06-30;Reservas de Capital, Opções Outorgadas e Ações em Tesouraria;5.04;Transações de Capital com os Sócios;37413.0;S
09.305.994/0001-29;2023-06-30;1;AZUL S.A.;24112;DF Consolidado - Demonstração das Mutações do Patrimônio Líquido;REAL;MIL;PENÚLTIMO;2022-01-01;2022-06-30;Reservas de Lucro;5.04;Transações de Capital com os Sócios;0.0;S
09.305.994/0001-29;2023-06-30;1;AZUL S.A.;24112;DF Consolidado - Demonstração das Mutações do Patrimônio Líquido;REAL;MIL;ÚLTIMO;2023-01-01;2023-06-30;Reservas de Lucro;5.04;Transações de Capital com os Sócios;0.0;S
09.305.994/0001-29;2023-06-30;1;AZUL S.A.;24112;DF Consolidado - Demonstração das Mutações do Patrimônio Líquido;REAL;MIL;PENÚLTIMO;2022-01-01;2022-06-30;Lucros ou Prejuízos Acumulados;5.04;Transações de Capital com os Sócios;0.0;S
09.305.994/0001-29;2023-06-30;1;AZUL S.A.;24112;DF Consolidado - Demonstração das Mutações do Patrimônio Líquido;REAL;MIL;ÚLTIMO;2023-01-01;2023-06-30;Lucros ou Prejuízos Acumulados;5.04;Transações de Capital com os Sócios;0.0;S
09.305.994/0001-29;2023-06-30;1;AZUL S.A.;24112;DF Consolidado - Demonstração das Mutações do Patrimônio Líquido;REAL;MIL;PENÚLTIMO;2022-01-01;2022-06-30;Outros Resultados Abrangentes;5.04;Transações de Capital com os Sócios;0.0;S
09.305.994/0001-29;2023-06-30;1;AZUL S.A.;24112;DF Consolidado - Demonstração das Mutações do Patrimônio Líquido;REAL;MIL;ÚLTIMO;2023-01-01;2023-06-30;Outros Resultados Abrangentes;5.04;Transações de Capital com os Sócios;0.0;S
09.305.994/0001-29;2023-06-30;1;AZUL S.A.;24112;DF Consolidado - Demonstração das Mutações do Patrimônio Líquido;REAL;MIL;PENÚLTIMO;2022-01-01;2022-06-30;Patrimônio Líquido;5.04;Transações de Capital com os Sócios;29627.0;S
09.305.994/0001-29;2023-06-30;1;AZUL S.A.;24112;DF Consolidado - Demonstração das Mutações do Patrimônio Líquido;REAL;MIL;ÚLTIMO;2023-01-01;2023-06-30;Patrimônio Líquido;5.04;Transações de Capital com os Sócios;38232.0;S
09.305.994/0001-29;2023-06-30;1;AZUL S.A.;24112;DF Consolidado - Demonstração das Mutações do Patrimônio Líquido;REAL;MIL;PENÚLTIMO;2022-01-01;2022-06-30;Participação dos Não Controladores;5.04;Transações de Capital com os Sócios;0.0;S
09.305.994/0001-29;2023-06-30;1;AZUL S.A.;24112;DF Consolidado - Demonstração das Mutações do Patrimônio Líquido;REAL;MIL;ÚLTIMO;2023-01-01;2023-06-30;Participação dos Não Controladores;5.04;Transações de Capital com os Sócios;0.0;S
09.305.994/0001-29;2023-06-30;1;AZUL S.A.;24112;DF Consolidado - Demonstração das Mutações do Patrimônio Líquido;REAL;MIL;PENÚLTIMO;2022-01-01;2022-06-30;Patrimônio Líquido Consolidado;5.04;Transações de Capital com os Sócios;29627.0;S
09.305.994/0001-29;2023-06-30;1;AZUL S.A.;24112;DF Consolidado - Demonstração das Mutações do Patrimônio Líquido;REAL;MIL;ÚLTIMO;2023-01-01;2023-06-30;Patrimônio Líquido Consolidado;5.04;Transações de Capital com os Sócios;38232.0;S
09.305.994/0001-29;2023-06-30;1;AZUL S.A.;24112;DF Consolidado - Demonstração das Mutações do Patrimônio Líquido;REAL;MIL;PENÚLTIMO;2022-01-01;2022-06-30;Capital Social Integralizado;5.04.01;Aumentos de Capital;0.0;S
09.305.994/0001-29;2023-06-30;1;AZUL S.A.;24112;DF Consolidado - Demonstração das Mutações do Patrimônio Líquido;REAL;MIL;ÚLTIMO;2023-01-01;2023-06-30;Capital Social Integralizado;5.04.01;Aumentos de Capital;0.0;S
09.305.994/0001-29;2023-06-30;1;AZUL S.A.;24112;DF Consolidado - Demonstração das Mutações do Patrimônio Líquido;REAL;MIL;PENÚLTIMO;2022-01-01;2022-06-30;Reservas de Capital, Opções Outorgadas e Ações em Tesouraria;5.04.01;Aumentos de Capital;0.0;S
09.305.994/0001-29;2023-06-30;1;AZUL S.A.;24112;DF Consolidado - Demonstração das Mutações do Patrimônio Líquido;REAL;MIL;ÚLTIMO;2023-01-01;2023-06-30;Reservas de Capital, Opções Outorgadas e Ações em Tesouraria;5.04.01;Aumentos de Capital;0.0;S
09.305.994/0001-29;2023-06-30;1;AZUL S.A.;24112;DF Consolidado - Demonstração das Mutações do Patrimônio Líquido;REAL;MIL;PENÚLTIMO;2022-01-01;2022-06-30;Reservas de Lucro;5.04.01;Aumentos de Capital;0.0;S
09.305.994/0001-29;2023-06-30;1;AZUL S.A.;24112;DF Consolidado - Demonstração das Mutações do Patrimônio Líquido;REAL;MIL;ÚLTIMO;2023-01-01;2023-06-30;Reservas de Lucro;5.04.01;Aumentos de Capital;0.0;S
09.305.994/0001-29;2023-06-30;1;AZUL S.A.;24112;DF Consolidado - Demonstração das Mutações do Patrimônio Líquido;REAL;MIL;PENÚLTIMO;2022-01-01;2022-06-30;Lucros ou Prejuízos Acumulados;5.04.01;Aumentos de Capital;0.0;S
09.305.994/0001-29;2023-06-30;1;AZUL S.A.;24112;DF Consolidado - Demonstração das Mutações do Patrimônio Líquido;REAL;MIL;ÚLTIMO;2023-01-01;2023-06-30;Lucros ou Prejuízos Acumulados;5.04.01;Aumentos de Capital;0.0;S
09.305.994/0001-29;2023-06-30;1;AZUL S.A.;24112;DF Consolidado - Demonstração das Mutações do Patrimônio Líquido;REAL;MIL;PENÚLTIMO;2022-01-01;2022-06-30;Outros Resultados Abrangentes;5.04.01;Aumentos de Capital;0.0;S
09.305.994/0001-29;2023-06-30;1;AZUL S.A.;24112;DF Consolidado - Demonstração das Mutações do Patrimônio Líquido;REAL;MIL;ÚLTIMO;2023-01-01;2023-06-30;Outros Resultados Abrangentes;5.04.01;Aumentos de Capital;0.0;S
09.305.994/0001-29;2023-06-30;1;AZUL S.A.;24112;DF Consolidado - Demonstração das Mutações do Patrimônio Líquido;REAL;MIL;PENÚLTIMO;2022-01-01;2022-06-30;Patrimônio Líquido;5.04.01;Aumentos de Capital;0.0;S
09.305.994/0001-29;2023-06-30;1;AZUL S.A.;24112;DF Consolidado - Demonstração das Mutações do Patrimônio Líquido;REAL;MIL;ÚLTIMO;2023-01-01;2023-06-30;Patrimônio Líquido;5.04.01;Aumentos de Capital;0.0;S
09.305.994/0001-29;2023-06-30;1;AZUL S.A.;24112;DF Consolidado - Demonstração das Mutações do Patrimônio Líquido;REAL;MIL;PENÚLTIMO;2022-01-01;2022-06-30;Participação dos Não Controladores;5.04.01;Aumentos de Capital;0.0;S
09.305.994/0001-29;2023-06-30;1;AZUL S.A.;24112;DF Consolidado - Demonstração das Mutações do Patrimônio Líquido;REAL;MIL;ÚLTIMO;2023-01-01;2023-06-30;Participação dos Não Controladores;5.04.01;Aumentos de Capital;0.0;S
09.305.994/0001-29;2023-06-30;1;AZUL S.A.;24112;DF Consolidado - Demonstração das Mutações do Patrimônio Líquido;REAL;MIL;PENÚLTIMO;2022-01-01;2022-06-30;Patrimônio Líquido Consolidado;5.04.01;Aumentos de Capital;0.0;S
09.305.994/0001-29;2023-06-30;1;AZUL S.A.;24112;DF Consolidado - Demonstração das Mutações do Patrimônio Líquido;REAL;MIL;ÚLTIMO;2023-01-01;2023-06-30;Patrimônio Líquido Consolidado;5.04.01;Aumentos de Capital;0.0;S
09.305.994/0001-29;2023-06-30;1;AZUL S.A.;24112;DF Consolidado - Demonstração das Mutações do Patrimônio Líquido;REAL;MIL;PENÚLTIMO;2022-01-01;2022-06-30;Capital Social Integralizado;5.04.02;Gastos com Emissão de Ações;0.0;S
09.305.994/0001-29;2023-06-30;1;AZUL S.A.;24112;DF Consolidado - Demonstração das Mutações do Patrimônio Líquido;REAL;MIL;ÚLTIMO;2023-01-01;2023-06-30;Capital Social Integralizado;5.04.02;Gastos com Emissão de Ações;0.0;S
09.305.994/0001-29;2023-06-30;1;AZUL S.A.;24112;DF Consolidado - Demonstração das Mutações do Patrimônio Líquido;REAL;MIL;PENÚLTIMO;2022-01-01;2022-06-30;Reservas de Capital, Opções Outorgadas e Ações em Tesouraria;5.04.02;Gastos com Emissão de Ações;0.0;S
09.305.994/0001-29;2023-06-30;1;AZUL S.A.;24112;DF Consolidado - Demonstração das Mutações do Patrimônio Líquido;REAL;MIL;ÚLTIMO;2023-01-01;2023-06-30;Reservas de Capital, Opções Outorgadas e Ações em Tesouraria;5.04.02;Gastos com Emissão de Ações;0.0;S
09.305.994/0001-29;2023-06-30;1;AZUL S.A.;24112;DF Consolidado - Demonstração das Mutações do Patrimônio Líquido;REAL;MIL;PENÚLTIMO;2022-01-01;2022-06-30;Reservas de Lucro;5.04.02;Gastos com Emissão de Ações;0.0;S
09.305.994/0001-29;2023-06-30;1;AZUL S.A.;24112;DF Consolidado - Demonstração das Mutações do Patrimônio Líquido;REAL;MIL;ÚLTIMO;2023-01-01;2023-06-30;Reservas de Lucro;5.04.02;Gastos com Emissão de Ações;0.0;S
09.305.994/0001-29;2023-06-30;1;AZUL S.A.;24112;DF Consolidado - Demonstração das Mutações do Patrimônio Líquido;REAL;MIL;PENÚLTIMO;2022-01-01;2022-06-30;Lucros ou Prejuízos Acumulados;5.04.02;Gastos com Emissão de Ações;0.0;S
09.305.994/0001-29;2023-06-30;1;AZUL S.A.;24112;DF Consolidado - Demonstração das Mutações do Patrimônio Líquido;REAL;MIL;ÚLTIMO;2023-01-01;2023-06-30;Lucros ou Prejuízos Acumulados;5.04.02;Gastos com Emissão de Ações;0.0;S
09.305.994/0001-29;2023-06-30;1;AZUL S.A.;24112;DF Consolidado - Demonstração das Mutações do Patrimônio Líquido;REAL;MIL;PENÚLTIMO;2022-01-01;2022-06-30;Outros Resultados Abrangentes;5.04.02;Gastos com Emissão de Ações;0.0;S
09.305.994/0001-29;2023-06-30;1;AZUL S.A.;24112;DF Consolidado - Demonstração das Mutações do Patrimônio Líquido;REAL;MIL;ÚLTIMO;2023-01-01;2023-06-30;Outros Resultados Abrangentes;5.04.02;Gastos com Emissão de Ações;0.0;S
09.305.994/0001-29;2023-06-30;1;AZUL S.A.;24112;DF Consolidado - Demonstração das Mutações do Patrimônio Líquido;REAL;MIL;PENÚLTIMO;2022-01-01;2022-06-30;Patrimônio Líquido;5.04.02;Gastos com Emissão de Ações;0.0;S
09.305.994/0001-29;2023-06-30;1;AZUL S.A.;24112;DF Consolidado - Demonstração das Mutações do Patrimônio Líquido;REAL;MIL;ÚLTIMO;2023-01-01;2023-06-30;Patrimônio Líquido;5.04.02;Gastos com Emissão de Ações;0.0;S
09.305.994/0001-29;2023-06-30;1;AZUL S.A.;24112;DF Consolidado - Demonstração das Mutações do Patrimônio Líquido;REAL;MIL;PENÚLTIMO;2022-01-01;2022-06-30;Participação dos Não Controladores;5.04.02;Gastos com Emissão de Ações;0.0;S
09.305.994/0001-29;2023-06-30;1;AZUL S.A.;24112;DF Consolidado - Demonstração das Mutações do Patrimônio Líquido;REAL;MIL;ÚLTIMO;2023-01-01;2023-06-30;Participação dos Não Controladores;5.04.02;Gastos com Emissão de Ações;0.0;S
09.305.994/0001-29;2023-06-30;1;AZUL S.A.;24112;DF Consolidado - Demonstração das Mutações do Patrimônio Líquido;REAL;MIL;PENÚLTIMO;2022-01-01;2022-06-30;Patrimônio Líquido Consolidado;5.04.02;Gastos com Emissão de Ações;0.0;S
09.305.994/0001-29;2023-06-30;1;AZUL S.A.;24112;DF Consolidado - Demonstração das Mutações do Patrimônio Líquido;REAL;MIL;ÚLTIMO;2023-01-01;2023-06-30;Patrimônio Líquido Consolidado;5.04.02;Gastos com Emissão de Ações;0.0;S
09.305.994/0001-29;2023-06-30;1;AZUL S.A.;24112;DF Consolidado - Demonstração das Mutações do Patrimônio Líquido;REAL;MIL;PENÚLTIMO;2022-01-01;2022-06-30;Capital Social Integralizado;5.04.03;Opções Outorgadas Reconhecidas;22927.0;S
09.305.994/0001-29;2023-06-30;1;AZUL S.A.;24112;DF Consolidado - Demonstração das Mutações do Patrimônio Líquido;REAL;MIL;ÚLTIMO;2023-01-01;2023-06-30;Capital Social Integralizado;5.04.03;Opções Outorgadas Reconhecidas;819.0;S
09.305.994/0001-29;2023-06-30;1;AZUL S.A.;24112;DF Consolidado - Demonstração das Mutações do Patrimônio Líquido;REAL;MIL;PENÚLTIMO;2022-01-01;2022-06-30;Reservas de Capital, Opções Outorgadas e Ações em Tesouraria;5.04.03;Opções Outorgadas Reconhecidas;7623.0;S
09.305.994/0001-29;2023-06-30;1;AZUL S.A.;24112;DF Consolidado - Demonstração das Mutações do Patrimônio Líquido;REAL;MIL;ÚLTIMO;2023-01-01;2023-06-30;Reservas de Capital, Opções Outorgadas e Ações em Tesouraria;5.04.03;Opções Outorgadas Reconhecidas;40294.0;S
09.305.994/0001-29;2023-06-30;1;AZUL S.A.;24112;DF Consolidado - Demonstração das Mutações do Patrimônio Líquido;REAL;MIL;PENÚLTIMO;2022-01-01;2022-06-30;Reservas de Lucro;5.04.03;Opções Outorgadas Reconhecidas;0.0;S
09.305.994/0001-29;2023-06-30;1;AZUL S.A.;24112;DF Consolidado - Demonstração das Mutações do Patrimônio Líquido;REAL;MIL;ÚLTIMO;2023-01-01;2023-06-30;Reservas de Lucro;5.04.03;Opções Outorgadas Reconhecidas;0.0;S
09.305.994/0001-29;2023-06-30;1;AZUL S.A.;24112;DF Consolidado - Demonstração das Mutações do Patrimônio Líquido;REAL;MIL;PENÚLTIMO;2022-01-01;2022-06-30;Lucros ou Prejuízos Acumulados;5.04.03;Opções Outorgadas Reconhecidas;0.0;S
09.305.994/0001-29;2023-06-30;1;AZUL S.A.;24112;DF Consolidado - Demonstração das Mutações do Patrimônio Líquido;REAL;MIL;ÚLTIMO;2023-01-01;2023-06-30;Lucros ou Prejuízos Acumulados;5.04.03;Opções Outorgadas Reconhecidas;0.0;S
09.305.994/0001-29;2023-06-30;1;AZUL S.A.;24112;DF Consolidado - Demonstração das Mutações do Patrimônio Líquido;REAL;MIL;PENÚLTIMO;2022-01-01;2022-06-30;Outros Resultados Abrangentes;5.04.03;Opções Outorgadas Reconhecidas;0.0;S
09.305.994/0001-29;2023-06-30;1;AZUL S.A.;24112;DF Consolidado - Demonstração das Mutações do Patrimônio Líquido;REAL;MIL;ÚLTIMO;2023-01-01;2023-06-30;Outros Resultados Abrangentes;5.04.03;Opções Outorgadas Reconhecidas;0.0;S
09.305.994/0001-29;2023-06-30;1;AZUL S.A.;24112;DF Consolidado - Demonstração das Mutações do Patrimônio Líquido;REAL;MIL;PENÚLTIMO;2022-01-01;2022-06-30;Patrimônio Líquido;5.04.03;Opções Outorgadas Reconhecidas;30550.0;S
09.305.994/0001-29;2023-06-30;1;AZUL S.A.;24112;DF Consolidado - Demonstração das Mutações do Patrimônio Líquido;REAL;MIL;ÚLTIMO;2023-01-01;2023-06-30;Patrimônio Líquido;5.04.03;Opções Outorgadas Reconhecidas;41113.0;S
09.305.994/0001-29;2023-06-30;1;AZUL S.A.;24112;DF Consolidado - Demonstração das Mutações do Patrimônio Líquido;REAL;MIL;PENÚLTIMO;2022-01-01;2022-06-30;Participação dos Não Controladores;5.04.03;Opções Outorgadas Reconhecidas;0.0;S
09.305.994/0001-29;2023-06-30;1;AZUL S.A.;24112;DF Consolidado - Demonstração das Mutações do Patrimônio Líquido;REAL;MIL;ÚLTIMO;2023-01-01;2023-06-30;Participação dos Não Controladores;5.04.03;Opções Outorgadas Reconhecidas;0.0;S
09.305.994/0001-29;2023-06-30;1;AZUL S.A.;24112;DF Consolidado - Demonstração das Mutações do Patrimônio Líquido;REAL;MIL;PENÚLTIMO;2022-01-01;2022-06-30;Patrimônio Líquido Consolidado;5.04.03;Opções Outorgadas Reconhecidas;30550.0;S
09.305.994/0001-29;2023-06-30;1;AZUL S.A.;24112;DF Consolidado - Demonstração das Mutações do Patrimônio Líquido;REAL;MIL;ÚLTIMO;2023-01-01;2023-06-30;Patrimônio Líquido Consolidado;5.04.03;Opções Outorgadas Reconhecidas;41113.0;S
09.305.994/0001-29;2023-06-30;1;AZUL S.A.;24112;DF Consolidado - Demonstração das Mutações do Patrimônio Líquido;REAL;MIL;PENÚLTIMO;2022-01-01;2022-06-30;Capital Social Integralizado;5.04.04;Ações em Tesouraria Adquiridas;0.0;S
09.305.994/0001-29;2023-06-30;1;AZUL S.A.;24112;DF Consolidado - Demonstração das Mutações do Patrimônio Líquido;REAL;MIL;ÚLTIMO;2023-01-01;2023-06-30;Capital Social Integralizado;5.04.04;Ações em Tesouraria Adquiridas;0.0;S
09.305.994/0001-29;2023-06-30;1;AZUL S.A.;24112;DF Consolidado - Demonstração das Mutações do Patrimônio Líquido;REAL;MIL;PENÚLTIMO;2022-01-01;2022-06-30;Reservas de Capital, Opções Outorgadas e Ações em Tesouraria;5.04.04;Ações em Tesouraria Adquiridas;-923.0;S
09.305.994/0001-29;2023-06-30;1;AZUL S.A.;24112;DF Consolidado - Demonstração das Mutações do Patrimônio Líquido;REAL;MIL;ÚLTIMO;2023-01-01;2023-06-30;Reservas de Capital, Opções Outorgadas e Ações em Tesouraria;5.04.04;Ações em Tesouraria Adquiridas;-2881.0;S
09.305.994/0001-29;2023-06-30;1;AZUL S.A.;24112;DF Consolidado - Demonstração das Mutações do Patrimônio Líquido;REAL;MIL;PENÚLTIMO;2022-01-01;2022-06-30;Reservas de Lucro;5.04.04;Ações em Tesouraria Adquiridas;0.0;S
09.305.994/0001-29;2023-06-30;1;AZUL S.A.;24112;DF Consolidado - Demonstração das Mutações do Patrimônio Líquido;REAL;MIL;ÚLTIMO;2023-01-01;2023-06-30;Reservas de Lucro;5.04.04;Ações em Tesouraria Adquiridas;0.0;S
09.305.994/0001-29;2023-06-30;1;AZUL S.A.;24112;DF Consolidado - Demonstração das Mutações do Patrimônio Líquido;REAL;MIL;PENÚLTIMO;2022-01-01;2022-06-30;Lucros ou Prejuízos Acumulados;5.04.04;Ações em Tesouraria Adquiridas;0.0;S
09.305.994/0001-29;2023-06-30;1;AZUL S.A.;24112;DF Consolidado - Demonstração das Mutações do Patrimônio Líquido;REAL;MIL;ÚLTIMO;2023-01-01;2023-06-30;Lucros ou Prejuízos Acumulados;5.04.04;Ações em Tesouraria Adquiridas;0.0;S
09.305.994/0001-29;2023-06-30;1;AZUL S.A.;24112;DF Consolidado - Demonstração das Mutações do Patrimônio Líquido;REAL;MIL;PENÚLTIMO;2022-01-01;2022-06-30;Outros Resultados Abrangentes;5.04.04;Ações em Tesouraria Adquiridas;0.0;S
09.305.994/0001-29;2023-06-30;1;AZUL S.A.;24112;DF Consolidado - Demonstração das Mutações do Patrimônio Líquido;REAL;MIL;ÚLTIMO;2023-01-01;2023-06-30;Outros Resultados Abrangentes;5.04.04;Ações em Tesouraria Adquiridas;0.0;S
09.305.994/0001-29;2023-06-30;1;AZUL S.A.;24112;DF Consolidado - Demonstração das Mutações do Patrimônio Líquido;REAL;MIL;PENÚLTIMO;2022-01-01;2022-06-30;Patrimônio Líquido;5.04.04;Ações em Tesouraria Adquiridas;-923.0;S
09.305.994/0001-29;2023-06-30;1;AZUL S.A.;24112;DF Consolidado - Demonstração das Mutações do Patrimônio Líquido;REAL;MIL;ÚLTIMO;2023-01-01;2023-06-30;Patrimônio Líquido;5.04.04;Ações em Tesouraria Adquiridas;-2881.0;S
09.305.994/0001-29;2023-06-30;1;AZUL S.A.;24112;DF Consolidado - Demonstração das Mutações do Patrimônio Líquido;REAL;MIL;PENÚLTIMO;2022-01-01;2022-06-30;Participação dos Não Controladores;5.04.04;Ações em Tesouraria Adquiridas;0.0;S
09.305.994/0001-29;2023-06-30;1;AZUL S.A.;24112;DF Consolidado - Demonstração das Mutações do Patrimônio Líquido;REAL;MIL;ÚLTIMO;2023-01-01;2023-06-30;Participação dos Não Controladores;5.04.04;Ações em Tesouraria Adquiridas;0.0;S
09.305.994/0001-29;2023-06-30;1;AZUL S.A.;24112;DF Consolidado - Demonstração das Mutações do Patrimônio Líquido;REAL;MIL;PENÚLTIMO;2022-01-01;2022-06-30;Patrimônio Líquido Consolidado;5.04.04;Ações em Tesouraria Adquiridas;-923.0;S
09.305.994/0001-29;2023-06-30;1;AZUL S.A.;24112;DF Consolidado - Demonstração das Mutações do Patrimônio Líquido;REAL;MIL;ÚLTIMO;2023-01-01;2023-06-30;Patrimônio Líquido Consolidado;5.04.04;Ações em Tesouraria Adquiridas;-2881.0;S
09.305.994/0001-29;2023-06-30;1;AZUL S.A.;24112;DF Consolidado - Demonstração das Mutações do Patrimônio Líquido;REAL;MIL;PENÚLTIMO;2022-01-01;2022-06-30;Capital Social Integralizado;5.04.05;Ações em Tesouraria Vendidas;0.0;S
09.305.994/0001-29;2023-06-30;1;AZUL S.A.;24112;DF Consolidado - Demonstração das Mutações do Patrimônio Líquido;REAL;MIL;ÚLTIMO;2023-01-01;2023-06-30;Capital Social Integralizado;5.04.05;Ações em Tesouraria Vendidas;0.0;S
09.305.994/0001-29;2023-06-30;1;AZUL S.A.;24112;DF Consolidado - Demonstração das Mutações do Patrimônio Líquido;REAL;MIL;PENÚLTIMO;2022-01-01;2022-06-30;Reservas de Capital, Opções Outorgadas e Ações em Tesouraria;5.04.05;Ações em Tesouraria Vendidas;0.0;S
09.305.994/0001-29;2023-06-30;1;AZUL S.A.;24112;DF Consolidado - Demonstração das Mutações do Patrimônio Líquido;REAL;MIL;ÚLTIMO;2023-01-01;2023-06-30;Reservas de Capital, Opções Outorgadas e Ações em Tesouraria;5.04.05;Ações em Tesouraria Vendidas;0.0;S
09.305.994/0001-29;2023-06-30;1;AZUL S.A.;24112;DF Consolidado - Demonstração das Mutações do Patrimônio Líquido;REAL;MIL;PENÚLTIMO;2022-01-01;2022-06-30;Reservas de Lucro;5.04.05;Ações em Tesouraria Vendidas;0.0;S
09.305.994/0001-29;2023-06-30;1;AZUL S.A.;24112;DF Consolidado - Demonstração das Mutações do Patrimônio Líquido;REAL;MIL;ÚLTIMO;2023-01-01;2023-06-30;Reservas de Lucro;5.04.05;Ações em Tesouraria Vendidas;0.0;S
09.305.994/0001-29;2023-06-30;1;AZUL S.A.;24112;DF Consolidado - Demonstração das Mutações do Patrimônio Líquido;REAL;MIL;PENÚLTIMO;2022-01-01;2022-06-30;Lucros ou Prejuízos Acumulados;5.04.05;Ações em Tesouraria Vendidas;0.0;S
09.305.994/0001-29;2023-06-30;1;AZUL S.A.;24112;DF Consolidado - Demonstração das Mutações do Patrimônio Líquido;REAL;MIL;ÚLTIMO;2023-01-01;2023-06-30;Lucros ou Prejuízos Acumulados;5.04.05;Ações em Tesouraria Vendidas;0.0;S
09.305.994/0001-29;2023-06-30;1;AZUL S.A.;24112;DF Consolidado - Demonstração das Mutações do Patrimônio Líquido;REAL;MIL;PENÚLTIMO;2022-01-01;2022-06-30;Outros Resultados Abrangentes;5.04.05;Ações em Tesouraria Vendidas;0.0;S
09.305.994/0001-29;2023-06-30;1;AZUL S.A.;24112;DF Consolidado - Demonstração das Mutações do Patrimônio Líquido;REAL;MIL;ÚLTIMO;2023-01-01;2023-06-30;Outros Resultados Abrangentes;5.04.05;Ações em Tesouraria Vendidas;0.0;S
09.305.994/0001-29;2023-06-30;1;AZUL S.A.;24112;DF Consolidado - Demonstração das Mutações do Patrimônio Líquido;REAL;MIL;PENÚLTIMO;2022-01-01;2022-06-30;Patrimônio Líquido;5.04.05;Ações em Tesouraria Vendidas;0.0;S
09.305.994/0001-29;2023-06-30;1;AZUL S.A.;24112;DF Consolidado - Demonstração das Mutações do Patrimônio Líquido;REAL;MIL;ÚLTIMO;2023-01-01;2023-06-30;Patrimônio Líquido;5.04.05;Ações em Tesouraria Vendidas;0.0;S
09.305.994/0001-29;2023-06-30;1;AZUL S.A.;24112;DF Consolidado - Demonstração das Mutações do Patrimônio Líquido;REAL;MIL;PENÚLTIMO;2022-01-01;2022-06-30;Participação dos Não Controladores;5.04.05;Ações em Tesouraria Vendidas;0.0;S
09.305.994/0001-29;2023-06-30;1;AZUL S.A.;24112;DF Consolidado - Demonstração das Mutações do Patrimônio Líquido;REAL;MIL;ÚLTIMO;2023-01-01;2023-06-30;Participação dos Não Controladores;5.04.05;Ações em Tesouraria Vendidas;0.0;S
09.305.994/0001-29;2023-06-30;1;AZUL S.A.;24112;DF Consolidado - Demonstração das Mutações do Patrimônio Líquido;REAL;MIL;PENÚLTIMO;2022-01-01;2022-06-30;Patrimônio Líquido Consolidado;5.04.05;Ações em Tesouraria Vendidas;0.0;S
09.305.994/0001-29;2023-06-30;1;AZUL S.A.;24112;DF Consolidado - Demonstração das Mutações do Patrimônio Líquido;REAL;MIL;ÚLTIMO;2023-01-01;2023-06-30;Patrimônio Líquido Consolidado;5.04.05;Ações em Tesouraria Vendidas;0.0;S
09.305.994/0001-29;2023-06-30;1;AZUL S.A.;24112;DF Consolidado - Demonstração das Mutações do Patrimônio Líquido;REAL;MIL;PENÚLTIMO;2022-01-01;2022-06-30;Capital Social Integralizado;5.04.06;Dividendos;0.0;S
09.305.994/0001-29;2023-06-30;1;AZUL S.A.;24112;DF Consolidado - Demonstração das Mutações do Patrimônio Líquido;REAL;MIL;ÚLTIMO;2023-01-01;2023-06-30;Capital Social Integralizado;5.04.06;Dividendos;0.0;S
09.305.994/0001-29;2023-06-30;1;AZUL S.A.;24112;DF Consolidado - Demonstração das Mutações do Patrimônio Líquido;REAL;MIL;PENÚLTIMO;2022-01-01;2022-06-30;Reservas de Capital, Opções Outorgadas e Ações em Tesouraria;5.04.06;Dividendos;0.0;S
09.305.994/0001-29;2023-06-30;1;AZUL S.A.;24112;DF Consolidado - Demonstração das Mutações do Patrimônio Líquido;REAL;MIL;ÚLTIMO;2023-01-01;2023-06-30;Reservas de Capital, Opções Outorgadas e Ações em Tesouraria;5.04.06;Dividendos;0.0;S
09.305.994/0001-29;2023-06-30;1;AZUL S.A.;24112;DF Consolidado - Demonstração das Mutações do Patrimônio Líquido;REAL;MIL;PENÚLTIMO;2022-01-01;2022-06-30;Reservas de Lucro;5.04.06;Dividendos;0.0;S
09.305.994/0001-29;2023-06-30;1;AZUL S.A.;24112;DF Consolidado - Demonstração das Mutações do Patrimônio Líquido;REAL;MIL;ÚLTIMO;2023-01-01;2023-06-30;Reservas de Lucro;5.04.06;Dividendos;0.0;S
09.305.994/0001-29;2023-06-30;1;AZUL S.A.;24112;DF Consolidado - Demonstração das Mutações do Patrimônio Líquido;REAL;MIL;PENÚLTIMO;2022-01-01;2022-06-30;Lucros ou Prejuízos Acumulados;5.04.06;Dividendos;0.0;S
09.305.994/0001-29;2023-06-30;1;AZUL S.A.;24112;DF Consolidado - Demonstração das Mutações do Patrimônio Líquido;REAL;MIL;ÚLTIMO;2023-01-01;2023-06-30;Lucros ou Prejuízos Acumulados;5.04.06;Dividendos;0.0;S
09.305.994/0001-29;2023-06-30;1;AZUL S.A.;24112;DF Consolidado - Demonstração das Mutações do Patrimônio Líquido;REAL;MIL;PENÚLTIMO;2022-01-01;2022-06-30;Outros Resultados Abrangentes;5.04.06;Dividendos;0.0;S
09.305.994/0001-29;2023-06-30;1;AZUL S.A.;24112;DF Consolidado - Demonstração das Mutações do Patrimônio Líquido;REAL;MIL;ÚLTIMO;2023-01-01;2023-06-30;Outros Resultados Abrangentes;5.04.06;Dividendos;0.0;S
09.305.994/0001-29;2023-06-30;1;AZUL S.A.;24112;DF Consolidado - Demonstração das Mutações do Patrimônio Líquido;REAL;MIL;PENÚLTIMO;2022-01-01;2022-06-30;Patrimônio Líquido;5.04.06;Dividendos;0.0;S
09.305.994/0001-29;2023-06-30;1;AZUL S.A.;24112;DF Consolidado - Demonstração das Mutações do Patrimônio Líquido;REAL;MIL;ÚLTIMO;2023-01-01;2023-06-30;Patrimônio Líquido;5.04.06;Dividendos;0.0;S
09.305.994/0001-29;2023-06-30;1;AZUL S.A.;24112;DF Consolidado - Demonstração das Mutações do Patrimônio Líquido;REAL;MIL;PENÚLTIMO;2022-01-01;2022-06-30;Participação dos Não Controladores;5.04.06;Dividendos;0.0;S
09.305.994/0001-29;2023-06-30;1;AZUL S.A.;24112;DF Consolidado - Demonstração das Mutações do Patrimônio Líquido;REAL;MIL;ÚLTIMO;2023-01-01;2023-06-30;Participação dos Não Controladores;5.04.06;Dividendos;0.0;S
09.305.994/0001-29;2023-06-30;1;AZUL S.A.;24112;DF Consolidado - Demonstração das Mutações do Patrimônio Líquido;REAL;MIL;PENÚLTIMO;2022-01-01;2022-06-30;Patrimônio Líquido Consolidado;5.04.06;Dividendos;0.0;S
09.305.994/0001-29;2023-06-30;1;AZUL S.A.;24112;DF Consolidado - Demonstração das Mutações do Patrimônio Líquido;REAL;MIL;ÚLTIMO;2023-01-01;2023-06-30;Patrimônio Líquido Consolidado;5.04.06;Dividendos;0.0;S
09.305.994/0001-29;2023-06-30;1;AZUL S.A.;24112;DF Consolidado - Demonstração das Mutações do Patrimônio Líquido;REAL;MIL;PENÚLTIMO;2022-01-01;2022-06-30;Capital Social Integralizado;5.04.07;Juros sobre Capital Próprio;0.0;S
09.305.994/0001-29;2023-06-30;1;AZUL S.A.;24112;DF Consolidado - Demonstração das Mutações do Patrimônio Líquido;REAL;MIL;ÚLTIMO;2023-01-01;2023-06-30;Capital Social Integralizado;5.04.07;Juros sobre Capital Próprio;0.0;S
09.305.994/0001-29;2023-06-30;1;AZUL S.A.;24112;DF Consolidado - Demonstração das Mutações do Patrimônio Líquido;REAL;MIL;PENÚLTIMO;2022-01-01;2022-06-30;Reservas de Capital, Opções Outorgadas e Ações em Tesouraria;5.04.07;Juros sobre Capital Próprio;0.0;S
09.305.994/0001-29;2023-06-30;1;AZUL S.A.;24112;DF Consolidado - Demonstração das Mutações do Patrimônio Líquido;REAL;MIL;ÚLTIMO;2023-01-01;2023-06-30;Reservas de Capital, Opções Outorgadas e Ações em Tesouraria;5.04.07;Juros sobre Capital Próprio;0.0;S
09.305.994/0001-29;2023-06-30;1;AZUL S.A.;24112;DF Consolidado - Demonstração das Mutações do Patrimônio Líquido;REAL;MIL;PENÚLTIMO;2022-01-01;2022-06-30;Reservas de Lucro;5.04.07;Juros sobre Capital Próprio;0.0;S
09.305.994/0001-29;2023-06-30;1;AZUL S.A.;24112;DF Consolidado - Demonstração das Mutações do Patrimônio Líquido;REAL;MIL;ÚLTIMO;2023-01-01;2023-06-30;Reservas de Lucro;5.04.07;Juros sobre Capital Próprio;0.0;S
09.305.994/0001-29;2023-06-30;1;AZUL S.A.;24112;DF Consolidado - Demonstração das Mutações do Patrimônio Líquido;REAL;MIL;PENÚLTIMO;2022-01-01;2022-06-30;Lucros ou Prejuízos Acumulados;5.04.07;Juros sobre Capital Próprio;0.0;S
09.305.994/0001-29;2023-06-30;1;AZUL S.A.;24112;DF Consolidado - Demonstração das Mutações do Patrimônio Líquido;REAL;MIL;ÚLTIMO;2023-01-01;2023-06-30;Lucros ou Prejuízos Acumulados;5.04.07;Juros sobre Capital Próprio;0.0;S
09.305.994/0001-29;2023-06-30;1;AZUL S.A.;24112;DF Consolidado - Demonstração das Mutações do Patrimônio Líquido;REAL;MIL;PENÚLTIMO;2022-01-01;2022-06-30;Outros Resultados Abrangentes;5.04.07;Juros sobre Capital Próprio;0.0;S
09.305.994/0001-29;2023-06-30;1;AZUL S.A.;24112;DF Consolidado - Demonstração das Mutações do Patrimônio Líquido;REAL;MIL;ÚLTIMO;2023-01-01;2023-06-30;Outros Resultados Abrangentes;5.04.07;Juros sobre Capital Próprio;0.0;S
09.305.994/0001-29;2023-06-30;1;AZUL S.A.;24112;DF Consolidado - Demonstração das Mutações do Patrimônio Líquido;REAL;MIL;PENÚLTIMO;2022-01-01;2022-06-30;Patrimônio Líquido;5.04.07;Juros sobre Capital Próprio;0.0;S
09.305.994/0001-29;2023-06-30;1;AZUL S.A.;24112;DF Consolidado - Demonstração das Mutações do Patrimônio Líquido;REAL;MIL;ÚLTIMO;2023-01-01;2023-06-30;Patrimônio Líquido;5.04.07;Juros sobre Capital Próprio;0.0;S
09.305.994/0001-29;2023-06-30;1;AZUL S.A.;24112;DF Consolidado - Demonstração das Mutações do Patrimônio Líquido;REAL;MIL;PENÚLTIMO;2022-01-01;2022-06-30;Participação dos Não Controladores;5.04.07;Juros sobre Capital Próprio;0.0;S
09.305.994/0001-29;2023-06-30;1;AZUL S.A.;24112;DF Consolidado - Demonstração das Mutações do Patrimônio Líquido;REAL;MIL;ÚLTIMO;2023-01-01;2023-06-30;Participação dos Não Controladores;5.04.07;Juros sobre Capital Próprio;0.0;S
09.305.994/0001-29;2023-06-30;1;AZUL S.A.;24112;DF Consolidado - Demonstração das Mutações do Patrimônio Líquido;REAL;MIL;PENÚLTIMO;2022-01-01;2022-06-30;Patrimônio Líquido Consolidado;5.04.07;Juros sobre Capital Próprio;0.0;S
09.305.994/0001-29;2023-06-30;1;AZUL S.A.;24112;DF Consolidado - Demonstração das Mutações do Patrimônio Líquido;REAL;MIL;ÚLTIMO;2023-01-01;2023-06-30;Patrimônio Líquido Consolidado;5.04.07;Juros sobre Capital Próprio;0.0;S
09.305.994/0001-29;2023-06-30;1;AZUL S.A.;24112;DF Consolidado - Demonstração das Mutações do Patrimônio Líquido;REAL;MIL;PENÚLTIMO;2022-01-01;2022-06-30;Capital Social Integralizado;5.05;Resultado Abrangente Total;0.0;S
09.305.994/0001-29;2023-06-30;1;AZUL S.A.;24112;DF Consolidado - Demonstração das Mutações do Patrimônio Líquido;REAL;MIL;ÚLTIMO;2023-01-01;2023-06-30;Capital Social Integralizado;5.05;Resultado Abrangente Total;0.0;S
09.305.994/0001-29;2023-06-30;1;AZUL S.A.;24112;DF Consolidado - Demonstração das Mutações do Patrimônio Líquido;REAL;MIL;PENÚLTIMO;2022-01-01;2022-06-30;Reservas de Capital, Opções Outorgadas e Ações em Tesouraria;5.05;Resultado Abrangente Total;0.0;S
09.305.994/0001-29;2023-06-30;1;AZUL S.A.;24112;DF Consolidado - Demonstração das Mutações do Patrimônio Líquido;REAL;MIL;ÚLTIMO;2023-01-01;2023-06-30;Reservas de Capital, Opções Outorgadas e Ações em Tesouraria;5.05;Resultado Abrangente Total;0.0;S
09.305.994/0001-29;2023-06-30;1;AZUL S.A.;24112;DF Consolidado - Demonstração das Mutações do Patrimônio Líquido;REAL;MIL;PENÚLTIMO;2022-01-01;2022-06-30;Reservas de Lucro;5.05;Resultado Abrangente Total;0.0;S
09.305.994/0001-29;2023-06-30;1;AZUL S.A.;24112;DF Consolidado - Demonstração das Mutações do Patrimônio Líquido;REAL;MIL;ÚLTIMO;2023-01-01;2023-06-30;Reservas de Lucro;5.05;Resultado Abrangente Total;0.0;S
09.305.994/0001-29;2023-06-30;1;AZUL S.A.;24112;DF Consolidado - Demonstração das Mutações do Patrimônio Líquido;REAL;MIL;PENÚLTIMO;2022-01-01;2022-06-30;Lucros ou Prejuízos Acumulados;5.05;Resultado Abrangente Total;186576.0;S
09.305.994/0001-29;2023-06-30;1;AZUL S.A.;24112;DF Consolidado - Demonstração das Mutações do Patrimônio Líquido;REAL;MIL;ÚLTIMO;2023-01-01;2023-06-30;Lucros ou Prejuízos Acumulados;5.05;Resultado Abrangente Total;-712732.0;S
09.305.994/0001-29;2023-06-30;1;AZUL S.A.;24112;DF Consolidado - Demonstração das Mutações do Patrimônio Líquido;REAL;MIL;PENÚLTIMO;2022-01-01;2022-06-30;Outros Resultados Abrangentes;5.05;Resultado Abrangente Total;0.0;S
09.305.994/0001-29;2023-06-30;1;AZUL S.A.;24112;DF Consolidado - Demonstração das Mutações do Patrimônio Líquido;REAL;MIL;ÚLTIMO;2023-01-01;2023-06-30;Outros Resultados Abrangentes;5.05;Resultado Abrangente Total;0.0;S
09.305.994/0001-29;2023-06-30;1;AZUL S.A.;24112;DF Consolidado - Demonstração das Mutações do Patrimônio Líquido;REAL;MIL;PENÚLTIMO;2022-01-01;2022-06-30;Patrimônio Líquido;5.05;Resultado Abrangente Total;186576.0;S
09.305.994/0001-29;2023-06-30;1;AZUL S.A.;24112;DF Consolidado - Demonstração das Mutações do Patrimônio Líquido;REAL;MIL;ÚLTIMO;2023-01-01;2023-06-30;Patrimônio Líquido;5.05;Resultado Abrangente Total;-712732.0;S
09.305.994/0001-29;2023-06-30;1;AZUL S.A.;24112;DF Consolidado - Demonstração das Mutações do Patrimônio Líquido;REAL;MIL;PENÚLTIMO;2022-01-01;2022-06-30;Participação dos Não Controladores;5.05;Resultado Abrangente Total;0.0;S
09.305.994/0001-29;2023-06-30;1;AZUL S.A.;24112;DF Consolidado - Demonstração das Mutações do Patrimônio Líquido;REAL;MIL;ÚLTIMO;2023-01-01;2023-06-30;Participação dos Não Controladores;5.05;Resultado Abrangente Total;0.0;S
09.305.994/0001-29;2023-06-30;1;AZUL S.A.;24112;DF Consolidado - Demonstração das Mutações do Patrimônio Líquido;REAL;MIL;PENÚLTIMO;2022-01-01;2022-06-30;Patrimônio Líquido Consolidado;5.05;Resultado Abrangente Total;186576.0;S
09.305.994/0001-29;2023-06-30;1;AZUL S.A.;24112;DF Consolidado - Demonstração das Mutações do Patrimônio Líquido;REAL;MIL;ÚLTIMO;2023-01-01;2023-06-30;Patrimônio Líquido Consolidado;5.05;Resultado Abrangente Total;-712732.0;S
09.305.994/0001-29;2023-06-30;1;AZUL S.A.;24112;DF Consolidado - Demonstração das Mutações do Patrimônio Líquido;REAL;MIL;PENÚLTIMO;2022-01-01;2022-06-30;Capital Social Integralizado;5.05.01;Lucro Líquido do Período;0.0;S
09.305.994/0001-29;2023-06-30;1;AZUL S.A.;24112;DF Consolidado - Demonstração das Mutações do Patrimônio Líquido;REAL;MIL;ÚLTIMO;2023-01-01;2023-06-30;Capital Social Integralizado;5.05.01;Lucro Líquido do Período;0.0;S
09.305.994/0001-29;2023-06-30;1;AZUL S.A.;24112;DF Consolidado - Demonstração das Mutações do Patrimônio Líquido;REAL;MIL;PENÚLTIMO;2022-01-01;2022-06-30;Reservas de Capital, Opções Outorgadas e Ações em Tesouraria;5.05.01;Lucro Líquido do Período;0.0;S
09.305.994/0001-29;2023-06-30;1;AZUL S.A.;24112;DF Consolidado - Demonstração das Mutações do Patrimônio Líquido;REAL;MIL;ÚLTIMO;2023-01-01;2023-06-30;Reservas de Capital, Opções Outorgadas e Ações em Tesouraria;5.05.01;Lucro Líquido do Período;0.0;S
09.305.994/0001-29;2023-06-30;1;AZUL S.A.;24112;DF Consolidado - Demonstração das Mutações do Patrimônio Líquido;REAL;MIL;PENÚLTIMO;2022-01-01;2022-06-30;Reservas de Lucro;5.05.01;Lucro Líquido do Período;0.0;S
09.305.994/0001-29;2023-06-30;1;AZUL S.A.;24112;DF Consolidado - Demonstração das Mutações do Patrimônio Líquido;REAL;MIL;ÚLTIMO;2023-01-01;2023-06-30;Reservas de Lucro;5.05.01;Lucro Líquido do Período;0.0;S
09.305.994/0001-29;2023-06-30;1;AZUL S.A.;24112;DF Consolidado - Demonstração das Mutações do Patrimônio Líquido;REAL;MIL;PENÚLTIMO;2022-01-01;2022-06-30;Lucros ou Prejuízos Acumulados;5.05.01;Lucro Líquido do Período;186576.0;S
09.305.994/0001-29;2023-06-30;1;AZUL S.A.;24112;DF Consolidado - Demonstração das Mutações do Patrimônio Líquido;REAL;MIL;ÚLTIMO;2023-01-01;2023-06-30;Lucros ou Prejuízos Acumulados;5.05.01;Lucro Líquido do Período;-712732.0;S
09.305.994/0001-29;2023-06-30;1;AZUL S.A.;24112;DF Consolidado - Demonstração das Mutações do Patrimônio Líquido;REAL;MIL;PENÚLTIMO;2022-01-01;2022-06-30;Outros Resultados Abrangentes;5.05.01;Lucro Líquido do Período;0.0;S
09.305.994/0001-29;2023-06-30;1;AZUL S.A.;24112;DF Consolidado - Demonstração das Mutações do Patrimônio Líquido;REAL;MIL;ÚLTIMO;2023-01-01;2023-06-30;Outros Resultados Abrangentes;5.05.01;Lucro Líquido do Período;0.0;S
09.305.994/0001-29;2023-06-30;1;AZUL S.A.;24112;DF Consolidado - Demonstração das Mutações do Patrimônio Líquido;REAL;MIL;PENÚLTIMO;2022-01-01;2022-06-30;Patrimônio Líquido;5.05.01;Lucro Líquido do Período;186576.0;S
09.305.994/0001-29;2023-06-30;1;AZUL S.A.;24112;DF Consolidado - Demonstração das Mutações do Patrimônio Líquido;REAL;MIL;ÚLTIMO;2023-01-01;2023-06-30;Patrimônio Líquido;5.05.01;Lucro Líquido do Período;-712732.0;S
09.305.994/0001-29;2023-06-30;1;AZUL S.A.;24112;DF Consolidado - Demonstração das Mutações do Patrimônio Líquido;REAL;MIL;PENÚLTIMO;2022-01-01;2022-06-30;Participação dos Não Controladores;5.05.01;Lucro Líquido do Período;0.0;S
09.305.994/0001-29;2023-06-30;1;AZUL S.A.;24112;DF Consolidado - Demonstração das Mutações do Patrimônio Líquido;REAL;MIL;ÚLTIMO;2023-01-01;2023-06-30;Participação dos Não Controladores;5.05.01;Lucro Líquido do Período;0.0;S
09.305.994/0001-29;2023-06-30;1;AZUL S.A.;24112;DF Consolidado - Demonstração das Mutações do Patrimônio Líquido;REAL;MIL;PENÚLTIMO;2022-01-01;2022-06-30;Patrimônio Líquido Consolidado;5.05.01;Lucro Líquido do Período;186576.0;S
09.305.994/0001-29;2023-06-30;1;AZUL S.A.;24112;DF Consolidado - Demonstração das Mutações do Patrimônio Líquido;REAL;MIL;ÚLTIMO;2023-01-01;2023-06-30;Patrimônio Líquido Consolidado;5.05.01;Lucro Líquido do Período;-712732.0;S
09.305.994/0001-29;2023-06-30;1;AZUL S.A.;24112;DF Consolidado - Demonstração das Mutações do Patrimônio Líquido;REAL;MIL;PENÚLTIMO;2022-01-01;2022-06-30;Capital Social Integralizado;5.05.02;Outros Resultados Abrangentes;0.0;S
09.305.994/0001-29;2023-06-30;1;AZUL S.A.;24112;DF Consolidado - Demonstração das Mutações do Patrimônio Líquido;REAL;MIL;ÚLTIMO;2023-01-01;2023-06-30;Capital Social Integralizado;5.05.02;Outros Resultados Abrangentes;0.0;S
09.305.994/0001-29;2023-06-30;1;AZUL S.A.;24112;DF Consolidado - Demonstração das Mutações do Patrimônio Líquido;REAL;MIL;PENÚLTIMO;2022-01-01;2022-06-30;Reservas de Capital, Opções Outorgadas e Ações em Tesouraria;5.05.02;Outros Resultados Abrangentes;0.0;S
09.305.994/0001-29;2023-06-30;1;AZUL S.A.;24112;DF Consolidado - Demonstração das Mutações do Patrimônio Líquido;REAL;MIL;ÚLTIMO;2023-01-01;2023-06-30;Reservas de Capital, Opções Outorgadas e Ações em Tesouraria;5.05.02;Outros Resultados Abrangentes;0.0;S
09.305.994/0001-29;2023-06-30;1;AZUL S.A.;24112;DF Consolidado - Demonstração das Mutações do Patrimônio Líquido;REAL;MIL;PENÚLTIMO;2022-01-01;2022-06-30;Reservas de Lucro;5.05.02;Outros Resultados Abrangentes;0.0;S
09.305.994/0001-29;2023-06-30;1;AZUL S.A.;24112;DF Consolidado - Demonstração das Mutações do Patrimônio Líquido;REAL;MIL;ÚLTIMO;2023-01-01;2023-06-30;Reservas de Lucro;5.05.02;Outros Resultados Abrangentes;0.0;S
09.305.994/0001-29;2023-06-30;1;AZUL S.A.;24112;DF Consolidado - Demonstração das Mutações do Patrimônio Líquido;REAL;MIL;PENÚLTIMO;2022-01-01;2022-06-30;Lucros ou Prejuízos Acumulados;5.05.02;Outros Resultados Abrangentes;0.0;S
09.305.994/0001-29;2023-06-30;1;AZUL S.A.;24112;DF Consolidado - Demonstração das Mutações do Patrimônio Líquido;REAL;MIL;ÚLTIMO;2023-01-01;2023-06-30;Lucros ou Prejuízos Acumulados;5.05.02;Outros Resultados Abrangentes;0.0;S
09.305.994/0001-29;2023-06-30;1;AZUL S.A.;24112;DF Consolidado - Demonstração das Mutações do Patrimônio Líquido;REAL;MIL;PENÚLTIMO;2022-01-01;2022-06-30;Outros Resultados Abrangentes;5.05.02;Outros Resultados Abrangentes;0.0;S
09.305.994/0001-29;2023-06-30;1;AZUL S.A.;24112;DF Consolidado - Demonstração das Mutações do Patrimônio Líquido;REAL;MIL;ÚLTIMO;2023-01-01;2023-06-30;Outros Resultados Abrangentes;5.05.02;Outros Resultados Abrangentes;0.0;S
09.305.994/0001-29;2023-06-30;1;AZUL S.A.;24112;DF Consolidado - Demonstração das Mutações do Patrimônio Líquido;REAL;MIL;PENÚLTIMO;2022-01-01;2022-06-30;Patrimônio Líquido;5.05.02;Outros Resultados Abrangentes;0.0;S
09.305.994/0001-29;2023-06-30;1;AZUL S.A.;24112;DF Consolidado - Demonstração das Mutações do Patrimônio Líquido;REAL;MIL;ÚLTIMO;2023-01-01;2023-06-30;Patrimônio Líquido;5.05.02;Outros Resultados Abrangentes;0.0;S
09.305.994/0001-29;2023-06-30;1;AZUL S.A.;24112;DF Consolidado - Demonstração das Mutações do Patrimônio Líquido;REAL;MIL;PENÚLTIMO;2022-01-01;2022-06-30;Participação dos Não Controladores;5.05.02;Outros Resultados Abrangentes;0.0;S
09.305.994/0001-29;2023-06-30;1;AZUL S.A.;24112;DF Consolidado - Demonstração das Mutações do Patrimônio Líquido;REAL;MIL;ÚLTIMO;2023-01-01;2023-06-30;Participação dos Não Controladores;5.05.02;Outros Resultados Abrangentes;0.0;S
09.305.994/0001-29;2023-06-30;1;AZUL S.A.;24112;DF Consolidado - Demonstração das Mutações do Patrimônio Líquido;REAL;MIL;PENÚLTIMO;2022-01-01;2022-06-30;Patrimônio Líquido Consolidado;5.05.02;Outros Resultados Abrangentes;0.0;S
09.305.994/0001-29;2023-06-30;1;AZUL S.A.;24112;DF Consolidado - Demonstração das Mutações do Patrimônio Líquido;REAL;MIL;ÚLTIMO;2023-01-01;2023-06-30;Patrimônio Líquido Consolidado;5.05.02;Outros Resultados Abrangentes;0.0;S
09.305.994/0001-29;2023-06-30;1;AZUL S.A.;24112;DF Consolidado - Demonstração das Mutações do Patrimônio Líquido;REAL;MIL;PENÚLTIMO;2022-01-01;2022-06-30;Capital Social Integralizado;5.05.02.01;Ajustes de Instrumentos Financeiros;0.0;S
09.305.994/0001-29;2023-06-30;1;AZUL S.A.;24112;DF Consolidado - Demonstração das Mutações do Patrimônio Líquido;REAL;MIL;ÚLTIMO;2023-01-01;2023-06-30;Capital Social Integralizado;5.05.02.01;Ajustes de Instrumentos Financeiros;0.0;S
09.305.994/0001-29;2023-06-30;1;AZUL S.A.;24112;DF Consolidado - Demonstração das Mutações do Patrimônio Líquido;REAL;MIL;PENÚLTIMO;2022-01-01;2022-06-30;Reservas de Capital, Opções Outorgadas e Ações em Tesouraria;5.05.02.01;Ajustes de Instrumentos Financeiros;0.0;S
09.305.994/0001-29;2023-06-30;1;AZUL S.A.;24112;DF Consolidado - Demonstração das Mutações do Patrimônio Líquido;REAL;MIL;ÚLTIMO;2023-01-01;2023-06-30;Reservas de Capital, Opções Outorgadas e Ações em Tesouraria;5.05.02.01;Ajustes de Instrumentos Financeiros;0.0;S
09.305.994/0001-29;2023-06-30;1;AZUL S.A.;24112;DF Consolidado - Demonstração das Mutações do Patrimônio Líquido;REAL;MIL;PENÚLTIMO;2022-01-01;2022-06-30;Reservas de Lucro;5.05.02.01;Ajustes de Instrumentos Financeiros;0.0;S
09.305.994/0001-29;2023-06-30;1;AZUL S.A.;24112;DF Consolidado - Demonstração das Mutações do Patrimônio Líquido;REAL;MIL;ÚLTIMO;2023-01-01;2023-06-30;Reservas de Lucro;5.05.02.01;Ajustes de Instrumentos Financeiros;0.0;S
09.305.994/0001-29;2023-06-30;1;AZUL S.A.;24112;DF Consolidado - Demonstração das Mutações do Patrimônio Líquido;REAL;MIL;PENÚLTIMO;2022-01-01;2022-06-30;Lucros ou Prejuízos Acumulados;5.05.02.01;Ajustes de Instrumentos Financeiros;0.0;S
09.305.994/0001-29;2023-06-30;1;AZUL S.A.;24112;DF Consolidado - Demonstração das Mutações do Patrimônio Líquido;REAL;MIL;ÚLTIMO;2023-01-01;2023-06-30;Lucros ou Prejuízos Acumulados;5.05.02.01;Ajustes de Instrumentos Financeiros;0.0;S
09.305.994/0001-29;2023-06-30;1;AZUL S.A.;24112;DF Consolidado - Demonstração das Mutações do Patrimônio Líquido;REAL;MIL;PENÚLTIMO;2022-01-01;2022-06-30;Outros Resultados Abrangentes;5.05.02.01;Ajustes de Instrumentos Financeiros;0.0;S
09.305.994/0001-29;2023-06-30;1;AZUL S.A.;24112;DF Consolidado - Demonstração das Mutações do Patrimônio Líquido;REAL;MIL;ÚLTIMO;2023-01-01;2023-06-30;Outros Resultados Abrangentes;5.05.02.01;Ajustes de Instrumentos Financeiros;0.0;S
09.305.994/0001-29;2023-06-30;1;AZUL S.A.;24112;DF Consolidado - Demonstração das Mutações do Patrimônio Líquido;REAL;MIL;PENÚLTIMO;2022-01-01;2022-06-30;Patrimônio Líquido;5.05.02.01;Ajustes de Instrumentos Financeiros;0.0;S
09.305.994/0001-29;2023-06-30;1;AZUL S.A.;24112;DF Consolidado - Demonstração das Mutações do Patrimônio Líquido;REAL;MIL;ÚLTIMO;2023-01-01;2023-06-30;Patrimônio Líquido;5.05.02.01;Ajustes de Instrumentos Financeiros;0.0;S
09.305.994/0001-29;2023-06-30;1;AZUL S.A.;24112;DF Consolidado - Demonstração das Mutações do Patrimônio Líquido;REAL;MIL;PENÚLTIMO;2022-01-01;2022-06-30;Participação dos Não Controladores;5.05.02.01;Ajustes de Instrumentos Financeiros;0.0;S
09.305.994/0001-29;2023-06-30;1;AZUL S.A.;24112;DF Consolidado - Demonstração das Mutações do Patrimônio Líquido;REAL;MIL;ÚLTIMO;2023-01-01;2023-06-30;Participação dos Não Controladores;5.05.02.01;Ajustes de Instrumentos Financeiros;0.0;S
09.305.994/0001-29;2023-06-30;1;AZUL S.A.;24112;DF Consolidado - Demonstração das Mutações do Patrimônio Líquido;REAL;MIL;PENÚLTIMO;2022-01-01;2022-06-30;Patrimônio Líquido Consolidado;5.05.02.01;Ajustes de Instrumentos Financeiros;0.0;S
09.305.994/0001-29;2023-06-30;1;AZUL S.A.;24112;DF Consolidado - Demonstração das Mutações do Patrimônio Líquido;REAL;MIL;ÚLTIMO;2023-01-01;2023-06-30;Patrimônio Líquido Consolidado;5.05.02.01;Ajustes de Instrumentos Financeiros;0.0;S
09.305.994/0001-29;2023-06-30;1;AZUL S.A.;24112;DF Consolidado - Demonstração das Mutações do Patrimônio Líquido;REAL;MIL;PENÚLTIMO;2022-01-01;2022-06-30;Capital Social Integralizado;5.05.02.02;Tributos s/ Ajustes Instrumentos Financeiros;0.0;S
09.305.994/0001-29;2023-06-30;1;AZUL S.A.;24112;DF Consolidado - Demonstração das Mutações do Patrimônio Líquido;REAL;MIL;ÚLTIMO;2023-01-01;2023-06-30;Capital Social Integralizado;5.05.02.02;Tributos s/ Ajustes Instrumentos Financeiros;0.0;S
09.305.994/0001-29;2023-06-30;1;AZUL S.A.;24112;DF Consolidado - Demonstração das Mutações do Patrimônio Líquido;REAL;MIL;PENÚLTIMO;2022-01-01;2022-06-30;Reservas de Capital, Opções Outorgadas e Ações em Tesouraria;5.05.02.02;Tributos s/ Ajustes Instrumentos Financeiros;0.0;S
09.305.994/0001-29;2023-06-30;1;AZUL S.A.;24112;DF Consolidado - Demonstração das Mutações do Patrimônio Líquido;REAL;MIL;ÚLTIMO;2023-01-01;2023-06-30;Reservas de Capital, Opções Outorgadas e Ações em Tesouraria;5.05.02.02;Tributos s/ Ajustes Instrumentos Financeiros;0.0;S
09.305.994/0001-29;2023-06-30;1;AZUL S.A.;24112;DF Consolidado - Demonstração das Mutações do Patrimônio Líquido;REAL;MIL;PENÚLTIMO;2022-01-01;2022-06-30;Reservas de Lucro;5.05.02.02;Tributos s/ Ajustes Instrumentos Financeiros;0.0;S
09.305.994/0001-29;2023-06-30;1;AZUL S.A.;24112;DF Consolidado - Demonstração das Mutações do Patrimônio Líquido;REAL;MIL;ÚLTIMO;2023-01-01;2023-06-30;Reservas de Lucro;5.05.02.02;Tributos s/ Ajustes Instrumentos Financeiros;0.0;S
09.305.994/0001-29;2023-06-30;1;AZUL S.A.;24112;DF Consolidado - Demonstração das Mutações do Patrimônio Líquido;REAL;MIL;PENÚLTIMO;2022-01-01;2022-06-30;Lucros ou Prejuízos Acumulados;5.05.02.02;Tributos s/ Ajustes Instrumentos Financeiros;0.0;S
09.305.994/0001-29;2023-06-30;1;AZUL S.A.;24112;DF Consolidado - Demonstração das Mutações do Patrimônio Líquido;REAL;MIL;ÚLTIMO;2023-01-01;2023-06-30;Lucros ou Prejuízos Acumulados;5.05.02.02;Tributos s/ Ajustes Instrumentos Financeiros;0.0;S
09.305.994/0001-29;2023-06-30;1;AZUL S.A.;24112;DF Consolidado - Demonstração das Mutações do Patrimônio Líquido;REAL;MIL;PENÚLTIMO;2022-01-01;2022-06-30;Outros Resultados Abrangentes;5.05.02.02;Tributos s/ Ajustes Instrumentos Financeiros;0.0;S
09.305.994/0001-29;2023-06-30;1;AZUL S.A.;24112;DF Consolidado - Demonstração das Mutações do Patrimônio Líquido;REAL;MIL;ÚLTIMO;2023-01-01;2023-06-30;Outros Resultados Abrangentes;5.05.02.02;Tributos s/ Ajustes Instrumentos Financeiros;0.0;S
09.305.994/0001-29;2023-06-30;1;AZUL S.A.;24112;DF Consolidado - Demonstração das Mutações do Patrimônio Líquido;REAL;MIL;PENÚLTIMO;2022-01-01;2022-06-30;Patrimônio Líquido;5.05.02.02;Tributos s/ Ajustes Instrumentos Financeiros;0.0;S
09.305.994/0001-29;2023-06-30;1;AZUL S.A.;24112;DF Consolidado - Demonstração das Mutações do Patrimônio Líquido;REAL;MIL;ÚLTIMO;2023-01-01;2023-06-30;Patrimônio Líquido;5.05.02.02;Tributos s/ Ajustes Instrumentos Financeiros;0.0;S
09.305.994/0001-29;2023-06-30;1;AZUL S.A.;24112;DF Consolidado - Demonstração das Mutações do Patrimônio Líquido;REAL;MIL;PENÚLTIMO;2022-01-01;2022-06-30;Participação dos Não Controladores;5.05.02.02;Tributos s/ Ajustes Instrumentos Financeiros;0.0;S
09.305.994/0001-29;2023-06-30;1;AZUL S.A.;24112;DF Consolidado - Demonstração das Mutações do Patrimônio Líquido;REAL;MIL;ÚLTIMO;2023-01-01;2023-06-30;Participação dos Não Controladores;5.05.02.02;Tributos s/ Ajustes Instrumentos Financeiros;0.0;S
09.305.994/0001-29;2023-06-30;1;AZUL S.A.;24112;DF Consolidado - Demonstração das Mutações do Patrimônio Líquido;REAL;MIL;PENÚLTIMO;2022-01-01;2022-06-30;Patrimônio Líquido Consolidado;5.05.02.02;Tributos s/ Ajustes Instrumentos Financeiros;0.0;S
09.305.994/0001-29;2023-06-30;1;AZUL S.A.;24112;DF Consolidado - Demonstração das Mutações do Patrimônio Líquido;REAL;MIL;ÚLTIMO;2023-01-01;2023-06-30;Patrimônio Líquido Consolidado;5.05.02.02;Tributos s/ Ajustes Instrumentos Financeiros;0.0;S
09.305.994/0001-29;2023-06-30;1;AZUL S.A.;24112;DF Consolidado - Demonstração das Mutações do Patrimônio Líquido;REAL;MIL;PENÚLTIMO;2022-01-01;2022-06-30;Capital Social Integralizado;5.05.02.03;Equiv. Patrim. s/Result. Abrang. Coligadas;0.0;S
09.305.994/0001-29;2023-06-30;1;AZUL S.A.;24112;DF Consolidado - Demonstração das Mutações do Patrimônio Líquido;REAL;MIL;ÚLTIMO;2023-01-01;2023-06-30;Capital Social Integralizado;5.05.02.03;Equiv. Patrim. s/Result. Abrang. Coligadas;0.0;S
09.305.994/0001-29;2023-06-30;1;AZUL S.A.;24112;DF Consolidado - Demonstração das Mutações do Patrimônio Líquido;REAL;MIL;PENÚLTIMO;2022-01-01;2022-06-30;Reservas de Capital, Opções Outorgadas e Ações em Tesouraria;5.05.02.03;Equiv. Patrim. s/Result. Abrang. Coligadas;0.0;S
09.305.994/0001-29;2023-06-30;1;AZUL S.A.;24112;DF Consolidado - Demonstração das Mutações do Patrimônio Líquido;REAL;MIL;ÚLTIMO;2023-01-01;2023-06-30;Reservas de Capital, Opções Outorgadas e Ações em Tesouraria;5.05.02.03;Equiv. Patrim. s/Result. Abrang. Coligadas;0.0;S
09.305.994/0001-29;2023-06-30;1;AZUL S.A.;24112;DF Consolidado - Demonstração das Mutações do Patrimônio Líquido;REAL;MIL;PENÚLTIMO;2022-01-01;2022-06-30;Reservas de Lucro;5.05.02.03;Equiv. Patrim. s/Result. Abrang. Coligadas;0.0;S
09.305.994/0001-29;2023-06-30;1;AZUL S.A.;24112;DF Consolidado - Demonstração das Mutações do Patrimônio Líquido;REAL;MIL;ÚLTIMO;2023-01-01;2023-06-30;Reservas de Lucro;5.05.02.03;Equiv. Patrim. s/Result. Abrang. Coligadas;0.0;S
09.305.994/0001-29;2023-06-30;1;AZUL S.A.;24112;DF Consolidado - Demonstração das Mutações do Patrimônio Líquido;REAL;MIL;PENÚLTIMO;2022-01-01;2022-06-30;Lucros ou Prejuízos Acumulados;5.05.02.03;Equiv. Patrim. s/Result. Abrang. Coligadas;0.0;S
09.305.994/0001-29;2023-06-30;1;AZUL S.A.;24112;DF Consolidado - Demonstração das Mutações do Patrimônio Líquido;REAL;MIL;ÚLTIMO;2023-01-01;2023-06-30;Lucros ou Prejuízos Acumulados;5.05.02.03;Equiv. Patrim. s/Result. Abrang. Coligadas;0.0;S
09.305.994/0001-29;2023-06-30;1;AZUL S.A.;24112;DF Consolidado - Demonstração das Mutações do Patrimônio Líquido;REAL;MIL;PENÚLTIMO;2022-01-01;2022-06-30;Outros Resultados Abrangentes;5.05.02.03;Equiv. Patrim. s/Result. Abrang. Coligadas;0.0;S
09.305.994/0001-29;2023-06-30;1;AZUL S.A.;24112;DF Consolidado - Demonstração das Mutações do Patrimônio Líquido;REAL;MIL;ÚLTIMO;2023-01-01;2023-06-30;Outros Resultados Abrangentes;5.05.02.03;Equiv. Patrim. s/Result. Abrang. Coligadas;0.0;S
09.305.994/0001-29;2023-06-30;1;AZUL S.A.;24112;DF Consolidado - Demonstração das Mutações do Patrimônio Líquido;REAL;MIL;PENÚLTIMO;2022-01-01;2022-06-30;Patrimônio Líquido;5.05.02.03;Equiv. Patrim. s/Result. Abrang. Coligadas;0.0;S
09.305.994/0001-29;2023-06-30;1;AZUL S.A.;24112;DF Consolidado - Demonstração das Mutações do Patrimônio Líquido;REAL;MIL;ÚLTIMO;2023-01-01;2023-06-30;Patrimônio Líquido;5.05.02.03;Equiv. Patrim. s/Result. Abrang. Coligadas;0.0;S
09.305.994/0001-29;2023-06-30;1;AZUL S.A.;24112;DF Consolidado - Demonstração das Mutações do Patrimônio Líquido;REAL;MIL;PENÚLTIMO;2022-01-01;2022-06-30;Participação dos Não Controladores;5.05.02.03;Equiv. Patrim. s/Result. Abrang. Coligadas;0.0;S
09.305.994/0001-29;2023-06-30;1;AZUL S.A.;24112;DF Consolidado - Demonstração das Mutações do Patrimônio Líquido;REAL;MIL;ÚLTIMO;2023-01-01;2023-06-30;Participação dos Não Controladores;5.05.02.03;Equiv. Patrim. s/Result. Abrang. Coligadas;0.0;S
09.305.994/0001-29;2023-06-30;1;AZUL S.A.;24112;DF Consolidado - Demonstração das Mutações do Patrimônio Líquido;REAL;MIL;PENÚLTIMO;2022-01-01;2022-06-30;Patrimônio Líquido Consolidado;5.05.02.03;Equiv. Patrim. s/Result. Abrang. Coligadas;0.0;S
09.305.994/0001-29;2023-06-30;1;AZUL S.A.;24112;DF Consolidado - Demonstração das Mutações do Patrimônio Líquido;REAL;MIL;ÚLTIMO;2023-01-01;2023-06-30;Patrimônio Líquido Consolidado;5.05.02.03;Equiv. Patrim. s/Result. Abrang. Coligadas;0.0;S
09.305.994/0001-29;2023-06-30;1;AZUL S.A.;24112;DF Consolidado - Demonstração das Mutações do Patrimônio Líquido;REAL;MIL;PENÚLTIMO;2022-01-01;2022-06-30;Capital Social Integralizado;5.05.02.04;Ajustes de Conversão do Período;0.0;S
09.305.994/0001-29;2023-06-30;1;AZUL S.A.;24112;DF Consolidado - Demonstração das Mutações do Patrimônio Líquido;REAL;MIL;ÚLTIMO;2023-01-01;2023-06-30;Capital Social Integralizado;5.05.02.04;Ajustes de Conversão do Período;0.0;S
09.305.994/0001-29;2023-06-30;1;AZUL S.A.;24112;DF Consolidado - Demonstração das Mutações do Patrimônio Líquido;REAL;MIL;PENÚLTIMO;2022-01-01;2022-06-30;Reservas de Capital, Opções Outorgadas e Ações em Tesouraria;5.05.02.04;Ajustes de Conversão do Período;0.0;S
09.305.994/0001-29;2023-06-30;1;AZUL S.A.;24112;DF Consolidado - Demonstração das Mutações do Patrimônio Líquido;REAL;MIL;ÚLTIMO;2023-01-01;2023-06-30;Reservas de Capital, Opções Outorgadas e Ações em Tesouraria;5.05.02.04;Ajustes de Conversão do Período;0.0;S
09.305.994/0001-29;2023-06-30;1;AZUL S.A.;24112;DF Consolidado - Demonstração das Mutações do Patrimônio Líquido;REAL;MIL;PENÚLTIMO;2022-01-01;2022-06-30;Reservas de Lucro;5.05.02.04;Ajustes de Conversão do Período;0.0;S
09.305.994/0001-29;2023-06-30;1;AZUL S.A.;24112;DF Consolidado - Demonstração das Mutações do Patrimônio Líquido;REAL;MIL;ÚLTIMO;2023-01-01;2023-06-30;Reservas de Lucro;5.05.02.04;Ajustes de Conversão do Período;0.0;S
09.305.994/0001-29;2023-06-30;1;AZUL S.A.;24112;DF Consolidado - Demonstração das Mutações do Patrimônio Líquido;REAL;MIL;PENÚLTIMO;2022-01-01;2022-06-30;Lucros ou Prejuízos Acumulados;5.05.02.04;Ajustes de Conversão do Período;0.0;S
09.305.994/0001-29;2023-06-30;1;AZUL S.A.;24112;DF Consolidado - Demonstração das Mutações do Patrimônio Líquido;REAL;MIL;ÚLTIMO;2023-01-01;2023-06-30;Lucros ou Prejuízos Acumulados;5.05.02.04;Ajustes de Conversão do Período;0.0;S
09.305.994/0001-29;2023-06-30;1;AZUL S.A.;24112;DF Consolidado - Demonstração das Mutações do Patrimônio Líquido;REAL;MIL;PENÚLTIMO;2022-01-01;2022-06-30;Outros Resultados Abrangentes;5.05.02.04;Ajustes de Conversão do Período;0.0;S
09.305.994/0001-29;2023-06-30;1;AZUL S.A.;24112;DF Consolidado - Demonstração das Mutações do Patrimônio Líquido;REAL;MIL;ÚLTIMO;2023-01-01;2023-06-30;Outros Resultados Abrangentes;5.05.02.04;Ajustes de Conversão do Período;0.0;S
09.305.994/0001-29;2023-06-30;1;AZUL S.A.;24112;DF Consolidado - Demonstração das Mutações do Patrimônio Líquido;REAL;MIL;PENÚLTIMO;2022-01-01;2022-06-30;Patrimônio Líquido;5.05.02.04;Ajustes de Conversão do Período;0.0;S
09.305.994/0001-29;2023-06-30;1;AZUL S.A.;24112;DF Consolidado - Demonstração das Mutações do Patrimônio Líquido;REAL;MIL;ÚLTIMO;2023-01-01;2023-06-30;Patrimônio Líquido;5.05.02.04;Ajustes de Conversão do Período;0.0;S
09.305.994/0001-29;2023-06-30;1;AZUL S.A.;24112;DF Consolidado - Demonstração das Mutações do Patrimônio Líquido;REAL;MIL;PENÚLTIMO;2022-01-01;2022-06-30;Participação dos Não Controladores;5.05.02.04;Ajustes de Conversão do Período;0.0;S
09.305.994/0001-29;2023-06-30;1;AZUL S.A.;24112;DF Consolidado - Demonstração das Mutações do Patrimônio Líquido;REAL;MIL;ÚLTIMO;2023-01-01;2023-06-30;Participação dos Não Controladores;5.05.02.04;Ajustes de Conversão do Período;0.0;S
09.305.994/0001-29;2023-06-30;1;AZUL S.A.;24112;DF Consolidado - Demonstração das Mutações do Patrimônio Líquido;REAL;MIL;PENÚLTIMO;2022-01-01;2022-06-30;Patrimônio Líquido Consolidado;5.05.02.04;Ajustes de Conversão do Período;0.0;S
09.305.994/0001-29;2023-06-30;1;AZUL S.A.;24112;DF Consolidado - Demonstração das Mutações do Patrimônio Líquido;REAL;MIL;ÚLTIMO;2023-01-01;2023-06-30;Patrimônio Líquido Consolidado;5.05.02.04;Ajustes de Conversão do Período;0.0;S
09.305.994/0001-29;2023-06-30;1;AZUL S.A.;24112;DF Consolidado - Demonstração das Mutações do Patrimônio Líquido;REAL;MIL;PENÚLTIMO;2022-01-01;2022-06-30;Capital Social Integralizado;5.05.02.05;Tributos s/ Ajustes de Conversão do Período;0.0;S
09.305.994/0001-29;2023-06-30;1;AZUL S.A.;24112;DF Consolidado - Demonstração das Mutações do Patrimônio Líquido;REAL;MIL;ÚLTIMO;2023-01-01;2023-06-30;Capital Social Integralizado;5.05.02.05;Tributos s/ Ajustes de Conversão do Período;0.0;S
09.305.994/0001-29;2023-06-30;1;AZUL S.A.;24112;DF Consolidado - Demonstração das Mutações do Patrimônio Líquido;REAL;MIL;PENÚLTIMO;2022-01-01;2022-06-30;Reservas de Capital, Opções Outorgadas e Ações em Tesouraria;5.05.02.05;Tributos s/ Ajustes de Conversão do Período;0.0;S
09.305.994/0001-29;2023-06-30;1;AZUL S.A.;24112;DF Consolidado - Demonstração das Mutações do Patrimônio Líquido;REAL;MIL;ÚLTIMO;2023-01-01;2023-06-30;Reservas de Capital, Opções Outorgadas e Ações em Tesouraria;5.05.02.05;Tributos s/ Ajustes de Conversão do Período;0.0;S
09.305.994/0001-29;2023-06-30;1;AZUL S.A.;24112;DF Consolidado - Demonstração das Mutações do Patrimônio Líquido;REAL;MIL;PENÚLTIMO;2022-01-01;2022-06-30;Reservas de Lucro;5.05.02.05;Tributos s/ Ajustes de Conversão do Período;0.0;S
09.305.994/0001-29;2023-06-30;1;AZUL S.A.;24112;DF Consolidado - Demonstração das Mutações do Patrimônio Líquido;REAL;MIL;ÚLTIMO;2023-01-01;2023-06-30;Reservas de Lucro;5.05.02.05;Tributos s/ Ajustes de Conversão do Período;0.0;S
09.305.994/0001-29;2023-06-30;1;AZUL S.A.;24112;DF Consolidado - Demonstração das Mutações do Patrimônio Líquido;REAL;MIL;PENÚLTIMO;2022-01-01;2022-06-30;Lucros ou Prejuízos Acumulados;5.05.02.05;Tributos s/ Ajustes de Conversão do Período;0.0;S
09.305.994/0001-29;2023-06-30;1;AZUL S.A.;24112;DF Consolidado - Demonstração das Mutações do Patrimônio Líquido;REAL;MIL;ÚLTIMO;2023-01-01;2023-06-30;Lucros ou Prejuízos Acumulados;5.05.02.05;Tributos s/ Ajustes de Conversão do Período;0.0;S
09.305.994/0001-29;2023-06-30;1;AZUL S.A.;24112;DF Consolidado - Demonstração das Mutações do Patrimônio Líquido;REAL;MIL;PENÚLTIMO;2022-01-01;2022-06-30;Outros Resultados Abrangentes;5.05.02.05;Tributos s/ Ajustes de Conversão do Período;0.0;S
09.305.994/0001-29;2023-06-30;1;AZUL S.A.;24112;DF Consolidado - Demonstração das Mutações do Patrimônio Líquido;REAL;MIL;ÚLTIMO;2023-01-01;2023-06-30;Outros Resultados Abrangentes;5.05.02.05;Tributos s/ Ajustes de Conversão do Período;0.0;S
09.305.994/0001-29;2023-06-30;1;AZUL S.A.;24112;DF Consolidado - Demonstração das Mutações do Patrimônio Líquido;REAL;MIL;PENÚLTIMO;2022-01-01;2022-06-30;Patrimônio Líquido;5.05.02.05;Tributos s/ Ajustes de Conversão do Período;0.0;S
09.305.994/0001-29;2023-06-30;1;AZUL S.A.;24112;DF Consolidado - Demonstração das Mutações do Patrimônio Líquido;REAL;MIL;ÚLTIMO;2023-01-01;2023-06-30;Patrimônio Líquido;5.05.02.05;Tributos s/ Ajustes de Conversão do Período;0.0;S
09.305.994/0001-29;2023-06-30;1;AZUL S.A.;24112;DF Consolidado - Demonstração das Mutações do Patrimônio Líquido;REAL;MIL;PENÚLTIMO;2022-01-01;2022-06-30;Participação dos Não Controladores;5.05.02.05;Tributos s/ Ajustes de Conversão do Período;0.0;S
09.305.994/0001-29;2023-06-30;1;AZUL S.A.;24112;DF Consolidado - Demonstração das Mutações do Patrimônio Líquido;REAL;MIL;ÚLTIMO;2023-01-01;2023-06-30;Participação dos Não Controladores;5.05.02.05;Tributos s/ Ajustes de Conversão do Período;0.0;S
09.305.994/0001-29;2023-06-30;1;AZUL S.A.;24112;DF Consolidado - Demonstração das Mutações do Patrimônio Líquido;REAL;MIL;PENÚLTIMO;2022-01-01;2022-06-30;Patrimônio Líquido Consolidado;5.05.02.05;Tributos s/ Ajustes de Conversão do Período;0.0;S
09.305.994/0001-29;2023-06-30;1;AZUL S.A.;24112;DF Consolidado - Demonstração das Mutações do Patrimônio Líquido;REAL;MIL;ÚLTIMO;2023-01-01;2023-06-30;Patrimônio Líquido Consolidado;5.05.02.05;Tributos s/ Ajustes de Conversão do Período;0.0;S
09.305.994/0001-29;2023-06-30;1;AZUL S.A.;24112;DF Consolidado - Demonstração das Mutações do Patrimônio Líquido;REAL;MIL;PENÚLTIMO;2022-01-01;2022-06-30;Capital Social Integralizado;5.05.03;Reclassificações para o Resultado;0.0;S
09.305.994/0001-29;2023-06-30;1;AZUL S.A.;24112;DF Consolidado - Demonstração das Mutações do Patrimônio Líquido;REAL;MIL;ÚLTIMO;2023-01-01;2023-06-30;Capital Social Integralizado;5.05.03;Reclassificações para o Resultado;0.0;S
09.305.994/0001-29;2023-06-30;1;AZUL S.A.;24112;DF Consolidado - Demonstração das Mutações do Patrimônio Líquido;REAL;MIL;PENÚLTIMO;2022-01-01;2022-06-30;Reservas de Capital, Opções Outorgadas e Ações em Tesouraria;5.05.03;Reclassificações para o Resultado;0.0;S
09.305.994/0001-29;2023-06-30;1;AZUL S.A.;24112;DF Consolidado - Demonstração das Mutações do Patrimônio Líquido;REAL;MIL;ÚLTIMO;2023-01-01;2023-06-30;Reservas de Capital, Opções Outorgadas e Ações em Tesouraria;5.05.03;Reclassificações para o Resultado;0.0;S
09.305.994/0001-29;2023-06-30;1;AZUL S.A.;24112;DF Consolidado - Demonstração das Mutações do Patrimônio Líquido;REAL;MIL;PENÚLTIMO;2022-01-01;2022-06-30;Reservas de Lucro;5.05.03;Reclassificações para o Resultado;0.0;S
09.305.994/0001-29;2023-06-30;1;AZUL S.A.;24112;DF Consolidado - Demonstração das Mutações do Patrimônio Líquido;REAL;MIL;ÚLTIMO;2023-01-01;2023-06-30;Reservas de Lucro;5.05.03;Reclassificações para o Resultado;0.0;S
09.305.994/0001-29;2023-06-30;1;AZUL S.A.;24112;DF Consolidado - Demonstração das Mutações do Patrimônio Líquido;REAL;MIL;PENÚLTIMO;2022-01-01;2022-06-30;Lucros ou Prejuízos Acumulados;5.05.03;Reclassificações para o Resultado;0.0;S
09.305.994/0001-29;2023-06-30;1;AZUL S.A.;24112;DF Consolidado - Demonstração das Mutações do Patrimônio Líquido;REAL;MIL;ÚLTIMO;2023-01-01;2023-06-30;Lucros ou Prejuízos Acumulados;5.05.03;Reclassificações para o Resultado;0.0;S
09.305.994/0001-29;2023-06-30;1;AZUL S.A.;24112;DF Consolidado - Demonstração das Mutações do Patrimônio Líquido;REAL;MIL;PENÚLTIMO;2022-01-01;2022-06-30;Outros Resultados Abrangentes;5.05.03;Reclassificações para o Resultado;0.0;S
09.305.994/0001-29;2023-06-30;1;AZUL S.A.;24112;DF Consolidado - Demonstração das Mutações do Patrimônio Líquido;REAL;MIL;ÚLTIMO;2023-01-01;2023-06-30;Outros Resultados Abrangentes;5.05.03;Reclassificações para o Resultado;0.0;S
09.305.994/0001-29;2023-06-30;1;AZUL S.A.;24112;DF Consolidado - Demonstração das Mutações do Patrimônio Líquido;REAL;MIL;PENÚLTIMO;2022-01-01;2022-06-30;Patrimônio Líquido;5.05.03;Reclassificações para o Resultado;0.0;S
09.305.994/0001-29;2023-06-30;1;AZUL S.A.;24112;DF Consolidado - Demonstração das Mutações do Patrimônio Líquido;REAL;MIL;ÚLTIMO;2023-01-01;2023-06-30;Patrimônio Líquido;5.05.03;Reclassificações para o Resultado;0.0;S
09.305.994/0001-29;2023-06-30;1;AZUL S.A.;24112;DF Consolidado - Demonstração das Mutações do Patrimônio Líquido;REAL;MIL;PENÚLTIMO;2022-01-01;2022-06-30;Participação dos Não Controladores;5.05.03;Reclassificações para o Resultado;0.0;S
09.305.994/0001-29;2023-06-30;1;AZUL S.A.;24112;DF Consolidado - Demonstração das Mutações do Patrimônio Líquido;REAL;MIL;ÚLTIMO;2023-01-01;2023-06-30;Participação dos Não Controladores;5.05.03;Reclassificações para o Resultado;0.0;S
09.305.994/0001-29;2023-06-30;1;AZUL S.A.;24112;DF Consolidado - Demonstração das Mutações do Patrimônio Líquido;REAL;MIL;PENÚLTIMO;2022-01-01;2022-06-30;Patrimônio Líquido Consolidado;5.05.03;Reclassificações para o Resultado;0.0;S
09.305.994/0001-29;2023-06-30;1;AZUL S.A.;24112;DF Consolidado - Demonstração das Mutações do Patrimônio Líquido;REAL;MIL;ÚLTIMO;2023-01-01;2023-06-30;Patrimônio Líquido Consolidado;5.05.03;Reclassificações para o Resultado;0.0;S
09.305.994/0001-29;2023-06-30;1;AZUL S.A.;24112;DF Consolidado - Demonstração das Mutações do Patrimônio Líquido;REAL;MIL;PENÚLTIMO;2022-01-01;2022-06-30;Capital Social Integralizado;5.05.03.01;Ajustes de Instrumentos Financeiros;0.0;S
09.305.994/0001-29;2023-06-30;1;AZUL S.A.;24112;DF Consolidado - Demonstração das Mutações do Patrimônio Líquido;REAL;MIL;ÚLTIMO;2023-01-01;2023-06-30;Capital Social Integralizado;5.05.03.01;Ajustes de Instrumentos Financeiros;0.0;S
09.305.994/0001-29;2023-06-30;1;AZUL S.A.;24112;DF Consolidado - Demonstração das Mutações do Patrimônio Líquido;REAL;MIL;PENÚLTIMO;2022-01-01;2022-06-30;Reservas de Capital, Opções Outorgadas e Ações em Tesouraria;5.05.03.01;Ajustes de Instrumentos Financeiros;0.0;S
09.305.994/0001-29;2023-06-30;1;AZUL S.A.;24112;DF Consolidado - Demonstração das Mutações do Patrimônio Líquido;REAL;MIL;ÚLTIMO;2023-01-01;2023-06-30;Reservas de Capital, Opções Outorgadas e Ações em Tesouraria;5.05.03.01;Ajustes de Instrumentos Financeiros;0.0;S
09.305.994/0001-29;2023-06-30;1;AZUL S.A.;24112;DF Consolidado - Demonstração das Mutações do Patrimônio Líquido;REAL;MIL;PENÚLTIMO;2022-01-01;2022-06-30;Reservas de Lucro;5.05.03.01;Ajustes de Instrumentos Financeiros;0.0;S
09.305.994/0001-29;2023-06-30;1;AZUL S.A.;24112;DF Consolidado - Demonstração das Mutações do Patrimônio Líquido;REAL;MIL;ÚLTIMO;2023-01-01;2023-06-30;Reservas de Lucro;5.05.03.01;Ajustes de Instrumentos Financeiros;0.0;S
09.305.994/0001-29;2023-06-30;1;AZUL S.A.;24112;DF Consolidado - Demonstração das Mutações do Patrimônio Líquido;REAL;MIL;PENÚLTIMO;2022-01-01;2022-06-30;Lucros ou Prejuízos Acumulados;5.05.03.01;Ajustes de Instrumentos Financeiros;0.0;S
09.305.994/0001-29;2023-06-30;1;AZUL S.A.;24112;DF Consolidado - Demonstração das Mutações do Patrimônio Líquido;REAL;MIL;ÚLTIMO;2023-01-01;2023-06-30;Lucros ou Prejuízos Acumulados;5.05.03.01;Ajustes de Instrumentos Financeiros;0.0;S
09.305.994/0001-29;2023-06-30;1;AZUL S.A.;24112;DF Consolidado - Demonstração das Mutações do Patrimônio Líquido;REAL;MIL;PENÚLTIMO;2022-01-01;2022-06-30;Outros Resultados Abrangentes;5.05.03.01;Ajustes de Instrumentos Financeiros;0.0;S
09.305.994/0001-29;2023-06-30;1;AZUL S.A.;24112;DF Consolidado - Demonstração das Mutações do Patrimônio Líquido;REAL;MIL;ÚLTIMO;2023-01-01;2023-06-30;Outros Resultados Abrangentes;5.05.03.01;Ajustes de Instrumentos Financeiros;0.0;S
09.305.994/0001-29;2023-06-30;1;AZUL S.A.;24112;DF Consolidado - Demonstração das Mutações do Patrimônio Líquido;REAL;MIL;PENÚLTIMO;2022-01-01;2022-06-30;Patrimônio Líquido;5.05.03.01;Ajustes de Instrumentos Financeiros;0.0;S
09.305.994/0001-29;2023-06-30;1;AZUL S.A.;24112;DF Consolidado - Demonstração das Mutações do Patrimônio Líquido;REAL;MIL;ÚLTIMO;2023-01-01;2023-06-30;Patrimônio Líquido;5.05.03.01;Ajustes de Instrumentos Financeiros;0.0;S
09.305.994/0001-29;2023-06-30;1;AZUL S.A.;24112;DF Consolidado - Demonstração das Mutações do Patrimônio Líquido;REAL;MIL;PENÚLTIMO;2022-01-01;2022-06-30;Participação dos Não Controladores;5.05.03.01;Ajustes de Instrumentos Financeiros;0.0;S
09.305.994/0001-29;2023-06-30;1;AZUL S.A.;24112;DF Consolidado - Demonstração das Mutações do Patrimônio Líquido;REAL;MIL;ÚLTIMO;2023-01-01;2023-06-30;Participação dos Não Controladores;5.05.03.01;Ajustes de Instrumentos Financeiros;0.0;S
09.305.994/0001-29;2023-06-30;1;AZUL S.A.;24112;DF Consolidado - Demonstração das Mutações do Patrimônio Líquido;REAL;MIL;PENÚLTIMO;2022-01-01;2022-06-30;Patrimônio Líquido Consolidado;5.05.03.01;Ajustes de Instrumentos Financeiros;0.0;S
09.305.994/0001-29;2023-06-30;1;AZUL S.A.;24112;DF Consolidado - Demonstração das Mutações do Patrimônio Líquido;REAL;MIL;ÚLTIMO;2023-01-01;2023-06-30;Patrimônio Líquido Consolidado;5.05.03.01;Ajustes de Instrumentos Financeiros;0.0;S
09.305.994/0001-29;2023-06-30;1;AZUL S.A.;24112;DF Consolidado - Demonstração das Mutações do Patrimônio Líquido;REAL;MIL;PENÚLTIMO;2022-01-01;2022-06-30;Capital Social Integralizado;5.06;Mutações Internas do Patrimônio Líquido;0.0;S
09.305.994/0001-29;2023-06-30;1;AZUL S.A.;24112;DF Consolidado - Demonstração das Mutações do Patrimônio Líquido;REAL;MIL;ÚLTIMO;2023-01-01;2023-06-30;Capital Social Integralizado;5.06;Mutações Internas do Patrimônio Líquido;0.0;S
09.305.994/0001-29;2023-06-30;1;AZUL S.A.;24112;DF Consolidado - Demonstração das Mutações do Patrimônio Líquido;REAL;MIL;PENÚLTIMO;2022-01-01;2022-06-30;Reservas de Capital, Opções Outorgadas e Ações em Tesouraria;5.06;Mutações Internas do Patrimônio Líquido;0.0;S
09.305.994/0001-29;2023-06-30;1;AZUL S.A.;24112;DF Consolidado - Demonstração das Mutações do Patrimônio Líquido;REAL;MIL;ÚLTIMO;2023-01-01;2023-06-30;Reservas de Capital, Opções Outorgadas e Ações em Tesouraria;5.06;Mutações Internas do Patrimônio Líquido;0.0;S
09.305.994/0001-29;2023-06-30;1;AZUL S.A.;24112;DF Consolidado - Demonstração das Mutações do Patrimônio Líquido;REAL;MIL;PENÚLTIMO;2022-01-01;2022-06-30;Reservas de Lucro;5.06;Mutações Internas do Patrimônio Líquido;0.0;S
09.305.994/0001-29;2023-06-30;1;AZUL S.A.;24112;DF Consolidado - Demonstração das Mutações do Patrimônio Líquido;REAL;MIL;ÚLTIMO;2023-01-01;2023-06-30;Reservas de Lucro;5.06;Mutações Internas do Patrimônio Líquido;0.0;S
09.305.994/0001-29;2023-06-30;1;AZUL S.A.;24112;DF Consolidado - Demonstração das Mutações do Patrimônio Líquido;REAL;MIL;PENÚLTIMO;2022-01-01;2022-06-30;Lucros ou Prejuízos Acumulados;5.06;Mutações Internas do Patrimônio Líquido;0.0;S
09.305.994/0001-29;2023-06-30;1;AZUL S.A.;24112;DF Consolidado - Demonstração das Mutações do Patrimônio Líquido;REAL;MIL;ÚLTIMO;2023-01-01;2023-06-30;Lucros ou Prejuízos Acumulados;5.06;Mutações Internas do Patrimônio Líquido;0.0;S
09.305.994/0001-29;2023-06-30;1;AZUL S.A.;24112;DF Consolidado - Demonstração das Mutações do Patrimônio Líquido;REAL;MIL;PENÚLTIMO;2022-01-01;2022-06-30;Outros Resultados Abrangentes;5.06;Mutações Internas do Patrimônio Líquido;0.0;S
09.305.994/0001-29;2023-06-30;1;AZUL S.A.;24112;DF Consolidado - Demonstração das Mutações do Patrimônio Líquido;REAL;MIL;ÚLTIMO;2023-01-01;2023-06-30;Outros Resultados Abrangentes;5.06;Mutações Internas do Patrimônio Líquido;0.0;S
09.305.994/0001-29;2023-06-30;1;AZUL S.A.;24112;DF Consolidado - Demonstração das Mutações do Patrimônio Líquido;REAL;MIL;PENÚLTIMO;2022-01-01;2022-06-30;Patrimônio Líquido;5.06;Mutações Internas do Patrimônio Líquido;0.0;S
09.305.994/0001-29;2023-06-30;1;AZUL S.A.;24112;DF Consolidado - Demonstração das Mutações do Patrimônio Líquido;REAL;MIL;ÚLTIMO;2023-01-01;2023-06-30;Patrimônio Líquido;5.06;Mutações Internas do Patrimônio Líquido;0.0;S
09.305.994/0001-29;2023-06-30;1;AZUL S.A.;24112;DF Consolidado - Demonstração das Mutações do Patrimônio Líquido;REAL;MIL;PENÚLTIMO;2022-01-01;2022-06-30;Participação dos Não Controladores;5.06;Mutações Internas do Patrimônio Líquido;0.0;S
09.305.994/0001-29;2023-06-30;1;AZUL S.A.;24112;DF Consolidado - Demonstração das Mutações do Patrimônio Líquido;REAL;MIL;ÚLTIMO;2023-01-01;2023-06-30;Participação dos Não Controladores;5.06;Mutações Internas do Patrimônio Líquido;0.0;S
09.305.994/0001-29;2023-06-30;1;AZUL S.A.;24112;DF Consolidado - Demonstração das Mutações do Patrimônio Líquido;REAL;MIL;PENÚLTIMO;2022-01-01;2022-06-30;Patrimônio Líquido Consolidado;5.06;Mutações Internas do Patrimônio Líquido;0.0;S
09.305.994/0001-29;2023-06-30;1;AZUL S.A.;24112;DF Consolidado - Demonstração das Mutações do Patrimônio Líquido;REAL;MIL;ÚLTIMO;2023-01-01;2023-06-30;Patrimônio Líquido Consolidado;5.06;Mutações Internas do Patrimônio Líquido;0.0;S
09.305.994/0001-29;2023-06-30;1;AZUL S.A.;24112;DF Consolidado - Demonstração das Mutações do Patrimônio Líquido;REAL;MIL;PENÚLTIMO;2022-01-01;2022-06-30;Capital Social Integralizado;5.06.01;Constituição de Reservas;0.0;S
09.305.994/0001-29;2023-06-30;1;AZUL S.A.;24112;DF Consolidado - Demonstração das Mutações do Patrimônio Líquido;REAL;MIL;ÚLTIMO;2023-01-01;2023-06-30;Capital Social Integralizado;5.06.01;Constituição de Reservas;0.0;S
09.305.994/0001-29;2023-06-30;1;AZUL S.A.;24112;DF Consolidado - Demonstração das Mutações do Patrimônio Líquido;REAL;MIL;PENÚLTIMO;2022-01-01;2022-06-30;Reservas de Capital, Opções Outorgadas e Ações em Tesouraria;5.06.01;Constituição de Reservas;0.0;S
09.305.994/0001-29;2023-06-30;1;AZUL S.A.;24112;DF Consolidado - Demonstração das Mutações do Patrimônio Líquido;REAL;MIL;ÚLTIMO;2023-01-01;2023-06-30;Reservas de Capital, Opções Outorgadas e Ações em Tesouraria;5.06.01;Constituição de Reservas;0.0;S
09.305.994/0001-29;2023-06-30;1;AZUL S.A.;24112;DF Consolidado - Demonstração das Mutações do Patrimônio Líquido;REAL;MIL;PENÚLTIMO;2022-01-01;2022-06-30;Reservas de Lucro;5.06.01;Constituição de Reservas;0.0;S
09.305.994/0001-29;2023-06-30;1;AZUL S.A.;24112;DF Consolidado - Demonstração das Mutações do Patrimônio Líquido;REAL;MIL;ÚLTIMO;2023-01-01;2023-06-30;Reservas de Lucro;5.06.01;Constituição de Reservas;0.0;S
09.305.994/0001-29;2023-06-30;1;AZUL S.A.;24112;DF Consolidado - Demonstração das Mutações do Patrimônio Líquido;REAL;MIL;PENÚLTIMO;2022-01-01;2022-06-30;Lucros ou Prejuízos Acumulados;5.06.01;Constituição de Reservas;0.0;S
09.305.994/0001-29;2023-06-30;1;AZUL S.A.;24112;DF Consolidado - Demonstração das Mutações do Patrimônio Líquido;REAL;MIL;ÚLTIMO;2023-01-01;2023-06-30;Lucros ou Prejuízos Acumulados;5.06.01;Constituição de Reservas;0.0;S
09.305.994/0001-29;2023-06-30;1;AZUL S.A.;24112;DF Consolidado - Demonstração das Mutações do Patrimônio Líquido;REAL;MIL;PENÚLTIMO;2022-01-01;2022-06-30;Outros Resultados Abrangentes;5.06.01;Constituição de Reservas;0.0;S
09.305.994/0001-29;2023-06-30;1;AZUL S.A.;24112;DF Consolidado - Demonstração das Mutações do Patrimônio Líquido;REAL;MIL;ÚLTIMO;2023-01-01;2023-06-30;Outros Resultados Abrangentes;5.06.01;Constituição de Reservas;0.0;S
09.305.994/0001-29;2023-06-30;1;AZUL S.A.;24112;DF Consolidado - Demonstração das Mutações do Patrimônio Líquido;REAL;MIL;PENÚLTIMO;2022-01-01;2022-06-30;Patrimônio Líquido;5.06.01;Constituição de Reservas;0.0;S
09.305.994/0001-29;2023-06-30;1;AZUL S.A.;24112;DF Consolidado - Demonstração das Mutações do Patrimônio Líquido;REAL;MIL;ÚLTIMO;2023-01-01;2023-06-30;Patrimônio Líquido;5.06.01;Constituição de Reservas;0.0;S
09.305.994/0001-29;2023-06-30;1;AZUL S.A.;24112;DF Consolidado - Demonstração das Mutações do Patrimônio Líquido;REAL;MIL;PENÚLTIMO;2022-01-01;2022-06-30;Participação dos Não Controladores;5.06.01;Constituição de Reservas;0.0;S
09.305.994/0001-29;2023-06-30;1;AZUL S.A.;24112;DF Consolidado - Demonstração das Mutações do Patrimônio Líquido;REAL;MIL;ÚLTIMO;2023-01-01;2023-06-30;Participação dos Não Controladores;5.06.01;Constituição de Reservas;0.0;S
09.305.994/0001-29;2023-06-30;1;AZUL S.A.;24112;DF Consolidado - Demonstração das Mutações do Patrimônio Líquido;REAL;MIL;PENÚLTIMO;2022-01-01;2022-06-30;Patrimônio Líquido Consolidado;5.06.01;Constituição de Reservas;0.0;S
09.305.994/0001-29;2023-06-30;1;AZUL S.A.;24112;DF Consolidado - Demonstração das Mutações do Patrimônio Líquido;REAL;MIL;ÚLTIMO;2023-01-01;2023-06-30;Patrimônio Líquido Consolidado;5.06.01;Constituição de Reservas;0.0;S
09.305.994/0001-29;2023-06-30;1;AZUL S.A.;24112;DF Consolidado - Demonstração das Mutações do Patrimônio Líquido;REAL;MIL;PENÚLTIMO;2022-01-01;2022-06-30;Capital Social Integralizado;5.06.02;Realização da Reserva Reavaliação;0.0;S
09.305.994/0001-29;2023-06-30;1;AZUL S.A.;24112;DF Consolidado - Demonstração das Mutações do Patrimônio Líquido;REAL;MIL;ÚLTIMO;2023-01-01;2023-06-30;Capital Social Integralizado;5.06.02;Realização da Reserva Reavaliação;0.0;S
09.305.994/0001-29;2023-06-30;1;AZUL S.A.;24112;DF Consolidado - Demonstração das Mutações do Patrimônio Líquido;REAL;MIL;PENÚLTIMO;2022-01-01;2022-06-30;Reservas de Capital, Opções Outorgadas e Ações em Tesouraria;5.06.02;Realização da Reserva Reavaliação;0.0;S
09.305.994/0001-29;2023-06-30;1;AZUL S.A.;24112;DF Consolidado - Demonstração das Mutações do Patrimônio Líquido;REAL;MIL;ÚLTIMO;2023-01-01;2023-06-30;Reservas de Capital, Opções Outorgadas e Ações em Tesouraria;5.06.02;Realização da Reserva Reavaliação;0.0;S
09.305.994/0001-29;2023-06-30;1;AZUL S.A.;24112;DF Consolidado - Demonstração das Mutações do Patrimônio Líquido;REAL;MIL;PENÚLTIMO;2022-01-01;2022-06-30;Reservas de Lucro;5.06.02;Realização da Reserva Reavaliação;0.0;S
09.305.994/0001-29;2023-06-30;1;AZUL S.A.;24112;DF Consolidado - Demonstração das Mutações do Patrimônio Líquido;REAL;MIL;ÚLTIMO;2023-01-01;2023-06-30;Reservas de Lucro;5.06.02;Realização da Reserva Reavaliação;0.0;S
09.305.994/0001-29;2023-06-30;1;AZUL S.A.;24112;DF Consolidado - Demonstração das Mutações do Patrimônio Líquido;REAL;MIL;PENÚLTIMO;2022-01-01;2022-06-30;Lucros ou Prejuízos Acumulados;5.06.02;Realização da Reserva Reavaliação;0.0;S
09.305.994/0001-29;2023-06-30;1;AZUL S.A.;24112;DF Consolidado - Demonstração das Mutações do Patrimônio Líquido;REAL;MIL;ÚLTIMO;2023-01-01;2023-06-30;Lucros ou Prejuízos Acumulados;5.06.02;Realização da Reserva Reavaliação;0.0;S
09.305.994/0001-29;2023-06-30;1;AZUL S.A.;24112;DF Consolidado - Demonstração das Mutações do Patrimônio Líquido;REAL;MIL;PENÚLTIMO;2022-01-01;2022-06-30;Outros Resultados Abrangentes;5.06.02;Realização da Reserva Reavaliação;0.0;S
09.305.994/0001-29;2023-06-30;1;AZUL S.A.;24112;DF Consolidado - Demonstração das Mutações do Patrimônio Líquido;REAL;MIL;ÚLTIMO;2023-01-01;2023-06-30;Outros Resultados Abrangentes;5.06.02;Realização da Reserva Reavaliação;0.0;S
09.305.994/0001-29;2023-06-30;1;AZUL S.A.;24112;DF Consolidado - Demonstração das Mutações do Patrimônio Líquido;REAL;MIL;PENÚLTIMO;2022-01-01;2022-06-30;Patrimônio Líquido;5.06.02;Realização da Reserva Reavaliação;0.0;S
09.305.994/0001-29;2023-06-30;1;AZUL S.A.;24112;DF Consolidado - Demonstração das Mutações do Patrimônio Líquido;REAL;MIL;ÚLTIMO;2023-01-01;2023-06-30;Patrimônio Líquido;5.06.02;Realização da Reserva Reavaliação;0.0;S
09.305.994/0001-29;2023-06-30;1;AZUL S.A.;24112;DF Consolidado - Demonstração das Mutações do Patrimônio Líquido;REAL;MIL;PENÚLTIMO;2022-01-01;2022-06-30;Participação dos Não Controladores;5.06.02;Realização da Reserva Reavaliação;0.0;S
09.305.994/0001-29;2023-06-30;1;AZUL S.A.;24112;DF Consolidado - Demonstração das Mutações do Patrimônio Líquido;REAL;MIL;ÚLTIMO;2023-01-01;2023-06-30;Participação dos Não Controladores;5.06.02;Realização da Reserva Reavaliação;0.0;S
09.305.994/0001-29;2023-06-30;1;AZUL S.A.;24112;DF Consolidado - Demonstração das Mutações do Patrimônio Líquido;REAL;MIL;PENÚLTIMO;2022-01-01;2022-06-30;Patrimônio Líquido Consolidado;5.06.02;Realização da Reserva Reavaliação;0.0;S
09.305.994/0001-29;2023-06-30;1;AZUL S.A.;24112;DF Consolidado - Demonstração das Mutações do Patrimônio Líquido;REAL;MIL;ÚLTIMO;2023-01-01;2023-06-30;Patrimônio Líquido Consolidado;5.06.02;Realização da Reserva Reavaliação;0.0;S
09.305.994/0001-29;2023-06-30;1;AZUL S.A.;24112;DF Consolidado - Demonstração das Mutações do Patrimônio Líquido;REAL;MIL;PENÚLTIMO;2022-01-01;2022-06-30;Capital Social Integralizado;5.06.03;Tributos sobre a Realização da Reserva de Reavaliação;0.0;S
09.305.994/0001-29;2023-06-30;1;AZUL S.A.;24112;DF Consolidado - Demonstração das Mutações do Patrimônio Líquido;REAL;MIL;ÚLTIMO;2023-01-01;2023-06-30;Capital Social Integralizado;5.06.03;Tributos sobre a Realização da Reserva de Reavaliação;0.0;S
09.305.994/0001-29;2023-06-30;1;AZUL S.A.;24112;DF Consolidado - Demonstração das Mutações do Patrimônio Líquido;REAL;MIL;PENÚLTIMO;2022-01-01;2022-06-30;Reservas de Capital, Opções Outorgadas e Ações em Tesouraria;5.06.03;Tributos sobre a Realização da Reserva de Reavaliação;0.0;S
09.305.994/0001-29;2023-06-30;1;AZUL S.A.;24112;DF Consolidado - Demonstração das Mutações do Patrimônio Líquido;REAL;MIL;ÚLTIMO;2023-01-01;2023-06-30;Reservas de Capital, Opções Outorgadas e Ações em Tesouraria;5.06.03;Tributos sobre a Realização da Reserva de Reavaliação;0.0;S
09.305.994/0001-29;2023-06-30;1;AZUL S.A.;24112;DF Consolidado - Demonstração das Mutações do Patrimônio Líquido;REAL;MIL;PENÚLTIMO;2022-01-01;2022-06-30;Reservas de Lucro;5.06.03;Tributos sobre a Realização da Reserva de Reavaliação;0.0;S
09.305.994/0001-29;2023-06-30;1;AZUL S.A.;24112;DF Consolidado - Demonstração das Mutações do Patrimônio Líquido;REAL;MIL;ÚLTIMO;2023-01-01;2023-06-30;Reservas de Lucro;5.06.03;Tributos sobre a Realização da Reserva de Reavaliação;0.0;S
09.305.994/0001-29;2023-06-30;1;AZUL S.A.;24112;DF Consolidado - Demonstração das Mutações do Patrimônio Líquido;REAL;MIL;PENÚLTIMO;2022-01-01;2022-06-30;Lucros ou Prejuízos Acumulados;5.06.03;Tributos sobre a Realização da Reserva de Reavaliação;0.0;S
09.305.994/0001-29;2023-06-30;1;AZUL S.A.;24112;DF Consolidado - Demonstração das Mutações do Patrimônio Líquido;REAL;MIL;ÚLTIMO;2023-01-01;2023-06-30;Lucros ou Prejuízos Acumulados;5.06.03;Tributos sobre a Realização da Reserva de Reavaliação;0.0;S
09.305.994/0001-29;2023-06-30;1;AZUL S.A.;24112;DF Consolidado - Demonstração das Mutações do Patrimônio Líquido;REAL;MIL;PENÚLTIMO;2022-01-01;2022-06-30;Outros Resultados Abrangentes;5.06.03;Tributos sobre a Realização da Reserva de Reavaliação;0.0;S
09.305.994/0001-29;2023-06-30;1;AZUL S.A.;24112;DF Consolidado - Demonstração das Mutações do Patrimônio Líquido;REAL;MIL;ÚLTIMO;2023-01-01;2023-06-30;Outros Resultados Abrangentes;5.06.03;Tributos sobre a Realização da Reserva de Reavaliação;0.0;S
09.305.994/0001-29;2023-06-30;1;AZUL S.A.;24112;DF Consolidado - Demonstração das Mutações do Patrimônio Líquido;REAL;MIL;PENÚLTIMO;2022-01-01;2022-06-30;Patrimônio Líquido;5.06.03;Tributos sobre a Realização da Reserva de Reavaliação;0.0;S
09.305.994/0001-29;2023-06-30;1;AZUL S.A.;24112;DF Consolidado - Demonstração das Mutações do Patrimônio Líquido;REAL;MIL;ÚLTIMO;2023-01-01;2023-06-30;Patrimônio Líquido;5.06.03;Tributos sobre a Realização da Reserva de Reavaliação;0.0;S
09.305.994/0001-29;2023-06-30;1;AZUL S.A.;24112;DF Consolidado - Demonstração das Mutações do Patrimônio Líquido;REAL;MIL;PENÚLTIMO;2022-01-01;2022-06-30;Participação dos Não Controladores;5.06.03;Tributos sobre a Realização da Reserva de Reavaliação;0.0;S
09.305.994/0001-29;2023-06-30;1;AZUL S.A.;24112;DF Consolidado - Demonstração das Mutações do Patrimônio Líquido;REAL;MIL;ÚLTIMO;2023-01-01;2023-06-30;Participação dos Não Controladores;5.06.03;Tributos sobre a Realização da Reserva de Reavaliação;0.0;S
09.305.994/0001-29;2023-06-30;1;AZUL S.A.;24112;DF Consolidado - Demonstração das Mutações do Patrimônio Líquido;REAL;MIL;PENÚLTIMO;2022-01-01;2022-06-30;Patrimônio Líquido Consolidado;5.06.03;Tributos sobre a Realização da Reserva de Reavaliação;0.0;S
09.305.994/0001-29;2023-06-30;1;AZUL S.A.;24112;DF Consolidado - Demonstração das Mutações do Patrimônio Líquido;REAL;MIL;ÚLTIMO;2023-01-01;2023-06-30;Patrimônio Líquido Consolidado;5.06.03;Tributos sobre a Realização da Reserva de Reavaliação;0.0;S
09.305.994/0001-29;2023-06-30;1;AZUL S.A.;24112;DF Consolidado - Demonstração das Mutações do Patrimônio Líquido;REAL;MIL;PENÚLTIMO;2022-01-01;2022-06-30;Capital Social Integralizado;5.07;Saldos Finais;2313923.0;S
09.305.994/0001-29;2023-06-30;1;AZUL S.A.;24112;DF Consolidado - Demonstração das Mutações do Patrimônio Líquido;REAL;MIL;ÚLTIMO;2023-01-01;2023-06-30;Capital Social Integralizado;5.07;Saldos Finais;2314821.0;S
09.305.994/0001-29;2023-06-30;1;AZUL S.A.;24112;DF Consolidado - Demonstração das Mutações do Patrimônio Líquido;REAL;MIL;PENÚLTIMO;2022-01-01;2022-06-30;Reservas de Capital, Opções Outorgadas e Ações em Tesouraria;5.07;Saldos Finais;1941212.0;S
09.305.994/0001-29;2023-06-30;1;AZUL S.A.;24112;DF Consolidado - Demonstração das Mutações do Patrimônio Líquido;REAL;MIL;ÚLTIMO;2023-01-01;2023-06-30;Reservas de Capital, Opções Outorgadas e Ações em Tesouraria;5.07;Saldos Finais;1997307.0;S
09.305.994/0001-29;2023-06-30;1;AZUL S.A.;24112;DF Consolidado - Demonstração das Mutações do Patrimônio Líquido;REAL;MIL;PENÚLTIMO;2022-01-01;2022-06-30;Reservas de Lucro;5.07;Saldos Finais;0.0;S
09.305.994/0001-29;2023-06-30;1;AZUL S.A.;24112;DF Consolidado - Demonstração das Mutações do Patrimônio Líquido;REAL;MIL;ÚLTIMO;2023-01-01;2023-06-30;Reservas de Lucro;5.07;Saldos Finais;0.0;S
09.305.994/0001-29;2023-06-30;1;AZUL S.A.;24112;DF Consolidado - Demonstração das Mutações do Patrimônio Líquido;REAL;MIL;PENÚLTIMO;2022-01-01;2022-06-30;Lucros ou Prejuízos Acumulados;5.07;Saldos Finais;-22377734.0;S
09.305.994/0001-29;2023-06-30;1;AZUL S.A.;24112;DF Consolidado - Demonstração das Mutações do Patrimônio Líquido;REAL;MIL;ÚLTIMO;2023-01-01;2023-06-30;Lucros ou Prejuízos Acumulados;5.07;Saldos Finais;-23999409.0;S
09.305.994/0001-29;2023-06-30;1;AZUL S.A.;24112;DF Consolidado - Demonstração das Mutações do Patrimônio Líquido;REAL;MIL;PENÚLTIMO;2022-01-01;2022-06-30;Outros Resultados Abrangentes;5.07;Saldos Finais;5799.0;S
09.305.994/0001-29;2023-06-30;1;AZUL S.A.;24112;DF Consolidado - Demonstração das Mutações do Patrimônio Líquido;REAL;MIL;ÚLTIMO;2023-01-01;2023-06-30;Outros Resultados Abrangentes;5.07;Saldos Finais;5281.0;S
09.305.994/0001-29;2023-06-30;1;AZUL S.A.;24112;DF Consolidado - Demonstração das Mutações do Patrimônio Líquido;REAL;MIL;PENÚLTIMO;2022-01-01;2022-06-30;Patrimônio Líquido;5.07;Saldos Finais;-18116800.0;S
09.305.994/0001-29;2023-06-30;1;AZUL S.A.;24112;DF Consolidado - Demonstração das Mutações do Patrimônio Líquido;REAL;MIL;ÚLTIMO;2023-01-01;2023-06-30;Patrimônio Líquido;5.07;Saldos Finais;-19682000.0;S
09.305.994/0001-29;2023-06-30;1;AZUL S.A.;24112;DF Consolidado - Demonstração das Mutações do Patrimônio Líquido;REAL;MIL;PENÚLTIMO;2022-01-01;2022-06-30;Participação dos Não Controladores;5.07;Saldos Finais;0.0;S
09.305.994/0001-29;2023-06-30;1;AZUL S.A.;24112;DF Consolidado - Demonstração das Mutações do Patrimônio Líquido;REAL;MIL;ÚLTIMO;2023-01-01;2023-06-30;Participação dos Não Controladores;5.07;Saldos Finais;0.0;S
09.305.994/0001-29;2023-06-30;1;AZUL S.A.;24112;DF Consolidado - Demonstração das Mutações do Patrimônio Líquido;REAL;MIL;PENÚLTIMO;2022-01-01;2022-06-30;Patrimônio Líquido Consolidado;5.07;Saldos Finais;-18116800.0;S
09.305.994/0001-29;2023-06-30;1;AZUL S.A.;24112;DF Consolidado - Demonstração das Mutações do Patrimônio Líquido;REAL;MIL;ÚLTIMO;2023-01-01;2023-06-30;Patrimônio Líquido Consolidado;5.07;Saldos Finais;-19682000.0;S
09.305.994/0001-29;2023-09-30;2;AZUL S.A.;24112;DF Consolidado - Demonstração das Mutações do Patrimônio Líquido;REAL;MIL;PENÚLTIMO;2022-01-01;2022-09-30;Capital Social Integralizado;5.01;Saldos Iniciais;2290996.0;S
09.305.994/0001-29;2023-09-30;2;AZUL S.A.;24112;DF Consolidado - Demonstração das Mutações do Patrimônio Líquido;REAL;MIL;ÚLTIMO;2023-01-01;2023-09-30;Capital Social Integralizado;5.01;Saldos Iniciais;2314002.0;S
09.305.994/0001-29;2023-09-30;2;AZUL S.A.;24112;DF Consolidado - Demonstração das Mutações do Patrimônio Líquido;REAL;MIL;PENÚLTIMO;2022-01-01;2022-09-30;Reservas de Capital, Opções Outorgadas e Ações em Tesouraria;5.01;Saldos Iniciais;1934512.0;S
09.305.994/0001-29;2023-09-30;2;AZUL S.A.;24112;DF Consolidado - Demonstração das Mutações do Patrimônio Líquido;REAL;MIL;ÚLTIMO;2023-01-01;2023-09-30;Reservas de Capital, Opções Outorgadas e Ações em Tesouraria;5.01;Saldos Iniciais;1959894.0;S
09.305.994/0001-29;2023-09-30;2;AZUL S.A.;24112;DF Consolidado - Demonstração das Mutações do Patrimônio Líquido;REAL;MIL;PENÚLTIMO;2022-01-01;2022-09-30;Reservas de Lucro;5.01;Saldos Iniciais;0.0;S
09.305.994/0001-29;2023-09-30;2;AZUL S.A.;24112;DF Consolidado - Demonstração das Mutações do Patrimônio Líquido;REAL;MIL;ÚLTIMO;2023-01-01;2023-09-30;Reservas de Lucro;5.01;Saldos Iniciais;0.0;S
09.305.994/0001-29;2023-09-30;2;AZUL S.A.;24112;DF Consolidado - Demonstração das Mutações do Patrimônio Líquido;REAL;MIL;PENÚLTIMO;2022-01-01;2022-09-30;Lucros ou Prejuízos Acumulados;5.01;Saldos Iniciais;-22564310.0;S
09.305.994/0001-29;2023-09-30;2;AZUL S.A.;24112;DF Consolidado - Demonstração das Mutações do Patrimônio Líquido;REAL;MIL;ÚLTIMO;2023-01-01;2023-09-30;Lucros ou Prejuízos Acumulados;5.01;Saldos Iniciais;-23286677.0;S
09.305.994/0001-29;2023-09-30;2;AZUL S.A.;24112;DF Consolidado - Demonstração das Mutações do Patrimônio Líquido;REAL;MIL;PENÚLTIMO;2022-01-01;2022-09-30;Outros Resultados Abrangentes;5.01;Saldos Iniciais;5799.0;S
09.305.994/0001-29;2023-09-30;2;AZUL S.A.;24112;DF Consolidado - Demonstração das Mutações do Patrimônio Líquido;REAL;MIL;ÚLTIMO;2023-01-01;2023-09-30;Outros Resultados Abrangentes;5.01;Saldos Iniciais;5281.0;S
09.305.994/0001-29;2023-09-30;2;AZUL S.A.;24112;DF Consolidado - Demonstração das Mutações do Patrimônio Líquido;REAL;MIL;PENÚLTIMO;2022-01-01;2022-09-30;Patrimônio Líquido;5.01;Saldos Iniciais;-18333003.0;S
09.305.994/0001-29;2023-09-30;2;AZUL S.A.;24112;DF Consolidado - Demonstração das Mutações do Patrimônio Líquido;REAL;MIL;ÚLTIMO;2023-01-01;2023-09-30;Patrimônio Líquido;5.01;Saldos Iniciais;-19007500.0;S
09.305.994/0001-29;2023-09-30;2;AZUL S.A.;24112;DF Consolidado - Demonstração das Mutações do Patrimônio Líquido;REAL;MIL;PENÚLTIMO;2022-01-01;2022-09-30;Participação dos Não Controladores;5.01;Saldos Iniciais;0.0;S
09.305.994/0001-29;2023-09-30;2;AZUL S.A.;24112;DF Consolidado - Demonstração das Mutações do Patrimônio Líquido;REAL;MIL;ÚLTIMO;2023-01-01;2023-09-30;Participação dos Não Controladores;5.01;Saldos Iniciais;0.0;S
09.305.994/0001-29;2023-09-30;2;AZUL S.A.;24112;DF Consolidado - Demonstração das Mutações do Patrimônio Líquido;REAL;MIL;PENÚLTIMO;2022-01-01;2022-09-30;Patrimônio Líquido Consolidado;5.01;Saldos Iniciais;-18333003.0;S
09.305.994/0001-29;2023-09-30;2;AZUL S.A.;24112;DF Consolidado - Demonstração das Mutações do Patrimônio Líquido;REAL;MIL;ÚLTIMO;2023-01-01;2023-09-30;Patrimônio Líquido Consolidado;5.01;Saldos Iniciais;-19007500.0;S
09.305.994/0001-29;2023-09-30;2;AZUL S.A.;24112;DF Consolidado - Demonstração das Mutações do Patrimônio Líquido;REAL;MIL;PENÚLTIMO;2022-01-01;2022-09-30;Capital Social Integralizado;5.02;Ajustes de Exercícios Anteriores;0.0;S
09.305.994/0001-29;2023-09-30;2;AZUL S.A.;24112;DF Consolidado - Demonstração das Mutações do Patrimônio Líquido;REAL;MIL;ÚLTIMO;2023-01-01;2023-09-30;Capital Social Integralizado;5.02;Ajustes de Exercícios Anteriores;0.0;S
09.305.994/0001-29;2023-09-30;2;AZUL S.A.;24112;DF Consolidado - Demonstração das Mutações do Patrimônio Líquido;REAL;MIL;PENÚLTIMO;2022-01-01;2022-09-30;Reservas de Capital, Opções Outorgadas e Ações em Tesouraria;5.02;Ajustes de Exercícios Anteriores;0.0;S
09.305.994/0001-29;2023-09-30;2;AZUL S.A.;24112;DF Consolidado - Demonstração das Mutações do Patrimônio Líquido;REAL;MIL;ÚLTIMO;2023-01-01;2023-09-30;Reservas de Capital, Opções Outorgadas e Ações em Tesouraria;5.02;Ajustes de Exercícios Anteriores;0.0;S
09.305.994/0001-29;2023-09-30;2;AZUL S.A.;24112;DF Consolidado - Demonstração das Mutações do Patrimônio Líquido;REAL;MIL;PENÚLTIMO;2022-01-01;2022-09-30;Reservas de Lucro;5.02;Ajustes de Exercícios Anteriores;0.0;S
09.305.994/0001-29;2023-09-30;2;AZUL S.A.;24112;DF Consolidado - Demonstração das Mutações do Patrimônio Líquido;REAL;MIL;ÚLTIMO;2023-01-01;2023-09-30;Reservas de Lucro;5.02;Ajustes de Exercícios Anteriores;0.0;S
09.305.994/0001-29;2023-09-30;2;AZUL S.A.;24112;DF Consolidado - Demonstração das Mutações do Patrimônio Líquido;REAL;MIL;PENÚLTIMO;2022-01-01;2022-09-30;Lucros ou Prejuízos Acumulados;5.02;Ajustes de Exercícios Anteriores;0.0;S
09.305.994/0001-29;2023-09-30;2;AZUL S.A.;24112;DF Consolidado - Demonstração das Mutações do Patrimônio Líquido;REAL;MIL;ÚLTIMO;2023-01-01;2023-09-30;Lucros ou Prejuízos Acumulados;5.02;Ajustes de Exercícios Anteriores;0.0;S
09.305.994/0001-29;2023-09-30;2;AZUL S.A.;24112;DF Consolidado - Demonstração das Mutações do Patrimônio Líquido;REAL;MIL;PENÚLTIMO;2022-01-01;2022-09-30;Outros Resultados Abrangentes;5.02;Ajustes de Exercícios Anteriores;0.0;S
09.305.994/0001-29;2023-09-30;2;AZUL S.A.;24112;DF Consolidado - Demonstração das Mutações do Patrimônio Líquido;REAL;MIL;ÚLTIMO;2023-01-01;2023-09-30;Outros Resultados Abrangentes;5.02;Ajustes de Exercícios Anteriores;0.0;S
09.305.994/0001-29;2023-09-30;2;AZUL S.A.;24112;DF Consolidado - Demonstração das Mutações do Patrimônio Líquido;REAL;MIL;PENÚLTIMO;2022-01-01;2022-09-30;Patrimônio Líquido;5.02;Ajustes de Exercícios Anteriores;0.0;S
09.305.994/0001-29;2023-09-30;2;AZUL S.A.;24112;DF Consolidado - Demonstração das Mutações do Patrimônio Líquido;REAL;MIL;ÚLTIMO;2023-01-01;2023-09-30;Patrimônio Líquido;5.02;Ajustes de Exercícios Anteriores;0.0;S
09.305.994/0001-29;2023-09-30;2;AZUL S.A.;24112;DF Consolidado - Demonstração das Mutações do Patrimônio Líquido;REAL;MIL;PENÚLTIMO;2022-01-01;2022-09-30;Participação dos Não Controladores;5.02;Ajustes de Exercícios Anteriores;0.0;S
09.305.994/0001-29;2023-09-30;2;AZUL S.A.;24112;DF Consolidado - Demonstração das Mutações do Patrimônio Líquido;REAL;MIL;ÚLTIMO;2023-01-01;2023-09-30;Participação dos Não Controladores;5.02;Ajustes de Exercícios Anteriores;0.0;S
09.305.994/0001-29;2023-09-30;2;AZUL S.A.;24112;DF Consolidado - Demonstração das Mutações do Patrimônio Líquido;REAL;MIL;PENÚLTIMO;2022-01-01;2022-09-30;Patrimônio Líquido Consolidado;5.02;Ajustes de Exercícios Anteriores;0.0;S
09.305.994/0001-29;2023-09-30;2;AZUL S.A.;24112;DF Consolidado - Demonstração das Mutações do Patrimônio Líquido;REAL;MIL;ÚLTIMO;2023-01-01;2023-09-30;Patrimônio Líquido Consolidado;5.02;Ajustes de Exercícios Anteriores;0.0;S
09.305.994/0001-29;2023-09-30;2;AZUL S.A.;24112;DF Consolidado - Demonstração das Mutações do Patrimônio Líquido;REAL;MIL;PENÚLTIMO;2022-01-01;2022-09-30;Capital Social Integralizado;5.03;Saldos Iniciais Ajustados;2290996.0;S
09.305.994/0001-29;2023-09-30;2;AZUL S.A.;24112;DF Consolidado - Demonstração das Mutações do Patrimônio Líquido;REAL;MIL;ÚLTIMO;2023-01-01;2023-09-30;Capital Social Integralizado;5.03;Saldos Iniciais Ajustados;2314002.0;S
09.305.994/0001-29;2023-09-30;2;AZUL S.A.;24112;DF Consolidado - Demonstração das Mutações do Patrimônio Líquido;REAL;MIL;PENÚLTIMO;2022-01-01;2022-09-30;Reservas de Capital, Opções Outorgadas e Ações em Tesouraria;5.03;Saldos Iniciais Ajustados;1934512.0;S
09.305.994/0001-29;2023-09-30;2;AZUL S.A.;24112;DF Consolidado - Demonstração das Mutações do Patrimônio Líquido;REAL;MIL;ÚLTIMO;2023-01-01;2023-09-30;Reservas de Capital, Opções Outorgadas e Ações em Tesouraria;5.03;Saldos Iniciais Ajustados;1959894.0;S
09.305.994/0001-29;2023-09-30;2;AZUL S.A.;24112;DF Consolidado - Demonstração das Mutações do Patrimônio Líquido;REAL;MIL;PENÚLTIMO;2022-01-01;2022-09-30;Reservas de Lucro;5.03;Saldos Iniciais Ajustados;0.0;S
09.305.994/0001-29;2023-09-30;2;AZUL S.A.;24112;DF Consolidado - Demonstração das Mutações do Patrimônio Líquido;REAL;MIL;ÚLTIMO;2023-01-01;2023-09-30;Reservas de Lucro;5.03;Saldos Iniciais Ajustados;0.0;S
09.305.994/0001-29;2023-09-30;2;AZUL S.A.;24112;DF Consolidado - Demonstração das Mutações do Patrimônio Líquido;REAL;MIL;PENÚLTIMO;2022-01-01;2022-09-30;Lucros ou Prejuízos Acumulados;5.03;Saldos Iniciais Ajustados;-22564310.0;S
09.305.994/0001-29;2023-09-30;2;AZUL S.A.;24112;DF Consolidado - Demonstração das Mutações do Patrimônio Líquido;REAL;MIL;ÚLTIMO;2023-01-01;2023-09-30;Lucros ou Prejuízos Acumulados;5.03;Saldos Iniciais Ajustados;-23286677.0;S
09.305.994/0001-29;2023-09-30;2;AZUL S.A.;24112;DF Consolidado - Demonstração das Mutações do Patrimônio Líquido;REAL;MIL;PENÚLTIMO;2022-01-01;2022-09-30;Outros Resultados Abrangentes;5.03;Saldos Iniciais Ajustados;5799.0;S
09.305.994/0001-29;2023-09-30;2;AZUL S.A.;24112;DF Consolidado - Demonstração das Mutações do Patrimônio Líquido;REAL;MIL;ÚLTIMO;2023-01-01;2023-09-30;Outros Resultados Abrangentes;5.03;Saldos Iniciais Ajustados;5281.0;S
09.305.994/0001-29;2023-09-30;2;AZUL S.A.;24112;DF Consolidado - Demonstração das Mutações do Patrimônio Líquido;REAL;MIL;PENÚLTIMO;2022-01-01;2022-09-30;Patrimônio Líquido;5.03;Saldos Iniciais Ajustados;-18333003.0;S
09.305.994/0001-29;2023-09-30;2;AZUL S.A.;24112;DF Consolidado - Demonstração das Mutações do Patrimônio Líquido;REAL;MIL;ÚLTIMO;2023-01-01;2023-09-30;Patrimônio Líquido;5.03;Saldos Iniciais Ajustados;-19007500.0;S
09.305.994/0001-29;2023-09-30;2;AZUL S.A.;24112;DF Consolidado - Demonstração das Mutações do Patrimônio Líquido;REAL;MIL;PENÚLTIMO;2022-01-01;2022-09-30;Participação dos Não Controladores;5.03;Saldos Iniciais Ajustados;0.0;S
09.305.994/0001-29;2023-09-30;2;AZUL S.A.;24112;DF Consolidado - Demonstração das Mutações do Patrimônio Líquido;REAL;MIL;ÚLTIMO;2023-01-01;2023-09-30;Participação dos Não Controladores;5.03;Saldos Iniciais Ajustados;0.0;S
09.305.994/0001-29;2023-09-30;2;AZUL S.A.;24112;DF Consolidado - Demonstração das Mutações do Patrimônio Líquido;REAL;MIL;PENÚLTIMO;2022-01-01;2022-09-30;Patrimônio Líquido Consolidado;5.03;Saldos Iniciais Ajustados;-18333003.0;S
09.305.994/0001-29;2023-09-30;2;AZUL S.A.;24112;DF Consolidado - Demonstração das Mutações do Patrimônio Líquido;REAL;MIL;ÚLTIMO;2023-01-01;2023-09-30;Patrimônio Líquido Consolidado;5.03;Saldos Iniciais Ajustados;-19007500.0;S
09.305.994/0001-29;2023-09-30;2;AZUL S.A.;24112;DF Consolidado - Demonstração das Mutações do Patrimônio Líquido;REAL;MIL;PENÚLTIMO;2022-01-01;2022-09-30;Capital Social Integralizado;5.04;Transações de Capital com os Sócios;22945.0;S
09.305.994/0001-29;2023-09-30;2;AZUL S.A.;24112;DF Consolidado - Demonstração das Mutações do Patrimônio Líquido;REAL;MIL;ÚLTIMO;2023-01-01;2023-09-30;Capital Social Integralizado;5.04;Transações de Capital com os Sócios;1608.0;S
09.305.994/0001-29;2023-09-30;2;AZUL S.A.;24112;DF Consolidado - Demonstração das Mutações do Patrimônio Líquido;REAL;MIL;PENÚLTIMO;2022-01-01;2022-09-30;Reservas de Capital, Opções Outorgadas e Ações em Tesouraria;5.04;Transações de Capital com os Sócios;7971.0;S
09.305.994/0001-29;2023-09-30;2;AZUL S.A.;24112;DF Consolidado - Demonstração das Mutações do Patrimônio Líquido;REAL;MIL;ÚLTIMO;2023-01-01;2023-09-30;Reservas de Capital, Opções Outorgadas e Ações em Tesouraria;5.04;Transações de Capital com os Sócios;47385.0;S
09.305.994/0001-29;2023-09-30;2;AZUL S.A.;24112;DF Consolidado - Demonstração das Mutações do Patrimônio Líquido;REAL;MIL;PENÚLTIMO;2022-01-01;2022-09-30;Reservas de Lucro;5.04;Transações de Capital com os Sócios;0.0;S
09.305.994/0001-29;2023-09-30;2;AZUL S.A.;24112;DF Consolidado - Demonstração das Mutações do Patrimônio Líquido;REAL;MIL;ÚLTIMO;2023-01-01;2023-09-30;Reservas de Lucro;5.04;Transações de Capital com os Sócios;0.0;S
09.305.994/0001-29;2023-09-30;2;AZUL S.A.;24112;DF Consolidado - Demonstração das Mutações do Patrimônio Líquido;REAL;MIL;PENÚLTIMO;2022-01-01;2022-09-30;Lucros ou Prejuízos Acumulados;5.04;Transações de Capital com os Sócios;0.0;S
09.305.994/0001-29;2023-09-30;2;AZUL S.A.;24112;DF Consolidado - Demonstração das Mutações do Patrimônio Líquido;REAL;MIL;ÚLTIMO;2023-01-01;2023-09-30;Lucros ou Prejuízos Acumulados;5.04;Transações de Capital com os Sócios;0.0;S
09.305.994/0001-29;2023-09-30;2;AZUL S.A.;24112;DF Consolidado - Demonstração das Mutações do Patrimônio Líquido;REAL;MIL;PENÚLTIMO;2022-01-01;2022-09-30;Outros Resultados Abrangentes;5.04;Transações de Capital com os Sócios;0.0;S
09.305.994/0001-29;2023-09-30;2;AZUL S.A.;24112;DF Consolidado - Demonstração das Mutações do Patrimônio Líquido;REAL;MIL;ÚLTIMO;2023-01-01;2023-09-30;Outros Resultados Abrangentes;5.04;Transações de Capital com os Sócios;0.0;S
09.305.994/0001-29;2023-09-30;2;AZUL S.A.;24112;DF Consolidado - Demonstração das Mutações do Patrimônio Líquido;REAL;MIL;PENÚLTIMO;2022-01-01;2022-09-30;Patrimônio Líquido;5.04;Transações de Capital com os Sócios;30916.0;S
09.305.994/0001-29;2023-09-30;2;AZUL S.A.;24112;DF Consolidado - Demonstração das Mutações do Patrimônio Líquido;REAL;MIL;ÚLTIMO;2023-01-01;2023-09-30;Patrimônio Líquido;5.04;Transações de Capital com os Sócios;48993.0;S
09.305.994/0001-29;2023-09-30;2;AZUL S.A.;24112;DF Consolidado - Demonstração das Mutações do Patrimônio Líquido;REAL;MIL;PENÚLTIMO;2022-01-01;2022-09-30;Participação dos Não Controladores;5.04;Transações de Capital com os Sócios;0.0;S
09.305.994/0001-29;2023-09-30;2;AZUL S.A.;24112;DF Consolidado - Demonstração das Mutações do Patrimônio Líquido;REAL;MIL;ÚLTIMO;2023-01-01;2023-09-30;Participação dos Não Controladores;5.04;Transações de Capital com os Sócios;0.0;S
09.305.994/0001-29;2023-09-30;2;AZUL S.A.;24112;DF Consolidado - Demonstração das Mutações do Patrimônio Líquido;REAL;MIL;PENÚLTIMO;2022-01-01;2022-09-30;Patrimônio Líquido Consolidado;5.04;Transações de Capital com os Sócios;30916.0;S
09.305.994/0001-29;2023-09-30;2;AZUL S.A.;24112;DF Consolidado - Demonstração das Mutações do Patrimônio Líquido;REAL;MIL;ÚLTIMO;2023-01-01;2023-09-30;Patrimônio Líquido Consolidado;5.04;Transações de Capital com os Sócios;48993.0;S
09.305.994/0001-29;2023-09-30;2;AZUL S.A.;24112;DF Consolidado - Demonstração das Mutações do Patrimônio Líquido;REAL;MIL;PENÚLTIMO;2022-01-01;2022-09-30;Capital Social Integralizado;5.04.01;Aumentos de Capital;23048.0;S
09.305.994/0001-29;2023-09-30;2;AZUL S.A.;24112;DF Consolidado - Demonstração das Mutações do Patrimônio Líquido;REAL;MIL;ÚLTIMO;2023-01-01;2023-09-30;Capital Social Integralizado;5.04.01;Aumentos de Capital;0.0;S
09.305.994/0001-29;2023-09-30;2;AZUL S.A.;24112;DF Consolidado - Demonstração das Mutações do Patrimônio Líquido;REAL;MIL;PENÚLTIMO;2022-01-01;2022-09-30;Reservas de Capital, Opções Outorgadas e Ações em Tesouraria;5.04.01;Aumentos de Capital;0.0;S
09.305.994/0001-29;2023-09-30;2;AZUL S.A.;24112;DF Consolidado - Demonstração das Mutações do Patrimônio Líquido;REAL;MIL;ÚLTIMO;2023-01-01;2023-09-30;Reservas de Capital, Opções Outorgadas e Ações em Tesouraria;5.04.01;Aumentos de Capital;0.0;S
09.305.994/0001-29;2023-09-30;2;AZUL S.A.;24112;DF Consolidado - Demonstração das Mutações do Patrimônio Líquido;REAL;MIL;PENÚLTIMO;2022-01-01;2022-09-30;Reservas de Lucro;5.04.01;Aumentos de Capital;0.0;S
09.305.994/0001-29;2023-09-30;2;AZUL S.A.;24112;DF Consolidado - Demonstração das Mutações do Patrimônio Líquido;REAL;MIL;ÚLTIMO;2023-01-01;2023-09-30;Reservas de Lucro;5.04.01;Aumentos de Capital;0.0;S
09.305.994/0001-29;2023-09-30;2;AZUL S.A.;24112;DF Consolidado - Demonstração das Mutações do Patrimônio Líquido;REAL;MIL;PENÚLTIMO;2022-01-01;2022-09-30;Lucros ou Prejuízos Acumulados;5.04.01;Aumentos de Capital;0.0;S
09.305.994/0001-29;2023-09-30;2;AZUL S.A.;24112;DF Consolidado - Demonstração das Mutações do Patrimônio Líquido;REAL;MIL;ÚLTIMO;2023-01-01;2023-09-30;Lucros ou Prejuízos Acumulados;5.04.01;Aumentos de Capital;0.0;S
09.305.994/0001-29;2023-09-30;2;AZUL S.A.;24112;DF Consolidado - Demonstração das Mutações do Patrimônio Líquido;REAL;MIL;PENÚLTIMO;2022-01-01;2022-09-30;Outros Resultados Abrangentes;5.04.01;Aumentos de Capital;0.0;S
09.305.994/0001-29;2023-09-30;2;AZUL S.A.;24112;DF Consolidado - Demonstração das Mutações do Patrimônio Líquido;REAL;MIL;ÚLTIMO;2023-01-01;2023-09-30;Outros Resultados Abrangentes;5.04.01;Aumentos de Capital;0.0;S
09.305.994/0001-29;2023-09-30;2;AZUL S.A.;24112;DF Consolidado - Demonstração das Mutações do Patrimônio Líquido;REAL;MIL;PENÚLTIMO;2022-01-01;2022-09-30;Patrimônio Líquido;5.04.01;Aumentos de Capital;23048.0;S
09.305.994/0001-29;2023-09-30;2;AZUL S.A.;24112;DF Consolidado - Demonstração das Mutações do Patrimônio Líquido;REAL;MIL;ÚLTIMO;2023-01-01;2023-09-30;Patrimônio Líquido;5.04.01;Aumentos de Capital;0.0;S
09.305.994/0001-29;2023-09-30;2;AZUL S.A.;24112;DF Consolidado - Demonstração das Mutações do Patrimônio Líquido;REAL;MIL;PENÚLTIMO;2022-01-01;2022-09-30;Participação dos Não Controladores;5.04.01;Aumentos de Capital;0.0;S
09.305.994/0001-29;2023-09-30;2;AZUL S.A.;24112;DF Consolidado - Demonstração das Mutações do Patrimônio Líquido;REAL;MIL;ÚLTIMO;2023-01-01;2023-09-30;Participação dos Não Controladores;5.04.01;Aumentos de Capital;0.0;S
09.305.994/0001-29;2023-09-30;2;AZUL S.A.;24112;DF Consolidado - Demonstração das Mutações do Patrimônio Líquido;REAL;MIL;PENÚLTIMO;2022-01-01;2022-09-30;Patrimônio Líquido Consolidado;5.04.01;Aumentos de Capital;23048.0;S
09.305.994/0001-29;2023-09-30;2;AZUL S.A.;24112;DF Consolidado - Demonstração das Mutações do Patrimônio Líquido;REAL;MIL;ÚLTIMO;2023-01-01;2023-09-30;Patrimônio Líquido Consolidado;5.04.01;Aumentos de Capital;0.0;S
09.305.994/0001-29;2023-09-30;2;AZUL S.A.;24112;DF Consolidado - Demonstração das Mutações do Patrimônio Líquido;REAL;MIL;PENÚLTIMO;2022-01-01;2022-09-30;Capital Social Integralizado;5.04.02;Gastos com Emissão de Ações;0.0;S
09.305.994/0001-29;2023-09-30;2;AZUL S.A.;24112;DF Consolidado - Demonstração das Mutações do Patrimônio Líquido;REAL;MIL;ÚLTIMO;2023-01-01;2023-09-30;Capital Social Integralizado;5.04.02;Gastos com Emissão de Ações;0.0;S
09.305.994/0001-29;2023-09-30;2;AZUL S.A.;24112;DF Consolidado - Demonstração das Mutações do Patrimônio Líquido;REAL;MIL;PENÚLTIMO;2022-01-01;2022-09-30;Reservas de Capital, Opções Outorgadas e Ações em Tesouraria;5.04.02;Gastos com Emissão de Ações;0.0;S
09.305.994/0001-29;2023-09-30;2;AZUL S.A.;24112;DF Consolidado - Demonstração das Mutações do Patrimônio Líquido;REAL;MIL;ÚLTIMO;2023-01-01;2023-09-30;Reservas de Capital, Opções Outorgadas e Ações em Tesouraria;5.04.02;Gastos com Emissão de Ações;0.0;S
09.305.994/0001-29;2023-09-30;2;AZUL S.A.;24112;DF Consolidado - Demonstração das Mutações do Patrimônio Líquido;REAL;MIL;PENÚLTIMO;2022-01-01;2022-09-30;Reservas de Lucro;5.04.02;Gastos com Emissão de Ações;0.0;S
09.305.994/0001-29;2023-09-30;2;AZUL S.A.;24112;DF Consolidado - Demonstração das Mutações do Patrimônio Líquido;REAL;MIL;ÚLTIMO;2023-01-01;2023-09-30;Reservas de Lucro;5.04.02;Gastos com Emissão de Ações;0.0;S
09.305.994/0001-29;2023-09-30;2;AZUL S.A.;24112;DF Consolidado - Demonstração das Mutações do Patrimônio Líquido;REAL;MIL;PENÚLTIMO;2022-01-01;2022-09-30;Lucros ou Prejuízos Acumulados;5.04.02;Gastos com Emissão de Ações;0.0;S
09.305.994/0001-29;2023-09-30;2;AZUL S.A.;24112;DF Consolidado - Demonstração das Mutações do Patrimônio Líquido;REAL;MIL;ÚLTIMO;2023-01-01;2023-09-30;Lucros ou Prejuízos Acumulados;5.04.02;Gastos com Emissão de Ações;0.0;S
09.305.994/0001-29;2023-09-30;2;AZUL S.A.;24112;DF Consolidado - Demonstração das Mutações do Patrimônio Líquido;REAL;MIL;PENÚLTIMO;2022-01-01;2022-09-30;Outros Resultados Abrangentes;5.04.02;Gastos com Emissão de Ações;0.0;S
09.305.994/0001-29;2023-09-30;2;AZUL S.A.;24112;DF Consolidado - Demonstração das Mutações do Patrimônio Líquido;REAL;MIL;ÚLTIMO;2023-01-01;2023-09-30;Outros Resultados Abrangentes;5.04.02;Gastos com Emissão de Ações;0.0;S
09.305.994/0001-29;2023-09-30;2;AZUL S.A.;24112;DF Consolidado - Demonstração das Mutações do Patrimônio Líquido;REAL;MIL;PENÚLTIMO;2022-01-01;2022-09-30;Patrimônio Líquido;5.04.02;Gastos com Emissão de Ações;0.0;S
09.305.994/0001-29;2023-09-30;2;AZUL S.A.;24112;DF Consolidado - Demonstração das Mutações do Patrimônio Líquido;REAL;MIL;ÚLTIMO;2023-01-01;2023-09-30;Patrimônio Líquido;5.04.02;Gastos com Emissão de Ações;0.0;S
09.305.994/0001-29;2023-09-30;2;AZUL S.A.;24112;DF Consolidado - Demonstração das Mutações do Patrimônio Líquido;REAL;MIL;PENÚLTIMO;2022-01-01;2022-09-30;Participação dos Não Controladores;5.04.02;Gastos com Emissão de Ações;0.0;S
09.305.994/0001-29;2023-09-30;2;AZUL S.A.;24112;DF Consolidado - Demonstração das Mutações do Patrimônio Líquido;REAL;MIL;ÚLTIMO;2023-01-01;2023-09-30;Participação dos Não Controladores;5.04.02;Gastos com Emissão de Ações;0.0;S
09.305.994/0001-29;2023-09-30;2;AZUL S.A.;24112;DF Consolidado - Demonstração das Mutações do Patrimônio Líquido;REAL;MIL;PENÚLTIMO;2022-01-01;2022-09-30;Patrimônio Líquido Consolidado;5.04.02;Gastos com Emissão de Ações;0.0;S
09.305.994/0001-29;2023-09-30;2;AZUL S.A.;24112;DF Consolidado - Demonstração das Mutações do Patrimônio Líquido;REAL;MIL;ÚLTIMO;2023-01-01;2023-09-30;Patrimônio Líquido Consolidado;5.04.02;Gastos com Emissão de Ações;0.0;S
09.305.994/0001-29;2023-09-30;2;AZUL S.A.;24112;DF Consolidado - Demonstração das Mutações do Patrimônio Líquido;REAL;MIL;PENÚLTIMO;2022-01-01;2022-09-30;Capital Social Integralizado;5.04.03;Opções Outorgadas Reconhecidas;0.0;S
09.305.994/0001-29;2023-09-30;2;AZUL S.A.;24112;DF Consolidado - Demonstração das Mutações do Patrimônio Líquido;REAL;MIL;ÚLTIMO;2023-01-01;2023-09-30;Capital Social Integralizado;5.04.03;Opções Outorgadas Reconhecidas;1608.0;S
09.305.994/0001-29;2023-09-30;2;AZUL S.A.;24112;DF Consolidado - Demonstração das Mutações do Patrimônio Líquido;REAL;MIL;PENÚLTIMO;2022-01-01;2022-09-30;Reservas de Capital, Opções Outorgadas e Ações em Tesouraria;5.04.03;Opções Outorgadas Reconhecidas;-1067.0;S
09.305.994/0001-29;2023-09-30;2;AZUL S.A.;24112;DF Consolidado - Demonstração das Mutações do Patrimônio Líquido;REAL;MIL;ÚLTIMO;2023-01-01;2023-09-30;Reservas de Capital, Opções Outorgadas e Ações em Tesouraria;5.04.03;Opções Outorgadas Reconhecidas;45627.0;S
09.305.994/0001-29;2023-09-30;2;AZUL S.A.;24112;DF Consolidado - Demonstração das Mutações do Patrimônio Líquido;REAL;MIL;PENÚLTIMO;2022-01-01;2022-09-30;Reservas de Lucro;5.04.03;Opções Outorgadas Reconhecidas;0.0;S
09.305.994/0001-29;2023-09-30;2;AZUL S.A.;24112;DF Consolidado - Demonstração das Mutações do Patrimônio Líquido;REAL;MIL;ÚLTIMO;2023-01-01;2023-09-30;Reservas de Lucro;5.04.03;Opções Outorgadas Reconhecidas;0.0;S
09.305.994/0001-29;2023-09-30;2;AZUL S.A.;24112;DF Consolidado - Demonstração das Mutações do Patrimônio Líquido;REAL;MIL;PENÚLTIMO;2022-01-01;2022-09-30;Lucros ou Prejuízos Acumulados;5.04.03;Opções Outorgadas Reconhecidas;0.0;S
09.305.994/0001-29;2023-09-30;2;AZUL S.A.;24112;DF Consolidado - Demonstração das Mutações do Patrimônio Líquido;REAL;MIL;ÚLTIMO;2023-01-01;2023-09-30;Lucros ou Prejuízos Acumulados;5.04.03;Opções Outorgadas Reconhecidas;0.0;S
09.305.994/0001-29;2023-09-30;2;AZUL S.A.;24112;DF Consolidado - Demonstração das Mutações do Patrimônio Líquido;REAL;MIL;PENÚLTIMO;2022-01-01;2022-09-30;Outros Resultados Abrangentes;5.04.03;Opções Outorgadas Reconhecidas;0.0;S
09.305.994/0001-29;2023-09-30;2;AZUL S.A.;24112;DF Consolidado - Demonstração das Mutações do Patrimônio Líquido;REAL;MIL;ÚLTIMO;2023-01-01;2023-09-30;Outros Resultados Abrangentes;5.04.03;Opções Outorgadas Reconhecidas;0.0;S
09.305.994/0001-29;2023-09-30;2;AZUL S.A.;24112;DF Consolidado - Demonstração das Mutações do Patrimônio Líquido;REAL;MIL;PENÚLTIMO;2022-01-01;2022-09-30;Patrimônio Líquido;5.04.03;Opções Outorgadas Reconhecidas;-1067.0;S
09.305.994/0001-29;2023-09-30;2;AZUL S.A.;24112;DF Consolidado - Demonstração das Mutações do Patrimônio Líquido;REAL;MIL;ÚLTIMO;2023-01-01;2023-09-30;Patrimônio Líquido;5.04.03;Opções Outorgadas Reconhecidas;47235.0;S
09.305.994/0001-29;2023-09-30;2;AZUL S.A.;24112;DF Consolidado - Demonstração das Mutações do Patrimônio Líquido;REAL;MIL;PENÚLTIMO;2022-01-01;2022-09-30;Participação dos Não Controladores;5.04.03;Opções Outorgadas Reconhecidas;0.0;S
09.305.994/0001-29;2023-09-30;2;AZUL S.A.;24112;DF Consolidado - Demonstração das Mutações do Patrimônio Líquido;REAL;MIL;ÚLTIMO;2023-01-01;2023-09-30;Participação dos Não Controladores;5.04.03;Opções Outorgadas Reconhecidas;0.0;S
09.305.994/0001-29;2023-09-30;2;AZUL S.A.;24112;DF Consolidado - Demonstração das Mutações do Patrimônio Líquido;REAL;MIL;PENÚLTIMO;2022-01-01;2022-09-30;Patrimônio Líquido Consolidado;5.04.03;Opções Outorgadas Reconhecidas;-1067.0;S
09.305.994/0001-29;2023-09-30;2;AZUL S.A.;24112;DF Consolidado - Demonstração das Mutações do Patrimônio Líquido;REAL;MIL;ÚLTIMO;2023-01-01;2023-09-30;Patrimônio Líquido Consolidado;5.04.03;Opções Outorgadas Reconhecidas;47235.0;S
09.305.994/0001-29;2023-09-30;2;AZUL S.A.;24112;DF Consolidado - Demonstração das Mutações do Patrimônio Líquido;REAL;MIL;PENÚLTIMO;2022-01-01;2022-09-30;Capital Social Integralizado;5.04.04;Ações em Tesouraria Adquiridas;0.0;S
09.305.994/0001-29;2023-09-30;2;AZUL S.A.;24112;DF Consolidado - Demonstração das Mutações do Patrimônio Líquido;REAL;MIL;ÚLTIMO;2023-01-01;2023-09-30;Capital Social Integralizado;5.04.04;Ações em Tesouraria Adquiridas;0.0;S
09.305.994/0001-29;2023-09-30;2;AZUL S.A.;24112;DF Consolidado - Demonstração das Mutações do Patrimônio Líquido;REAL;MIL;PENÚLTIMO;2022-01-01;2022-09-30;Reservas de Capital, Opções Outorgadas e Ações em Tesouraria;5.04.04;Ações em Tesouraria Adquiridas;9038.0;S
09.305.994/0001-29;2023-09-30;2;AZUL S.A.;24112;DF Consolidado - Demonstração das Mutações do Patrimônio Líquido;REAL;MIL;ÚLTIMO;2023-01-01;2023-09-30;Reservas de Capital, Opções Outorgadas e Ações em Tesouraria;5.04.04;Ações em Tesouraria Adquiridas;1758.0;S
09.305.994/0001-29;2023-09-30;2;AZUL S.A.;24112;DF Consolidado - Demonstração das Mutações do Patrimônio Líquido;REAL;MIL;PENÚLTIMO;2022-01-01;2022-09-30;Reservas de Lucro;5.04.04;Ações em Tesouraria Adquiridas;0.0;S
09.305.994/0001-29;2023-09-30;2;AZUL S.A.;24112;DF Consolidado - Demonstração das Mutações do Patrimônio Líquido;REAL;MIL;ÚLTIMO;2023-01-01;2023-09-30;Reservas de Lucro;5.04.04;Ações em Tesouraria Adquiridas;0.0;S
09.305.994/0001-29;2023-09-30;2;AZUL S.A.;24112;DF Consolidado - Demonstração das Mutações do Patrimônio Líquido;REAL;MIL;PENÚLTIMO;2022-01-01;2022-09-30;Lucros ou Prejuízos Acumulados;5.04.04;Ações em Tesouraria Adquiridas;0.0;S
09.305.994/0001-29;2023-09-30;2;AZUL S.A.;24112;DF Consolidado - Demonstração das Mutações do Patrimônio Líquido;REAL;MIL;ÚLTIMO;2023-01-01;2023-09-30;Lucros ou Prejuízos Acumulados;5.04.04;Ações em Tesouraria Adquiridas;0.0;S
09.305.994/0001-29;2023-09-30;2;AZUL S.A.;24112;DF Consolidado - Demonstração das Mutações do Patrimônio Líquido;REAL;MIL;PENÚLTIMO;2022-01-01;2022-09-30;Outros Resultados Abrangentes;5.04.04;Ações em Tesouraria Adquiridas;0.0;S
09.305.994/0001-29;2023-09-30;2;AZUL S.A.;24112;DF Consolidado - Demonstração das Mutações do Patrimônio Líquido;REAL;MIL;ÚLTIMO;2023-01-01;2023-09-30;Outros Resultados Abrangentes;5.04.04;Ações em Tesouraria Adquiridas;0.0;S
09.305.994/0001-29;2023-09-30;2;AZUL S.A.;24112;DF Consolidado - Demonstração das Mutações do Patrimônio Líquido;REAL;MIL;PENÚLTIMO;2022-01-01;2022-09-30;Patrimônio Líquido;5.04.04;Ações em Tesouraria Adquiridas;9038.0;S
09.305.994/0001-29;2023-09-30;2;AZUL S.A.;24112;DF Consolidado - Demonstração das Mutações do Patrimônio Líquido;REAL;MIL;ÚLTIMO;2023-01-01;2023-09-30;Patrimônio Líquido;5.04.04;Ações em Tesouraria Adquiridas;1758.0;S
09.305.994/0001-29;2023-09-30;2;AZUL S.A.;24112;DF Consolidado - Demonstração das Mutações do Patrimônio Líquido;REAL;MIL;PENÚLTIMO;2022-01-01;2022-09-30;Participação dos Não Controladores;5.04.04;Ações em Tesouraria Adquiridas;0.0;S
09.305.994/0001-29;2023-09-30;2;AZUL S.A.;24112;DF Consolidado - Demonstração das Mutações do Patrimônio Líquido;REAL;MIL;ÚLTIMO;2023-01-01;2023-09-30;Participação dos Não Controladores;5.04.04;Ações em Tesouraria Adquiridas;0.0;S
09.305.994/0001-29;2023-09-30;2;AZUL S.A.;24112;DF Consolidado - Demonstração das Mutações do Patrimônio Líquido;REAL;MIL;PENÚLTIMO;2022-01-01;2022-09-30;Patrimônio Líquido Consolidado;5.04.04;Ações em Tesouraria Adquiridas;9038.0;S
09.305.994/0001-29;2023-09-30;2;AZUL S.A.;24112;DF Consolidado - Demonstração das Mutações do Patrimônio Líquido;REAL;MIL;ÚLTIMO;2023-01-01;2023-09-30;Patrimônio Líquido Consolidado;5.04.04;Ações em Tesouraria Adquiridas;1758.0;S
09.305.994/0001-29;2023-09-30;2;AZUL S.A.;24112;DF Consolidado - Demonstração das Mutações do Patrimônio Líquido;REAL;MIL;PENÚLTIMO;2022-01-01;2022-09-30;Capital Social Integralizado;5.04.05;Ações em Tesouraria Vendidas;0.0;S
09.305.994/0001-29;2023-09-30;2;AZUL S.A.;24112;DF Consolidado - Demonstração das Mutações do Patrimônio Líquido;REAL;MIL;ÚLTIMO;2023-01-01;2023-09-30;Capital Social Integralizado;5.04.05;Ações em Tesouraria Vendidas;0.0;S
09.305.994/0001-29;2023-09-30;2;AZUL S.A.;24112;DF Consolidado - Demonstração das Mutações do Patrimônio Líquido;REAL;MIL;PENÚLTIMO;2022-01-01;2022-09-30;Reservas de Capital, Opções Outorgadas e Ações em Tesouraria;5.04.05;Ações em Tesouraria Vendidas;0.0;S
09.305.994/0001-29;2023-09-30;2;AZUL S.A.;24112;DF Consolidado - Demonstração das Mutações do Patrimônio Líquido;REAL;MIL;ÚLTIMO;2023-01-01;2023-09-30;Reservas de Capital, Opções Outorgadas e Ações em Tesouraria;5.04.05;Ações em Tesouraria Vendidas;0.0;S
09.305.994/0001-29;2023-09-30;2;AZUL S.A.;24112;DF Consolidado - Demonstração das Mutações do Patrimônio Líquido;REAL;MIL;PENÚLTIMO;2022-01-01;2022-09-30;Reservas de Lucro;5.04.05;Ações em Tesouraria Vendidas;0.0;S
09.305.994/0001-29;2023-09-30;2;AZUL S.A.;24112;DF Consolidado - Demonstração das Mutações do Patrimônio Líquido;REAL;MIL;ÚLTIMO;2023-01-01;2023-09-30;Reservas de Lucro;5.04.05;Ações em Tesouraria Vendidas;0.0;S
09.305.994/0001-29;2023-09-30;2;AZUL S.A.;24112;DF Consolidado - Demonstração das Mutações do Patrimônio Líquido;REAL;MIL;PENÚLTIMO;2022-01-01;2022-09-30;Lucros ou Prejuízos Acumulados;5.04.05;Ações em Tesouraria Vendidas;0.0;S
09.305.994/0001-29;2023-09-30;2;AZUL S.A.;24112;DF Consolidado - Demonstração das Mutações do Patrimônio Líquido;REAL;MIL;ÚLTIMO;2023-01-01;2023-09-30;Lucros ou Prejuízos Acumulados;5.04.05;Ações em Tesouraria Vendidas;0.0;S
09.305.994/0001-29;2023-09-30;2;AZUL S.A.;24112;DF Consolidado - Demonstração das Mutações do Patrimônio Líquido;REAL;MIL;PENÚLTIMO;2022-01-01;2022-09-30;Outros Resultados Abrangentes;5.04.05;Ações em Tesouraria Vendidas;0.0;S
09.305.994/0001-29;2023-09-30;2;AZUL S.A.;24112;DF Consolidado - Demonstração das Mutações do Patrimônio Líquido;REAL;MIL;ÚLTIMO;2023-01-01;2023-09-30;Outros Resultados Abrangentes;5.04.05;Ações em Tesouraria Vendidas;0.0;S
09.305.994/0001-29;2023-09-30;2;AZUL S.A.;24112;DF Consolidado - Demonstração das Mutações do Patrimônio Líquido;REAL;MIL;PENÚLTIMO;2022-01-01;2022-09-30;Patrimônio Líquido;5.04.05;Ações em Tesouraria Vendidas;0.0;S
09.305.994/0001-29;2023-09-30;2;AZUL S.A.;24112;DF Consolidado - Demonstração das Mutações do Patrimônio Líquido;REAL;MIL;ÚLTIMO;2023-01-01;2023-09-30;Patrimônio Líquido;5.04.05;Ações em Tesouraria Vendidas;0.0;S
09.305.994/0001-29;2023-09-30;2;AZUL S.A.;24112;DF Consolidado - Demonstração das Mutações do Patrimônio Líquido;REAL;MIL;PENÚLTIMO;2022-01-01;2022-09-30;Participação dos Não Controladores;5.04.05;Ações em Tesouraria Vendidas;0.0;S
09.305.994/0001-29;2023-09-30;2;AZUL S.A.;24112;DF Consolidado - Demonstração das Mutações do Patrimônio Líquido;REAL;MIL;ÚLTIMO;2023-01-01;2023-09-30;Participação dos Não Controladores;5.04.05;Ações em Tesouraria Vendidas;0.0;S
09.305.994/0001-29;2023-09-30;2;AZUL S.A.;24112;DF Consolidado - Demonstração das Mutações do Patrimônio Líquido;REAL;MIL;PENÚLTIMO;2022-01-01;2022-09-30;Patrimônio Líquido Consolidado;5.04.05;Ações em Tesouraria Vendidas;0.0;S
09.305.994/0001-29;2023-09-30;2;AZUL S.A.;24112;DF Consolidado - Demonstração das Mutações do Patrimônio Líquido;REAL;MIL;ÚLTIMO;2023-01-01;2023-09-30;Patrimônio Líquido Consolidado;5.04.05;Ações em Tesouraria Vendidas;0.0;S
09.305.994/0001-29;2023-09-30;2;AZUL S.A.;24112;DF Consolidado - Demonstração das Mutações do Patrimônio Líquido;REAL;MIL;PENÚLTIMO;2022-01-01;2022-09-30;Capital Social Integralizado;5.04.06;Dividendos;0.0;S
09.305.994/0001-29;2023-09-30;2;AZUL S.A.;24112;DF Consolidado - Demonstração das Mutações do Patrimônio Líquido;REAL;MIL;ÚLTIMO;2023-01-01;2023-09-30;Capital Social Integralizado;5.04.06;Dividendos;0.0;S
09.305.994/0001-29;2023-09-30;2;AZUL S.A.;24112;DF Consolidado - Demonstração das Mutações do Patrimônio Líquido;REAL;MIL;PENÚLTIMO;2022-01-01;2022-09-30;Reservas de Capital, Opções Outorgadas e Ações em Tesouraria;5.04.06;Dividendos;0.0;S
09.305.994/0001-29;2023-09-30;2;AZUL S.A.;24112;DF Consolidado - Demonstração das Mutações do Patrimônio Líquido;REAL;MIL;ÚLTIMO;2023-01-01;2023-09-30;Reservas de Capital, Opções Outorgadas e Ações em Tesouraria;5.04.06;Dividendos;0.0;S
09.305.994/0001-29;2023-09-30;2;AZUL S.A.;24112;DF Consolidado - Demonstração das Mutações do Patrimônio Líquido;REAL;MIL;PENÚLTIMO;2022-01-01;2022-09-30;Reservas de Lucro;5.04.06;Dividendos;0.0;S
09.305.994/0001-29;2023-09-30;2;AZUL S.A.;24112;DF Consolidado - Demonstração das Mutações do Patrimônio Líquido;REAL;MIL;ÚLTIMO;2023-01-01;2023-09-30;Reservas de Lucro;5.04.06;Dividendos;0.0;S
09.305.994/0001-29;2023-09-30;2;AZUL S.A.;24112;DF Consolidado - Demonstração das Mutações do Patrimônio Líquido;REAL;MIL;PENÚLTIMO;2022-01-01;2022-09-30;Lucros ou Prejuízos Acumulados;5.04.06;Dividendos;0.0;S
09.305.994/0001-29;2023-09-30;2;AZUL S.A.;24112;DF Consolidado - Demonstração das Mutações do Patrimônio Líquido;REAL;MIL;ÚLTIMO;2023-01-01;2023-09-30;Lucros ou Prejuízos Acumulados;5.04.06;Dividendos;0.0;S
09.305.994/0001-29;2023-09-30;2;AZUL S.A.;24112;DF Consolidado - Demonstração das Mutações do Patrimônio Líquido;REAL;MIL;PENÚLTIMO;2022-01-01;2022-09-30;Outros Resultados Abrangentes;5.04.06;Dividendos;0.0;S
09.305.994/0001-29;2023-09-30;2;AZUL S.A.;24112;DF Consolidado - Demonstração das Mutações do Patrimônio Líquido;REAL;MIL;ÚLTIMO;2023-01-01;2023-09-30;Outros Resultados Abrangentes;5.04.06;Dividendos;0.0;S
09.305.994/0001-29;2023-09-30;2;AZUL S.A.;24112;DF Consolidado - Demonstração das Mutações do Patrimônio Líquido;REAL;MIL;PENÚLTIMO;2022-01-01;2022-09-30;Patrimônio Líquido;5.04.06;Dividendos;0.0;S
09.305.994/0001-29;2023-09-30;2;AZUL S.A.;24112;DF Consolidado - Demonstração das Mutações do Patrimônio Líquido;REAL;MIL;ÚLTIMO;2023-01-01;2023-09-30;Patrimônio Líquido;5.04.06;Dividendos;0.0;S
09.305.994/0001-29;2023-09-30;2;AZUL S.A.;24112;DF Consolidado - Demonstração das Mutações do Patrimônio Líquido;REAL;MIL;PENÚLTIMO;2022-01-01;2022-09-30;Participação dos Não Controladores;5.04.06;Dividendos;0.0;S
09.305.994/0001-29;2023-09-30;2;AZUL S.A.;24112;DF Consolidado - Demonstração das Mutações do Patrimônio Líquido;REAL;MIL;ÚLTIMO;2023-01-01;2023-09-30;Participação dos Não Controladores;5.04.06;Dividendos;0.0;S
09.305.994/0001-29;2023-09-30;2;AZUL S.A.;24112;DF Consolidado - Demonstração das Mutações do Patrimônio Líquido;REAL;MIL;PENÚLTIMO;2022-01-01;2022-09-30;Patrimônio Líquido Consolidado;5.04.06;Dividendos;0.0;S
09.305.994/0001-29;2023-09-30;2;AZUL S.A.;24112;DF Consolidado - Demonstração das Mutações do Patrimônio Líquido;REAL;MIL;ÚLTIMO;2023-01-01;2023-09-30;Patrimônio Líquido Consolidado;5.04.06;Dividendos;0.0;S
09.305.994/0001-29;2023-09-30;2;AZUL S.A.;24112;DF Consolidado - Demonstração das Mutações do Patrimônio Líquido;REAL;MIL;PENÚLTIMO;2022-01-01;2022-09-30;Capital Social Integralizado;5.04.07;Juros sobre Capital Próprio;0.0;S
09.305.994/0001-29;2023-09-30;2;AZUL S.A.;24112;DF Consolidado - Demonstração das Mutações do Patrimônio Líquido;REAL;MIL;ÚLTIMO;2023-01-01;2023-09-30;Capital Social Integralizado;5.04.07;Juros sobre Capital Próprio;0.0;S
09.305.994/0001-29;2023-09-30;2;AZUL S.A.;24112;DF Consolidado - Demonstração das Mutações do Patrimônio Líquido;REAL;MIL;PENÚLTIMO;2022-01-01;2022-09-30;Reservas de Capital, Opções Outorgadas e Ações em Tesouraria;5.04.07;Juros sobre Capital Próprio;0.0;S
09.305.994/0001-29;2023-09-30;2;AZUL S.A.;24112;DF Consolidado - Demonstração das Mutações do Patrimônio Líquido;REAL;MIL;ÚLTIMO;2023-01-01;2023-09-30;Reservas de Capital, Opções Outorgadas e Ações em Tesouraria;5.04.07;Juros sobre Capital Próprio;0.0;S
09.305.994/0001-29;2023-09-30;2;AZUL S.A.;24112;DF Consolidado - Demonstração das Mutações do Patrimônio Líquido;REAL;MIL;PENÚLTIMO;2022-01-01;2022-09-30;Reservas de Lucro;5.04.07;Juros sobre Capital Próprio;0.0;S
09.305.994/0001-29;2023-09-30;2;AZUL S.A.;24112;DF Consolidado - Demonstração das Mutações do Patrimônio Líquido;REAL;MIL;ÚLTIMO;2023-01-01;2023-09-30;Reservas de Lucro;5.04.07;Juros sobre Capital Próprio;0.0;S
09.305.994/0001-29;2023-09-30;2;AZUL S.A.;24112;DF Consolidado - Demonstração das Mutações do Patrimônio Líquido;REAL;MIL;PENÚLTIMO;2022-01-01;2022-09-30;Lucros ou Prejuízos Acumulados;5.04.07;Juros sobre Capital Próprio;0.0;S
09.305.994/0001-29;2023-09-30;2;AZUL S.A.;24112;DF Consolidado - Demonstração das Mutações do Patrimônio Líquido;REAL;MIL;ÚLTIMO;2023-01-01;2023-09-30;Lucros ou Prejuízos Acumulados;5.04.07;Juros sobre Capital Próprio;0.0;S
09.305.994/0001-29;2023-09-30;2;AZUL S.A.;24112;DF Consolidado - Demonstração das Mutações do Patrimônio Líquido;REAL;MIL;PENÚLTIMO;2022-01-01;2022-09-30;Outros Resultados Abrangentes;5.04.07;Juros sobre Capital Próprio;0.0;S
09.305.994/0001-29;2023-09-30;2;AZUL S.A.;24112;DF Consolidado - Demonstração das Mutações do Patrimônio Líquido;REAL;MIL;ÚLTIMO;2023-01-01;2023-09-30;Outros Resultados Abrangentes;5.04.07;Juros sobre Capital Próprio;0.0;S
09.305.994/0001-29;2023-09-30;2;AZUL S.A.;24112;DF Consolidado - Demonstração das Mutações do Patrimônio Líquido;REAL;MIL;PENÚLTIMO;2022-01-01;2022-09-30;Patrimônio Líquido;5.04.07;Juros sobre Capital Próprio;0.0;S
09.305.994/0001-29;2023-09-30;2;AZUL S.A.;24112;DF Consolidado - Demonstração das Mutações do Patrimônio Líquido;REAL;MIL;ÚLTIMO;2023-01-01;2023-09-30;Patrimônio Líquido;5.04.07;Juros sobre Capital Próprio;0.0;S
09.305.994/0001-29;2023-09-30;2;AZUL S.A.;24112;DF Consolidado - Demonstração das Mutações do Patrimônio Líquido;REAL;MIL;PENÚLTIMO;2022-01-01;2022-09-30;Participação dos Não Controladores;5.04.07;Juros sobre Capital Próprio;0.0;S
09.305.994/0001-29;2023-09-30;2;AZUL S.A.;24112;DF Consolidado - Demonstração das Mutações do Patrimônio Líquido;REAL;MIL;ÚLTIMO;2023-01-01;2023-09-30;Participação dos Não Controladores;5.04.07;Juros sobre Capital Próprio;0.0;S
09.305.994/0001-29;2023-09-30;2;AZUL S.A.;24112;DF Consolidado - Demonstração das Mutações do Patrimônio Líquido;REAL;MIL;PENÚLTIMO;2022-01-01;2022-09-30;Patrimônio Líquido Consolidado;5.04.07;Juros sobre Capital Próprio;0.0;S
09.305.994/0001-29;2023-09-30;2;AZUL S.A.;24112;DF Consolidado - Demonstração das Mutações do Patrimônio Líquido;REAL;MIL;ÚLTIMO;2023-01-01;2023-09-30;Patrimônio Líquido Consolidado;5.04.07;Juros sobre Capital Próprio;0.0;S
09.305.994/0001-29;2023-09-30;2;AZUL S.A.;24112;DF Consolidado - Demonstração das Mutações do Patrimônio Líquido;REAL;MIL;PENÚLTIMO;2022-01-01;2022-09-30;Capital Social Integralizado;5.04.08;Adiantamento para futuro aumento de capital;-103.0;N
09.305.994/0001-29;2023-09-30;2;AZUL S.A.;24112;DF Consolidado - Demonstração das Mutações do Patrimônio Líquido;REAL;MIL;PENÚLTIMO;2022-01-01;2022-09-30;Reservas de Capital, Opções Outorgadas e Ações em Tesouraria;5.04.08;Adiantamento para futuro aumento de capital;0.0;N
09.305.994/0001-29;2023-09-30;2;AZUL S.A.;24112;DF Consolidado - Demonstração das Mutações do Patrimônio Líquido;REAL;MIL;PENÚLTIMO;2022-01-01;2022-09-30;Reservas de Lucro;5.04.08;Adiantamento para futuro aumento de capital;0.0;N
09.305.994/0001-29;2023-09-30;2;AZUL S.A.;24112;DF Consolidado - Demonstração das Mutações do Patrimônio Líquido;REAL;MIL;PENÚLTIMO;2022-01-01;2022-09-30;Lucros ou Prejuízos Acumulados;5.04.08;Adiantamento para futuro aumento de capital;0.0;N
09.305.994/0001-29;2023-09-30;2;AZUL S.A.;24112;DF Consolidado - Demonstração das Mutações do Patrimônio Líquido;REAL;MIL;PENÚLTIMO;2022-01-01;2022-09-30;Outros Resultados Abrangentes;5.04.08;Adiantamento para futuro aumento de capital;0.0;N
09.305.994/0001-29;2023-09-30;2;AZUL S.A.;24112;DF Consolidado - Demonstração das Mutações do Patrimônio Líquido;REAL;MIL;PENÚLTIMO;2022-01-01;2022-09-30;Patrimônio Líquido;5.04.08;Adiantamento para futuro aumento de capital;-103.0;N
09.305.994/0001-29;2023-09-30;2;AZUL S.A.;24112;DF Consolidado - Demonstração das Mutações do Patrimônio Líquido;REAL;MIL;PENÚLTIMO;2022-01-01;2022-09-30;Participação dos Não Controladores;5.04.08;Adiantamento para futuro aumento de capital;0.0;N
09.305.994/0001-29;2023-09-30;2;AZUL S.A.;24112;DF Consolidado - Demonstração das Mutações do Patrimônio Líquido;REAL;MIL;PENÚLTIMO;2022-01-01;2022-09-30;Patrimônio Líquido Consolidado;5.04.08;Adiantamento para futuro aumento de capital;-103.0;N
09.305.994/0001-29;2023-09-30;2;AZUL S.A.;24112;DF Consolidado - Demonstração das Mutações do Patrimônio Líquido;REAL;MIL;PENÚLTIMO;2022-01-01;2022-09-30;Capital Social Integralizado;5.05;Resultado Abrangente Total;0.0;S
09.305.994/0001-29;2023-09-30;2;AZUL S.A.;24112;DF Consolidado - Demonstração das Mutações do Patrimônio Líquido;REAL;MIL;ÚLTIMO;2023-01-01;2023-09-30;Capital Social Integralizado;5.05;Resultado Abrangente Total;0.0;S
09.305.994/0001-29;2023-09-30;2;AZUL S.A.;24112;DF Consolidado - Demonstração das Mutações do Patrimônio Líquido;REAL;MIL;PENÚLTIMO;2022-01-01;2022-09-30;Reservas de Capital, Opções Outorgadas e Ações em Tesouraria;5.05;Resultado Abrangente Total;0.0;S
09.305.994/0001-29;2023-09-30;2;AZUL S.A.;24112;DF Consolidado - Demonstração das Mutações do Patrimônio Líquido;REAL;MIL;ÚLTIMO;2023-01-01;2023-09-30;Reservas de Capital, Opções Outorgadas e Ações em Tesouraria;5.05;Resultado Abrangente Total;0.0;S
09.305.994/0001-29;2023-09-30;2;AZUL S.A.;24112;DF Consolidado - Demonstração das Mutações do Patrimônio Líquido;REAL;MIL;PENÚLTIMO;2022-01-01;2022-09-30;Reservas de Lucro;5.05;Resultado Abrangente Total;0.0;S
09.305.994/0001-29;2023-09-30;2;AZUL S.A.;24112;DF Consolidado - Demonstração das Mutações do Patrimônio Líquido;REAL;MIL;ÚLTIMO;2023-01-01;2023-09-30;Reservas de Lucro;5.05;Resultado Abrangente Total;0.0;S
09.305.994/0001-29;2023-09-30;2;AZUL S.A.;24112;DF Consolidado - Demonstração das Mutações do Patrimônio Líquido;REAL;MIL;PENÚLTIMO;2022-01-01;2022-09-30;Lucros ou Prejuízos Acumulados;5.05;Resultado Abrangente Total;-1828420.0;S
09.305.994/0001-29;2023-09-30;2;AZUL S.A.;24112;DF Consolidado - Demonstração das Mutações do Patrimônio Líquido;REAL;MIL;ÚLTIMO;2023-01-01;2023-09-30;Lucros ou Prejuízos Acumulados;5.05;Resultado Abrangente Total;-2327619.0;S
09.305.994/0001-29;2023-09-30;2;AZUL S.A.;24112;DF Consolidado - Demonstração das Mutações do Patrimônio Líquido;REAL;MIL;PENÚLTIMO;2022-01-01;2022-09-30;Outros Resultados Abrangentes;5.05;Resultado Abrangente Total;0.0;S
09.305.994/0001-29;2023-09-30;2;AZUL S.A.;24112;DF Consolidado - Demonstração das Mutações do Patrimônio Líquido;REAL;MIL;ÚLTIMO;2023-01-01;2023-09-30;Outros Resultados Abrangentes;5.05;Resultado Abrangente Total;0.0;S
09.305.994/0001-29;2023-09-30;2;AZUL S.A.;24112;DF Consolidado - Demonstração das Mutações do Patrimônio Líquido;REAL;MIL;PENÚLTIMO;2022-01-01;2022-09-30;Patrimônio Líquido;5.05;Resultado Abrangente Total;-1828420.0;S
09.305.994/0001-29;2023-09-30;2;AZUL S.A.;24112;DF Consolidado - Demonstração das Mutações do Patrimônio Líquido;REAL;MIL;ÚLTIMO;2023-01-01;2023-09-30;Patrimônio Líquido;5.05;Resultado Abrangente Total;-2327619.0;S
09.305.994/0001-29;2023-09-30;2;AZUL S.A.;24112;DF Consolidado - Demonstração das Mutações do Patrimônio Líquido;REAL;MIL;PENÚLTIMO;2022-01-01;2022-09-30;Participação dos Não Controladores;5.05;Resultado Abrangente Total;0.0;S
09.305.994/0001-29;2023-09-30;2;AZUL S.A.;24112;DF Consolidado - Demonstração das Mutações do Patrimônio Líquido;REAL;MIL;ÚLTIMO;2023-01-01;2023-09-30;Participação dos Não Controladores;5.05;Resultado Abrangente Total;0.0;S
09.305.994/0001-29;2023-09-30;2;AZUL S.A.;24112;DF Consolidado - Demonstração das Mutações do Patrimônio Líquido;REAL;MIL;PENÚLTIMO;2022-01-01;2022-09-30;Patrimônio Líquido Consolidado;5.05;Resultado Abrangente Total;-1828420.0;S
09.305.994/0001-29;2023-09-30;2;AZUL S.A.;24112;DF Consolidado - Demonstração das Mutações do Patrimônio Líquido;REAL;MIL;ÚLTIMO;2023-01-01;2023-09-30;Patrimônio Líquido Consolidado;5.05;Resultado Abrangente Total;-2327619.0;S
09.305.994/0001-29;2023-09-30;2;AZUL S.A.;24112;DF Consolidado - Demonstração das Mutações do Patrimônio Líquido;REAL;MIL;PENÚLTIMO;2022-01-01;2022-09-30;Capital Social Integralizado;5.05.01;Lucro Líquido do Período;0.0;S
09.305.994/0001-29;2023-09-30;2;AZUL S.A.;24112;DF Consolidado - Demonstração das Mutações do Patrimônio Líquido;REAL;MIL;ÚLTIMO;2023-01-01;2023-09-30;Capital Social Integralizado;5.05.01;Lucro Líquido do Período;0.0;S
09.305.994/0001-29;2023-09-30;2;AZUL S.A.;24112;DF Consolidado - Demonstração das Mutações do Patrimônio Líquido;REAL;MIL;PENÚLTIMO;2022-01-01;2022-09-30;Reservas de Capital, Opções Outorgadas e Ações em Tesouraria;5.05.01;Lucro Líquido do Período;0.0;S
09.305.994/0001-29;2023-09-30;2;AZUL S.A.;24112;DF Consolidado - Demonstração das Mutações do Patrimônio Líquido;REAL;MIL;ÚLTIMO;2023-01-01;2023-09-30;Reservas de Capital, Opções Outorgadas e Ações em Tesouraria;5.05.01;Lucro Líquido do Período;0.0;S
09.305.994/0001-29;2023-09-30;2;AZUL S.A.;24112;DF Consolidado - Demonstração das Mutações do Patrimônio Líquido;REAL;MIL;PENÚLTIMO;2022-01-01;2022-09-30;Reservas de Lucro;5.05.01;Lucro Líquido do Período;0.0;S
09.305.994/0001-29;2023-09-30;2;AZUL S.A.;24112;DF Consolidado - Demonstração das Mutações do Patrimônio Líquido;REAL;MIL;ÚLTIMO;2023-01-01;2023-09-30;Reservas de Lucro;5.05.01;Lucro Líquido do Período;0.0;S
09.305.994/0001-29;2023-09-30;2;AZUL S.A.;24112;DF Consolidado - Demonstração das Mutações do Patrimônio Líquido;REAL;MIL;PENÚLTIMO;2022-01-01;2022-09-30;Lucros ou Prejuízos Acumulados;5.05.01;Lucro Líquido do Período;0.0;S
09.305.994/0001-29;2023-09-30;2;AZUL S.A.;24112;DF Consolidado - Demonstração das Mutações do Patrimônio Líquido;REAL;MIL;ÚLTIMO;2023-01-01;2023-09-30;Lucros ou Prejuízos Acumulados;5.05.01;Lucro Líquido do Período;0.0;S
09.305.994/0001-29;2023-09-30;2;AZUL S.A.;24112;DF Consolidado - Demonstração das Mutações do Patrimônio Líquido;REAL;MIL;PENÚLTIMO;2022-01-01;2022-09-30;Outros Resultados Abrangentes;5.05.01;Lucro Líquido do Período;0.0;S
09.305.994/0001-29;2023-09-30;2;AZUL S.A.;24112;DF Consolidado - Demonstração das Mutações do Patrimônio Líquido;REAL;MIL;ÚLTIMO;2023-01-01;2023-09-30;Outros Resultados Abrangentes;5.05.01;Lucro Líquido do Período;0.0;S
09.305.994/0001-29;2023-09-30;2;AZUL S.A.;24112;DF Consolidado - Demonstração das Mutações do Patrimônio Líquido;REAL;MIL;PENÚLTIMO;2022-01-01;2022-09-30;Patrimônio Líquido;5.05.01;Lucro Líquido do Período;0.0;S
09.305.994/0001-29;2023-09-30;2;AZUL S.A.;24112;DF Consolidado - Demonstração das Mutações do Patrimônio Líquido;REAL;MIL;ÚLTIMO;2023-01-01;2023-09-30;Patrimônio Líquido;5.05.01;Lucro Líquido do Período;0.0;S
09.305.994/0001-29;2023-09-30;2;AZUL S.A.;24112;DF Consolidado - Demonstração das Mutações do Patrimônio Líquido;REAL;MIL;PENÚLTIMO;2022-01-01;2022-09-30;Participação dos Não Controladores;5.05.01;Lucro Líquido do Período;0.0;S
09.305.994/0001-29;2023-09-30;2;AZUL S.A.;24112;DF Consolidado - Demonstração das Mutações do Patrimônio Líquido;REAL;MIL;ÚLTIMO;2023-01-01;2023-09-30;Participação dos Não Controladores;5.05.01;Lucro Líquido do Período;0.0;S
09.305.994/0001-29;2023-09-30;2;AZUL S.A.;24112;DF Consolidado - Demonstração das Mutações do Patrimônio Líquido;REAL;MIL;PENÚLTIMO;2022-01-01;2022-09-30;Patrimônio Líquido Consolidado;5.05.01;Lucro Líquido do Período;0.0;S
09.305.994/0001-29;2023-09-30;2;AZUL S.A.;24112;DF Consolidado - Demonstração das Mutações do Patrimônio Líquido;REAL;MIL;ÚLTIMO;2023-01-01;2023-09-30;Patrimônio Líquido Consolidado;5.05.01;Lucro Líquido do Período;0.0;S
09.305.994/0001-29;2023-09-30;2;AZUL S.A.;24112;DF Consolidado - Demonstração das Mutações do Patrimônio Líquido;REAL;MIL;PENÚLTIMO;2022-01-01;2022-09-30;Capital Social Integralizado;5.05.02;Outros Resultados Abrangentes;0.0;S
09.305.994/0001-29;2023-09-30;2;AZUL S.A.;24112;DF Consolidado - Demonstração das Mutações do Patrimônio Líquido;REAL;MIL;ÚLTIMO;2023-01-01;2023-09-30;Capital Social Integralizado;5.05.02;Outros Resultados Abrangentes;0.0;S
09.305.994/0001-29;2023-09-30;2;AZUL S.A.;24112;DF Consolidado - Demonstração das Mutações do Patrimônio Líquido;REAL;MIL;PENÚLTIMO;2022-01-01;2022-09-30;Reservas de Capital, Opções Outorgadas e Ações em Tesouraria;5.05.02;Outros Resultados Abrangentes;0.0;S
09.305.994/0001-29;2023-09-30;2;AZUL S.A.;24112;DF Consolidado - Demonstração das Mutações do Patrimônio Líquido;REAL;MIL;ÚLTIMO;2023-01-01;2023-09-30;Reservas de Capital, Opções Outorgadas e Ações em Tesouraria;5.05.02;Outros Resultados Abrangentes;0.0;S
09.305.994/0001-29;2023-09-30;2;AZUL S.A.;24112;DF Consolidado - Demonstração das Mutações do Patrimônio Líquido;REAL;MIL;PENÚLTIMO;2022-01-01;2022-09-30;Reservas de Lucro;5.05.02;Outros Resultados Abrangentes;0.0;S
09.305.994/0001-29;2023-09-30;2;AZUL S.A.;24112;DF Consolidado - Demonstração das Mutações do Patrimônio Líquido;REAL;MIL;ÚLTIMO;2023-01-01;2023-09-30;Reservas de Lucro;5.05.02;Outros Resultados Abrangentes;0.0;S
09.305.994/0001-29;2023-09-30;2;AZUL S.A.;24112;DF Consolidado - Demonstração das Mutações do Patrimônio Líquido;REAL;MIL;PENÚLTIMO;2022-01-01;2022-09-30;Lucros ou Prejuízos Acumulados;5.05.02;Outros Resultados Abrangentes;-1828420.0;S
09.305.994/0001-29;2023-09-30;2;AZUL S.A.;24112;DF Consolidado - Demonstração das Mutações do Patrimônio Líquido;REAL;MIL;ÚLTIMO;2023-01-01;2023-09-30;Lucros ou Prejuízos Acumulados;5.05.02;Outros Resultados Abrangentes;-2327619.0;S
09.305.994/0001-29;2023-09-30;2;AZUL S.A.;24112;DF Consolidado - Demonstração das Mutações do Patrimônio Líquido;REAL;MIL;PENÚLTIMO;2022-01-01;2022-09-30;Outros Resultados Abrangentes;5.05.02;Outros Resultados Abrangentes;0.0;S
09.305.994/0001-29;2023-09-30;2;AZUL S.A.;24112;DF Consolidado - Demonstração das Mutações do Patrimônio Líquido;REAL;MIL;ÚLTIMO;2023-01-01;2023-09-30;Outros Resultados Abrangentes;5.05.02;Outros Resultados Abrangentes;0.0;S
09.305.994/0001-29;2023-09-30;2;AZUL S.A.;24112;DF Consolidado - Demonstração das Mutações do Patrimônio Líquido;REAL;MIL;PENÚLTIMO;2022-01-01;2022-09-30;Patrimônio Líquido;5.05.02;Outros Resultados Abrangentes;-1828420.0;S
09.305.994/0001-29;2023-09-30;2;AZUL S.A.;24112;DF Consolidado - Demonstração das Mutações do Patrimônio Líquido;REAL;MIL;ÚLTIMO;2023-01-01;2023-09-30;Patrimônio Líquido;5.05.02;Outros Resultados Abrangentes;-2327619.0;S
09.305.994/0001-29;2023-09-30;2;AZUL S.A.;24112;DF Consolidado - Demonstração das Mutações do Patrimônio Líquido;REAL;MIL;PENÚLTIMO;2022-01-01;2022-09-30;Participação dos Não Controladores;5.05.02;Outros Resultados Abrangentes;0.0;S
09.305.994/0001-29;2023-09-30;2;AZUL S.A.;24112;DF Consolidado - Demonstração das Mutações do Patrimônio Líquido;REAL;MIL;ÚLTIMO;2023-01-01;2023-09-30;Participação dos Não Controladores;5.05.02;Outros Resultados Abrangentes;0.0;S
09.305.994/0001-29;2023-09-30;2;AZUL S.A.;24112;DF Consolidado - Demonstração das Mutações do Patrimônio Líquido;REAL;MIL;PENÚLTIMO;2022-01-01;2022-09-30;Patrimônio Líquido Consolidado;5.05.02;Outros Resultados Abrangentes;-1828420.0;S
09.305.994/0001-29;2023-09-30;2;AZUL S.A.;24112;DF Consolidado - Demonstração das Mutações do Patrimônio Líquido;REAL;MIL;ÚLTIMO;2023-01-01;2023-09-30;Patrimônio Líquido Consolidado;5.05.02;Outros Resultados Abrangentes;-2327619.0;S
09.305.994/0001-29;2023-09-30;2;AZUL S.A.;24112;DF Consolidado - Demonstração das Mutações do Patrimônio Líquido;REAL;MIL;PENÚLTIMO;2022-01-01;2022-09-30;Capital Social Integralizado;5.05.02.01;Ajustes de Instrumentos Financeiros;0.0;S
09.305.994/0001-29;2023-09-30;2;AZUL S.A.;24112;DF Consolidado - Demonstração das Mutações do Patrimônio Líquido;REAL;MIL;ÚLTIMO;2023-01-01;2023-09-30;Capital Social Integralizado;5.05.02.01;Ajustes de Instrumentos Financeiros;0.0;S
09.305.994/0001-29;2023-09-30;2;AZUL S.A.;24112;DF Consolidado - Demonstração das Mutações do Patrimônio Líquido;REAL;MIL;PENÚLTIMO;2022-01-01;2022-09-30;Reservas de Capital, Opções Outorgadas e Ações em Tesouraria;5.05.02.01;Ajustes de Instrumentos Financeiros;0.0;S
09.305.994/0001-29;2023-09-30;2;AZUL S.A.;24112;DF Consolidado - Demonstração das Mutações do Patrimônio Líquido;REAL;MIL;ÚLTIMO;2023-01-01;2023-09-30;Reservas de Capital, Opções Outorgadas e Ações em Tesouraria;5.05.02.01;Ajustes de Instrumentos Financeiros;0.0;S
09.305.994/0001-29;2023-09-30;2;AZUL S.A.;24112;DF Consolidado - Demonstração das Mutações do Patrimônio Líquido;REAL;MIL;PENÚLTIMO;2022-01-01;2022-09-30;Reservas de Lucro;5.05.02.01;Ajustes de Instrumentos Financeiros;0.0;S
09.305.994/0001-29;2023-09-30;2;AZUL S.A.;24112;DF Consolidado - Demonstração das Mutações do Patrimônio Líquido;REAL;MIL;ÚLTIMO;2023-01-01;2023-09-30;Reservas de Lucro;5.05.02.01;Ajustes de Instrumentos Financeiros;0.0;S
09.305.994/0001-29;2023-09-30;2;AZUL S.A.;24112;DF Consolidado - Demonstração das Mutações do Patrimônio Líquido;REAL;MIL;PENÚLTIMO;2022-01-01;2022-09-30;Lucros ou Prejuízos Acumulados;5.05.02.01;Ajustes de Instrumentos Financeiros;0.0;S
09.305.994/0001-29;2023-09-30;2;AZUL S.A.;24112;DF Consolidado - Demonstração das Mutações do Patrimônio Líquido;REAL;MIL;ÚLTIMO;2023-01-01;2023-09-30;Lucros ou Prejuízos Acumulados;5.05.02.01;Ajustes de Instrumentos Financeiros;0.0;S
09.305.994/0001-29;2023-09-30;2;AZUL S.A.;24112;DF Consolidado - Demonstração das Mutações do Patrimônio Líquido;REAL;MIL;PENÚLTIMO;2022-01-01;2022-09-30;Outros Resultados Abrangentes;5.05.02.01;Ajustes de Instrumentos Financeiros;0.0;S
09.305.994/0001-29;2023-09-30;2;AZUL S.A.;24112;DF Consolidado - Demonstração das Mutações do Patrimônio Líquido;REAL;MIL;ÚLTIMO;2023-01-01;2023-09-30;Outros Resultados Abrangentes;5.05.02.01;Ajustes de Instrumentos Financeiros;0.0;S
09.305.994/0001-29;2023-09-30;2;AZUL S.A.;24112;DF Consolidado - Demonstração das Mutações do Patrimônio Líquido;REAL;MIL;PENÚLTIMO;2022-01-01;2022-09-30;Patrimônio Líquido;5.05.02.01;Ajustes de Instrumentos Financeiros;0.0;S
09.305.994/0001-29;2023-09-30;2;AZUL S.A.;24112;DF Consolidado - Demonstração das Mutações do Patrimônio Líquido;REAL;MIL;ÚLTIMO;2023-01-01;2023-09-30;Patrimônio Líquido;5.05.02.01;Ajustes de Instrumentos Financeiros;0.0;S
09.305.994/0001-29;2023-09-30;2;AZUL S.A.;24112;DF Consolidado - Demonstração das Mutações do Patrimônio Líquido;REAL;MIL;PENÚLTIMO;2022-01-01;2022-09-30;Participação dos Não Controladores;5.05.02.01;Ajustes de Instrumentos Financeiros;0.0;S
09.305.994/0001-29;2023-09-30;2;AZUL S.A.;24112;DF Consolidado - Demonstração das Mutações do Patrimônio Líquido;REAL;MIL;ÚLTIMO;2023-01-01;2023-09-30;Participação dos Não Controladores;5.05.02.01;Ajustes de Instrumentos Financeiros;0.0;S
09.305.994/0001-29;2023-09-30;2;AZUL S.A.;24112;DF Consolidado - Demonstração das Mutações do Patrimônio Líquido;REAL;MIL;PENÚLTIMO;2022-01-01;2022-09-30;Patrimônio Líquido Consolidado;5.05.02.01;Ajustes de Instrumentos Financeiros;0.0;S
09.305.994/0001-29;2023-09-30;2;AZUL S.A.;24112;DF Consolidado - Demonstração das Mutações do Patrimônio Líquido;REAL;MIL;ÚLTIMO;2023-01-01;2023-09-30;Patrimônio Líquido Consolidado;5.05.02.01;Ajustes de Instrumentos Financeiros;0.0;S
09.305.994/0001-29;2023-09-30;2;AZUL S.A.;24112;DF Consolidado - Demonstração das Mutações do Patrimônio Líquido;REAL;MIL;PENÚLTIMO;2022-01-01;2022-09-30;Capital Social Integralizado;5.05.02.02;Tributos s/ Ajustes Instrumentos Financeiros;0.0;S
09.305.994/0001-29;2023-09-30;2;AZUL S.A.;24112;DF Consolidado - Demonstração das Mutações do Patrimônio Líquido;REAL;MIL;ÚLTIMO;2023-01-01;2023-09-30;Capital Social Integralizado;5.05.02.02;Tributos s/ Ajustes Instrumentos Financeiros;0.0;S
09.305.994/0001-29;2023-09-30;2;AZUL S.A.;24112;DF Consolidado - Demonstração das Mutações do Patrimônio Líquido;REAL;MIL;PENÚLTIMO;2022-01-01;2022-09-30;Reservas de Capital, Opções Outorgadas e Ações em Tesouraria;5.05.02.02;Tributos s/ Ajustes Instrumentos Financeiros;0.0;S
09.305.994/0001-29;2023-09-30;2;AZUL S.A.;24112;DF Consolidado - Demonstração das Mutações do Patrimônio Líquido;REAL;MIL;ÚLTIMO;2023-01-01;2023-09-30;Reservas de Capital, Opções Outorgadas e Ações em Tesouraria;5.05.02.02;Tributos s/ Ajustes Instrumentos Financeiros;0.0;S
09.305.994/0001-29;2023-09-30;2;AZUL S.A.;24112;DF Consolidado - Demonstração das Mutações do Patrimônio Líquido;REAL;MIL;PENÚLTIMO;2022-01-01;2022-09-30;Reservas de Lucro;5.05.02.02;Tributos s/ Ajustes Instrumentos Financeiros;0.0;S
09.305.994/0001-29;2023-09-30;2;AZUL S.A.;24112;DF Consolidado - Demonstração das Mutações do Patrimônio Líquido;REAL;MIL;ÚLTIMO;2023-01-01;2023-09-30;Reservas de Lucro;5.05.02.02;Tributos s/ Ajustes Instrumentos Financeiros;0.0;S
09.305.994/0001-29;2023-09-30;2;AZUL S.A.;24112;DF Consolidado - Demonstração das Mutações do Patrimônio Líquido;REAL;MIL;PENÚLTIMO;2022-01-01;2022-09-30;Lucros ou Prejuízos Acumulados;5.05.02.02;Tributos s/ Ajustes Instrumentos Financeiros;0.0;S
09.305.994/0001-29;2023-09-30;2;AZUL S.A.;24112;DF Consolidado - Demonstração das Mutações do Patrimônio Líquido;REAL;MIL;ÚLTIMO;2023-01-01;2023-09-30;Lucros ou Prejuízos Acumulados;5.05.02.02;Tributos s/ Ajustes Instrumentos Financeiros;0.0;S
09.305.994/0001-29;2023-09-30;2;AZUL S.A.;24112;DF Consolidado - Demonstração das Mutações do Patrimônio Líquido;REAL;MIL;PENÚLTIMO;2022-01-01;2022-09-30;Outros Resultados Abrangentes;5.05.02.02;Tributos s/ Ajustes Instrumentos Financeiros;0.0;S
09.305.994/0001-29;2023-09-30;2;AZUL S.A.;24112;DF Consolidado - Demonstração das Mutações do Patrimônio Líquido;REAL;MIL;ÚLTIMO;2023-01-01;2023-09-30;Outros Resultados Abrangentes;5.05.02.02;Tributos s/ Ajustes Instrumentos Financeiros;0.0;S
09.305.994/0001-29;2023-09-30;2;AZUL S.A.;24112;DF Consolidado - Demonstração das Mutações do Patrimônio Líquido;REAL;MIL;PENÚLTIMO;2022-01-01;2022-09-30;Patrimônio Líquido;5.05.02.02;Tributos s/ Ajustes Instrumentos Financeiros;0.0;S
09.305.994/0001-29;2023-09-30;2;AZUL S.A.;24112;DF Consolidado - Demonstração das Mutações do Patrimônio Líquido;REAL;MIL;ÚLTIMO;2023-01-01;2023-09-30;Patrimônio Líquido;5.05.02.02;Tributos s/ Ajustes Instrumentos Financeiros;0.0;S
09.305.994/0001-29;2023-09-30;2;AZUL S.A.;24112;DF Consolidado - Demonstração das Mutações do Patrimônio Líquido;REAL;MIL;PENÚLTIMO;2022-01-01;2022-09-30;Participação dos Não Controladores;5.05.02.02;Tributos s/ Ajustes Instrumentos Financeiros;0.0;S
09.305.994/0001-29;2023-09-30;2;AZUL S.A.;24112;DF Consolidado - Demonstração das Mutações do Patrimônio Líquido;REAL;MIL;ÚLTIMO;2023-01-01;2023-09-30;Participação dos Não Controladores;5.05.02.02;Tributos s/ Ajustes Instrumentos Financeiros;0.0;S
09.305.994/0001-29;2023-09-30;2;AZUL S.A.;24112;DF Consolidado - Demonstração das Mutações do Patrimônio Líquido;REAL;MIL;PENÚLTIMO;2022-01-01;2022-09-30;Patrimônio Líquido Consolidado;5.05.02.02;Tributos s/ Ajustes Instrumentos Financeiros;0.0;S
09.305.994/0001-29;2023-09-30;2;AZUL S.A.;24112;DF Consolidado - Demonstração das Mutações do Patrimônio Líquido;REAL;MIL;ÚLTIMO;2023-01-01;2023-09-30;Patrimônio Líquido Consolidado;5.05.02.02;Tributos s/ Ajustes Instrumentos Financeiros;0.0;S
09.305.994/0001-29;2023-09-30;2;AZUL S.A.;24112;DF Consolidado - Demonstração das Mutações do Patrimônio Líquido;REAL;MIL;PENÚLTIMO;2022-01-01;2022-09-30;Capital Social Integralizado;5.05.02.03;Equiv. Patrim. s/Result. Abrang. Coligadas;0.0;S
09.305.994/0001-29;2023-09-30;2;AZUL S.A.;24112;DF Consolidado - Demonstração das Mutações do Patrimônio Líquido;REAL;MIL;ÚLTIMO;2023-01-01;2023-09-30;Capital Social Integralizado;5.05.02.03;Equiv. Patrim. s/Result. Abrang. Coligadas;0.0;S
09.305.994/0001-29;2023-09-30;2;AZUL S.A.;24112;DF Consolidado - Demonstração das Mutações do Patrimônio Líquido;REAL;MIL;PENÚLTIMO;2022-01-01;2022-09-30;Reservas de Capital, Opções Outorgadas e Ações em Tesouraria;5.05.02.03;Equiv. Patrim. s/Result. Abrang. Coligadas;0.0;S
09.305.994/0001-29;2023-09-30;2;AZUL S.A.;24112;DF Consolidado - Demonstração das Mutações do Patrimônio Líquido;REAL;MIL;ÚLTIMO;2023-01-01;2023-09-30;Reservas de Capital, Opções Outorgadas e Ações em Tesouraria;5.05.02.03;Equiv. Patrim. s/Result. Abrang. Coligadas;0.0;S
09.305.994/0001-29;2023-09-30;2;AZUL S.A.;24112;DF Consolidado - Demonstração das Mutações do Patrimônio Líquido;REAL;MIL;PENÚLTIMO;2022-01-01;2022-09-30;Reservas de Lucro;5.05.02.03;Equiv. Patrim. s/Result. Abrang. Coligadas;0.0;S
09.305.994/0001-29;2023-09-30;2;AZUL S.A.;24112;DF Consolidado - Demonstração das Mutações do Patrimônio Líquido;REAL;MIL;ÚLTIMO;2023-01-01;2023-09-30;Reservas de Lucro;5.05.02.03;Equiv. Patrim. s/Result. Abrang. Coligadas;0.0;S
09.305.994/0001-29;2023-09-30;2;AZUL S.A.;24112;DF Consolidado - Demonstração das Mutações do Patrimônio Líquido;REAL;MIL;PENÚLTIMO;2022-01-01;2022-09-30;Lucros ou Prejuízos Acumulados;5.05.02.03;Equiv. Patrim. s/Result. Abrang. Coligadas;0.0;S
09.305.994/0001-29;2023-09-30;2;AZUL S.A.;24112;DF Consolidado - Demonstração das Mutações do Patrimônio Líquido;REAL;MIL;ÚLTIMO;2023-01-01;2023-09-30;Lucros ou Prejuízos Acumulados;5.05.02.03;Equiv. Patrim. s/Result. Abrang. Coligadas;0.0;S
09.305.994/0001-29;2023-09-30;2;AZUL S.A.;24112;DF Consolidado - Demonstração das Mutações do Patrimônio Líquido;REAL;MIL;PENÚLTIMO;2022-01-01;2022-09-30;Outros Resultados Abrangentes;5.05.02.03;Equiv. Patrim. s/Result. Abrang. Coligadas;0.0;S
09.305.994/0001-29;2023-09-30;2;AZUL S.A.;24112;DF Consolidado - Demonstração das Mutações do Patrimônio Líquido;REAL;MIL;ÚLTIMO;2023-01-01;2023-09-30;Outros Resultados Abrangentes;5.05.02.03;Equiv. Patrim. s/Result. Abrang. Coligadas;0.0;S
09.305.994/0001-29;2023-09-30;2;AZUL S.A.;24112;DF Consolidado - Demonstração das Mutações do Patrimônio Líquido;REAL;MIL;PENÚLTIMO;2022-01-01;2022-09-30;Patrimônio Líquido;5.05.02.03;Equiv. Patrim. s/Result. Abrang. Coligadas;0.0;S
09.305.994/0001-29;2023-09-30;2;AZUL S.A.;24112;DF Consolidado - Demonstração das Mutações do Patrimônio Líquido;REAL;MIL;ÚLTIMO;2023-01-01;2023-09-30;Patrimônio Líquido;5.05.02.03;Equiv. Patrim. s/Result. Abrang. Coligadas;0.0;S
09.305.994/0001-29;2023-09-30;2;AZUL S.A.;24112;DF Consolidado - Demonstração das Mutações do Patrimônio Líquido;REAL;MIL;PENÚLTIMO;2022-01-01;2022-09-30;Participação dos Não Controladores;5.05.02.03;Equiv. Patrim. s/Result. Abrang. Coligadas;0.0;S
09.305.994/0001-29;2023-09-30;2;AZUL S.A.;24112;DF Consolidado - Demonstração das Mutações do Patrimônio Líquido;REAL;MIL;ÚLTIMO;2023-01-01;2023-09-30;Participação dos Não Controladores;5.05.02.03;Equiv. Patrim. s/Result. Abrang. Coligadas;0.0;S
09.305.994/0001-29;2023-09-30;2;AZUL S.A.;24112;DF Consolidado - Demonstração das Mutações do Patrimônio Líquido;REAL;MIL;PENÚLTIMO;2022-01-01;2022-09-30;Patrimônio Líquido Consolidado;5.05.02.03;Equiv. Patrim. s/Result. Abrang. Coligadas;0.0;S
09.305.994/0001-29;2023-09-30;2;AZUL S.A.;24112;DF Consolidado - Demonstração das Mutações do Patrimônio Líquido;REAL;MIL;ÚLTIMO;2023-01-01;2023-09-30;Patrimônio Líquido Consolidado;5.05.02.03;Equiv. Patrim. s/Result. Abrang. Coligadas;0.0;S
09.305.994/0001-29;2023-09-30;2;AZUL S.A.;24112;DF Consolidado - Demonstração das Mutações do Patrimônio Líquido;REAL;MIL;PENÚLTIMO;2022-01-01;2022-09-30;Capital Social Integralizado;5.05.02.04;Ajustes de Conversão do Período;0.0;S
09.305.994/0001-29;2023-09-30;2;AZUL S.A.;24112;DF Consolidado - Demonstração das Mutações do Patrimônio Líquido;REAL;MIL;ÚLTIMO;2023-01-01;2023-09-30;Capital Social Integralizado;5.05.02.04;Ajustes de Conversão do Período;0.0;S
09.305.994/0001-29;2023-09-30;2;AZUL S.A.;24112;DF Consolidado - Demonstração das Mutações do Patrimônio Líquido;REAL;MIL;PENÚLTIMO;2022-01-01;2022-09-30;Reservas de Capital, Opções Outorgadas e Ações em Tesouraria;5.05.02.04;Ajustes de Conversão do Período;0.0;S
09.305.994/0001-29;2023-09-30;2;AZUL S.A.;24112;DF Consolidado - Demonstração das Mutações do Patrimônio Líquido;REAL;MIL;ÚLTIMO;2023-01-01;2023-09-30;Reservas de Capital, Opções Outorgadas e Ações em Tesouraria;5.05.02.04;Ajustes de Conversão do Período;0.0;S
09.305.994/0001-29;2023-09-30;2;AZUL S.A.;24112;DF Consolidado - Demonstração das Mutações do Patrimônio Líquido;REAL;MIL;PENÚLTIMO;2022-01-01;2022-09-30;Reservas de Lucro;5.05.02.04;Ajustes de Conversão do Período;0.0;S
09.305.994/0001-29;2023-09-30;2;AZUL S.A.;24112;DF Consolidado - Demonstração das Mutações do Patrimônio Líquido;REAL;MIL;ÚLTIMO;2023-01-01;2023-09-30;Reservas de Lucro;5.05.02.04;Ajustes de Conversão do Período;0.0;S
09.305.994/0001-29;2023-09-30;2;AZUL S.A.;24112;DF Consolidado - Demonstração das Mutações do Patrimônio Líquido;REAL;MIL;PENÚLTIMO;2022-01-01;2022-09-30;Lucros ou Prejuízos Acumulados;5.05.02.04;Ajustes de Conversão do Período;0.0;S
09.305.994/0001-29;2023-09-30;2;AZUL S.A.;24112;DF Consolidado - Demonstração das Mutações do Patrimônio Líquido;REAL;MIL;ÚLTIMO;2023-01-01;2023-09-30;Lucros ou Prejuízos Acumulados;5.05.02.04;Ajustes de Conversão do Período;0.0;S
09.305.994/0001-29;2023-09-30;2;AZUL S.A.;24112;DF Consolidado - Demonstração das Mutações do Patrimônio Líquido;REAL;MIL;PENÚLTIMO;2022-01-01;2022-09-30;Outros Resultados Abrangentes;5.05.02.04;Ajustes de Conversão do Período;0.0;S
09.305.994/0001-29;2023-09-30;2;AZUL S.A.;24112;DF Consolidado - Demonstração das Mutações do Patrimônio Líquido;REAL;MIL;ÚLTIMO;2023-01-01;2023-09-30;Outros Resultados Abrangentes;5.05.02.04;Ajustes de Conversão do Período;0.0;S
09.305.994/0001-29;2023-09-30;2;AZUL S.A.;24112;DF Consolidado - Demonstração das Mutações do Patrimônio Líquido;REAL;MIL;PENÚLTIMO;2022-01-01;2022-09-30;Patrimônio Líquido;5.05.02.04;Ajustes de Conversão do Período;0.0;S
09.305.994/0001-29;2023-09-30;2;AZUL S.A.;24112;DF Consolidado - Demonstração das Mutações do Patrimônio Líquido;REAL;MIL;ÚLTIMO;2023-01-01;2023-09-30;Patrimônio Líquido;5.05.02.04;Ajustes de Conversão do Período;0.0;S
09.305.994/0001-29;2023-09-30;2;AZUL S.A.;24112;DF Consolidado - Demonstração das Mutações do Patrimônio Líquido;REAL;MIL;PENÚLTIMO;2022-01-01;2022-09-30;Participação dos Não Controladores;5.05.02.04;Ajustes de Conversão do Período;0.0;S
09.305.994/0001-29;2023-09-30;2;AZUL S.A.;24112;DF Consolidado - Demonstração das Mutações do Patrimônio Líquido;REAL;MIL;ÚLTIMO;2023-01-01;2023-09-30;Participação dos Não Controladores;5.05.02.04;Ajustes de Conversão do Período;0.0;S
09.305.994/0001-29;2023-09-30;2;AZUL S.A.;24112;DF Consolidado - Demonstração das Mutações do Patrimônio Líquido;REAL;MIL;PENÚLTIMO;2022-01-01;2022-09-30;Patrimônio Líquido Consolidado;5.05.02.04;Ajustes de Conversão do Período;0.0;S
09.305.994/0001-29;2023-09-30;2;AZUL S.A.;24112;DF Consolidado - Demonstração das Mutações do Patrimônio Líquido;REAL;MIL;ÚLTIMO;2023-01-01;2023-09-30;Patrimônio Líquido Consolidado;5.05.02.04;Ajustes de Conversão do Período;0.0;S
09.305.994/0001-29;2023-09-30;2;AZUL S.A.;24112;DF Consolidado - Demonstração das Mutações do Patrimônio Líquido;REAL;MIL;PENÚLTIMO;2022-01-01;2022-09-30;Capital Social Integralizado;5.05.02.05;Tributos s/ Ajustes de Conversão do Período;0.0;S
09.305.994/0001-29;2023-09-30;2;AZUL S.A.;24112;DF Consolidado - Demonstração das Mutações do Patrimônio Líquido;REAL;MIL;ÚLTIMO;2023-01-01;2023-09-30;Capital Social Integralizado;5.05.02.05;Tributos s/ Ajustes de Conversão do Período;0.0;S
09.305.994/0001-29;2023-09-30;2;AZUL S.A.;24112;DF Consolidado - Demonstração das Mutações do Patrimônio Líquido;REAL;MIL;PENÚLTIMO;2022-01-01;2022-09-30;Reservas de Capital, Opções Outorgadas e Ações em Tesouraria;5.05.02.05;Tributos s/ Ajustes de Conversão do Período;0.0;S
09.305.994/0001-29;2023-09-30;2;AZUL S.A.;24112;DF Consolidado - Demonstração das Mutações do Patrimônio Líquido;REAL;MIL;ÚLTIMO;2023-01-01;2023-09-30;Reservas de Capital, Opções Outorgadas e Ações em Tesouraria;5.05.02.05;Tributos s/ Ajustes de Conversão do Período;0.0;S
09.305.994/0001-29;2023-09-30;2;AZUL S.A.;24112;DF Consolidado - Demonstração das Mutações do Patrimônio Líquido;REAL;MIL;PENÚLTIMO;2022-01-01;2022-09-30;Reservas de Lucro;5.05.02.05;Tributos s/ Ajustes de Conversão do Período;0.0;S
09.305.994/0001-29;2023-09-30;2;AZUL S.A.;24112;DF Consolidado - Demonstração das Mutações do Patrimônio Líquido;REAL;MIL;ÚLTIMO;2023-01-01;2023-09-30;Reservas de Lucro;5.05.02.05;Tributos s/ Ajustes de Conversão do Período;0.0;S
09.305.994/0001-29;2023-09-30;2;AZUL S.A.;24112;DF Consolidado - Demonstração das Mutações do Patrimônio Líquido;REAL;MIL;PENÚLTIMO;2022-01-01;2022-09-30;Lucros ou Prejuízos Acumulados;5.05.02.05;Tributos s/ Ajustes de Conversão do Período;0.0;S
09.305.994/0001-29;2023-09-30;2;AZUL S.A.;24112;DF Consolidado - Demonstração das Mutações do Patrimônio Líquido;REAL;MIL;ÚLTIMO;2023-01-01;2023-09-30;Lucros ou Prejuízos Acumulados;5.05.02.05;Tributos s/ Ajustes de Conversão do Período;0.0;S
09.305.994/0001-29;2023-09-30;2;AZUL S.A.;24112;DF Consolidado - Demonstração das Mutações do Patrimônio Líquido;REAL;MIL;PENÚLTIMO;2022-01-01;2022-09-30;Outros Resultados Abrangentes;5.05.02.05;Tributos s/ Ajustes de Conversão do Período;0.0;S
09.305.994/0001-29;2023-09-30;2;AZUL S.A.;24112;DF Consolidado - Demonstração das Mutações do Patrimônio Líquido;REAL;MIL;ÚLTIMO;2023-01-01;2023-09-30;Outros Resultados Abrangentes;5.05.02.05;Tributos s/ Ajustes de Conversão do Período;0.0;S
09.305.994/0001-29;2023-09-30;2;AZUL S.A.;24112;DF Consolidado - Demonstração das Mutações do Patrimônio Líquido;REAL;MIL;PENÚLTIMO;2022-01-01;2022-09-30;Patrimônio Líquido;5.05.02.05;Tributos s/ Ajustes de Conversão do Período;0.0;S
09.305.994/0001-29;2023-09-30;2;AZUL S.A.;24112;DF Consolidado - Demonstração das Mutações do Patrimônio Líquido;REAL;MIL;ÚLTIMO;2023-01-01;2023-09-30;Patrimônio Líquido;5.05.02.05;Tributos s/ Ajustes de Conversão do Período;0.0;S
09.305.994/0001-29;2023-09-30;2;AZUL S.A.;24112;DF Consolidado - Demonstração das Mutações do Patrimônio Líquido;REAL;MIL;PENÚLTIMO;2022-01-01;2022-09-30;Participação dos Não Controladores;5.05.02.05;Tributos s/ Ajustes de Conversão do Período;0.0;S
09.305.994/0001-29;2023-09-30;2;AZUL S.A.;24112;DF Consolidado - Demonstração das Mutações do Patrimônio Líquido;REAL;MIL;ÚLTIMO;2023-01-01;2023-09-30;Participação dos Não Controladores;5.05.02.05;Tributos s/ Ajustes de Conversão do Período;0.0;S
09.305.994/0001-29;2023-09-30;2;AZUL S.A.;24112;DF Consolidado - Demonstração das Mutações do Patrimônio Líquido;REAL;MIL;PENÚLTIMO;2022-01-01;2022-09-30;Patrimônio Líquido Consolidado;5.05.02.05;Tributos s/ Ajustes de Conversão do Período;0.0;S
09.305.994/0001-29;2023-09-30;2;AZUL S.A.;24112;DF Consolidado - Demonstração das Mutações do Patrimônio Líquido;REAL;MIL;ÚLTIMO;2023-01-01;2023-09-30;Patrimônio Líquido Consolidado;5.05.02.05;Tributos s/ Ajustes de Conversão do Período;0.0;S
09.305.994/0001-29;2023-09-30;2;AZUL S.A.;24112;DF Consolidado - Demonstração das Mutações do Patrimônio Líquido;REAL;MIL;PENÚLTIMO;2022-01-01;2022-09-30;Capital Social Integralizado;5.05.03;Reclassificações para o Resultado;0.0;S
09.305.994/0001-29;2023-09-30;2;AZUL S.A.;24112;DF Consolidado - Demonstração das Mutações do Patrimônio Líquido;REAL;MIL;ÚLTIMO;2023-01-01;2023-09-30;Capital Social Integralizado;5.05.03;Reclassificações para o Resultado;0.0;S
09.305.994/0001-29;2023-09-30;2;AZUL S.A.;24112;DF Consolidado - Demonstração das Mutações do Patrimônio Líquido;REAL;MIL;PENÚLTIMO;2022-01-01;2022-09-30;Reservas de Capital, Opções Outorgadas e Ações em Tesouraria;5.05.03;Reclassificações para o Resultado;0.0;S
09.305.994/0001-29;2023-09-30;2;AZUL S.A.;24112;DF Consolidado - Demonstração das Mutações do Patrimônio Líquido;REAL;MIL;ÚLTIMO;2023-01-01;2023-09-30;Reservas de Capital, Opções Outorgadas e Ações em Tesouraria;5.05.03;Reclassificações para o Resultado;0.0;S
09.305.994/0001-29;2023-09-30;2;AZUL S.A.;24112;DF Consolidado - Demonstração das Mutações do Patrimônio Líquido;REAL;MIL;PENÚLTIMO;2022-01-01;2022-09-30;Reservas de Lucro;5.05.03;Reclassificações para o Resultado;0.0;S
09.305.994/0001-29;2023-09-30;2;AZUL S.A.;24112;DF Consolidado - Demonstração das Mutações do Patrimônio Líquido;REAL;MIL;ÚLTIMO;2023-01-01;2023-09-30;Reservas de Lucro;5.05.03;Reclassificações para o Resultado;0.0;S
09.305.994/0001-29;2023-09-30;2;AZUL S.A.;24112;DF Consolidado - Demonstração das Mutações do Patrimônio Líquido;REAL;MIL;PENÚLTIMO;2022-01-01;2022-09-30;Lucros ou Prejuízos Acumulados;5.05.03;Reclassificações para o Resultado;0.0;S
09.305.994/0001-29;2023-09-30;2;AZUL S.A.;24112;DF Consolidado - Demonstração das Mutações do Patrimônio Líquido;REAL;MIL;ÚLTIMO;2023-01-01;2023-09-30;Lucros ou Prejuízos Acumulados;5.05.03;Reclassificações para o Resultado;0.0;S
09.305.994/0001-29;2023-09-30;2;AZUL S.A.;24112;DF Consolidado - Demonstração das Mutações do Patrimônio Líquido;REAL;MIL;PENÚLTIMO;2022-01-01;2022-09-30;Outros Resultados Abrangentes;5.05.03;Reclassificações para o Resultado;0.0;S
09.305.994/0001-29;2023-09-30;2;AZUL S.A.;24112;DF Consolidado - Demonstração das Mutações do Patrimônio Líquido;REAL;MIL;ÚLTIMO;2023-01-01;2023-09-30;Outros Resultados Abrangentes;5.05.03;Reclassificações para o Resultado;0.0;S
09.305.994/0001-29;2023-09-30;2;AZUL S.A.;24112;DF Consolidado - Demonstração das Mutações do Patrimônio Líquido;REAL;MIL;PENÚLTIMO;2022-01-01;2022-09-30;Patrimônio Líquido;5.05.03;Reclassificações para o Resultado;0.0;S
09.305.994/0001-29;2023-09-30;2;AZUL S.A.;24112;DF Consolidado - Demonstração das Mutações do Patrimônio Líquido;REAL;MIL;ÚLTIMO;2023-01-01;2023-09-30;Patrimônio Líquido;5.05.03;Reclassificações para o Resultado;0.0;S
09.305.994/0001-29;2023-09-30;2;AZUL S.A.;24112;DF Consolidado - Demonstração das Mutações do Patrimônio Líquido;REAL;MIL;PENÚLTIMO;2022-01-01;2022-09-30;Participação dos Não Controladores;5.05.03;Reclassificações para o Resultado;0.0;S
09.305.994/0001-29;2023-09-30;2;AZUL S.A.;24112;DF Consolidado - Demonstração das Mutações do Patrimônio Líquido;REAL;MIL;ÚLTIMO;2023-01-01;2023-09-30;Participação dos Não Controladores;5.05.03;Reclassificações para o Resultado;0.0;S
09.305.994/0001-29;2023-09-30;2;AZUL S.A.;24112;DF Consolidado - Demonstração das Mutações do Patrimônio Líquido;REAL;MIL;PENÚLTIMO;2022-01-01;2022-09-30;Patrimônio Líquido Consolidado;5.05.03;Reclassificações para o Resultado;0.0;S
09.305.994/0001-29;2023-09-30;2;AZUL S.A.;24112;DF Consolidado - Demonstração das Mutações do Patrimônio Líquido;REAL;MIL;ÚLTIMO;2023-01-01;2023-09-30;Patrimônio Líquido Consolidado;5.05.03;Reclassificações para o Resultado;0.0;S
09.305.994/0001-29;2023-09-30;2;AZUL S.A.;24112;DF Consolidado - Demonstração das Mutações do Patrimônio Líquido;REAL;MIL;PENÚLTIMO;2022-01-01;2022-09-30;Capital Social Integralizado;5.05.03.01;Ajustes de Instrumentos Financeiros;0.0;S
09.305.994/0001-29;2023-09-30;2;AZUL S.A.;24112;DF Consolidado - Demonstração das Mutações do Patrimônio Líquido;REAL;MIL;ÚLTIMO;2023-01-01;2023-09-30;Capital Social Integralizado;5.05.03.01;Ajustes de Instrumentos Financeiros;0.0;S
09.305.994/0001-29;2023-09-30;2;AZUL S.A.;24112;DF Consolidado - Demonstração das Mutações do Patrimônio Líquido;REAL;MIL;PENÚLTIMO;2022-01-01;2022-09-30;Reservas de Capital, Opções Outorgadas e Ações em Tesouraria;5.05.03.01;Ajustes de Instrumentos Financeiros;0.0;S
09.305.994/0001-29;2023-09-30;2;AZUL S.A.;24112;DF Consolidado - Demonstração das Mutações do Patrimônio Líquido;REAL;MIL;ÚLTIMO;2023-01-01;2023-09-30;Reservas de Capital, Opções Outorgadas e Ações em Tesouraria;5.05.03.01;Ajustes de Instrumentos Financeiros;0.0;S
09.305.994/0001-29;2023-09-30;2;AZUL S.A.;24112;DF Consolidado - Demonstração das Mutações do Patrimônio Líquido;REAL;MIL;PENÚLTIMO;2022-01-01;2022-09-30;Reservas de Lucro;5.05.03.01;Ajustes de Instrumentos Financeiros;0.0;S
09.305.994/0001-29;2023-09-30;2;AZUL S.A.;24112;DF Consolidado - Demonstração das Mutações do Patrimônio Líquido;REAL;MIL;ÚLTIMO;2023-01-01;2023-09-30;Reservas de Lucro;5.05.03.01;Ajustes de Instrumentos Financeiros;0.0;S
09.305.994/0001-29;2023-09-30;2;AZUL S.A.;24112;DF Consolidado - Demonstração das Mutações do Patrimônio Líquido;REAL;MIL;PENÚLTIMO;2022-01-01;2022-09-30;Lucros ou Prejuízos Acumulados;5.05.03.01;Ajustes de Instrumentos Financeiros;0.0;S
09.305.994/0001-29;2023-09-30;2;AZUL S.A.;24112;DF Consolidado - Demonstração das Mutações do Patrimônio Líquido;REAL;MIL;ÚLTIMO;2023-01-01;2023-09-30;Lucros ou Prejuízos Acumulados;5.05.03.01;Ajustes de Instrumentos Financeiros;0.0;S
09.305.994/0001-29;2023-09-30;2;AZUL S.A.;24112;DF Consolidado - Demonstração das Mutações do Patrimônio Líquido;REAL;MIL;PENÚLTIMO;2022-01-01;2022-09-30;Outros Resultados Abrangentes;5.05.03.01;Ajustes de Instrumentos Financeiros;0.0;S
09.305.994/0001-29;2023-09-30;2;AZUL S.A.;24112;DF Consolidado - Demonstração das Mutações do Patrimônio Líquido;REAL;MIL;ÚLTIMO;2023-01-01;2023-09-30;Outros Resultados Abrangentes;5.05.03.01;Ajustes de Instrumentos Financeiros;0.0;S
09.305.994/0001-29;2023-09-30;2;AZUL S.A.;24112;DF Consolidado - Demonstração das Mutações do Patrimônio Líquido;REAL;MIL;PENÚLTIMO;2022-01-01;2022-09-30;Patrimônio Líquido;5.05.03.01;Ajustes de Instrumentos Financeiros;0.0;S
09.305.994/0001-29;2023-09-30;2;AZUL S.A.;24112;DF Consolidado - Demonstração das Mutações do Patrimônio Líquido;REAL;MIL;ÚLTIMO;2023-01-01;2023-09-30;Patrimônio Líquido;5.05.03.01;Ajustes de Instrumentos Financeiros;0.0;S
09.305.994/0001-29;2023-09-30;2;AZUL S.A.;24112;DF Consolidado - Demonstração das Mutações do Patrimônio Líquido;REAL;MIL;PENÚLTIMO;2022-01-01;2022-09-30;Participação dos Não Controladores;5.05.03.01;Ajustes de Instrumentos Financeiros;0.0;S
09.305.994/0001-29;2023-09-30;2;AZUL S.A.;24112;DF Consolidado - Demonstração das Mutações do Patrimônio Líquido;REAL;MIL;ÚLTIMO;2023-01-01;2023-09-30;Participação dos Não Controladores;5.05.03.01;Ajustes de Instrumentos Financeiros;0.0;S
09.305.994/0001-29;2023-09-30;2;AZUL S.A.;24112;DF Consolidado - Demonstração das Mutações do Patrimônio Líquido;REAL;MIL;PENÚLTIMO;2022-01-01;2022-09-30;Patrimônio Líquido Consolidado;5.05.03.01;Ajustes de Instrumentos Financeiros;0.0;S
09.305.994/0001-29;2023-09-30;2;AZUL S.A.;24112;DF Consolidado - Demonstração das Mutações do Patrimônio Líquido;REAL;MIL;ÚLTIMO;2023-01-01;2023-09-30;Patrimônio Líquido Consolidado;5.05.03.01;Ajustes de Instrumentos Financeiros;0.0;S
09.305.994/0001-29;2023-09-30;2;AZUL S.A.;24112;DF Consolidado - Demonstração das Mutações do Patrimônio Líquido;REAL;MIL;PENÚLTIMO;2022-01-01;2022-09-30;Capital Social Integralizado;5.06;Mutações Internas do Patrimônio Líquido;0.0;S
09.305.994/0001-29;2023-09-30;2;AZUL S.A.;24112;DF Consolidado - Demonstração das Mutações do Patrimônio Líquido;REAL;MIL;ÚLTIMO;2023-01-01;2023-09-30;Capital Social Integralizado;5.06;Mutações Internas do Patrimônio Líquido;0.0;S
09.305.994/0001-29;2023-09-30;2;AZUL S.A.;24112;DF Consolidado - Demonstração das Mutações do Patrimônio Líquido;REAL;MIL;PENÚLTIMO;2022-01-01;2022-09-30;Reservas de Capital, Opções Outorgadas e Ações em Tesouraria;5.06;Mutações Internas do Patrimônio Líquido;0.0;S
09.305.994/0001-29;2023-09-30;2;AZUL S.A.;24112;DF Consolidado - Demonstração das Mutações do Patrimônio Líquido;REAL;MIL;ÚLTIMO;2023-01-01;2023-09-30;Reservas de Capital, Opções Outorgadas e Ações em Tesouraria;5.06;Mutações Internas do Patrimônio Líquido;0.0;S
09.305.994/0001-29;2023-09-30;2;AZUL S.A.;24112;DF Consolidado - Demonstração das Mutações do Patrimônio Líquido;REAL;MIL;PENÚLTIMO;2022-01-01;2022-09-30;Reservas de Lucro;5.06;Mutações Internas do Patrimônio Líquido;0.0;S
09.305.994/0001-29;2023-09-30;2;AZUL S.A.;24112;DF Consolidado - Demonstração das Mutações do Patrimônio Líquido;REAL;MIL;ÚLTIMO;2023-01-01;2023-09-30;Reservas de Lucro;5.06;Mutações Internas do Patrimônio Líquido;0.0;S
09.305.994/0001-29;2023-09-30;2;AZUL S.A.;24112;DF Consolidado - Demonstração das Mutações do Patrimônio Líquido;REAL;MIL;PENÚLTIMO;2022-01-01;2022-09-30;Lucros ou Prejuízos Acumulados;5.06;Mutações Internas do Patrimônio Líquido;0.0;S
09.305.994/0001-29;2023-09-30;2;AZUL S.A.;24112;DF Consolidado - Demonstração das Mutações do Patrimônio Líquido;REAL;MIL;ÚLTIMO;2023-01-01;2023-09-30;Lucros ou Prejuízos Acumulados;5.06;Mutações Internas do Patrimônio Líquido;0.0;S
09.305.994/0001-29;2023-09-30;2;AZUL S.A.;24112;DF Consolidado - Demonstração das Mutações do Patrimônio Líquido;REAL;MIL;PENÚLTIMO;2022-01-01;2022-09-30;Outros Resultados Abrangentes;5.06;Mutações Internas do Patrimônio Líquido;0.0;S
09.305.994/0001-29;2023-09-30;2;AZUL S.A.;24112;DF Consolidado - Demonstração das Mutações do Patrimônio Líquido;REAL;MIL;ÚLTIMO;2023-01-01;2023-09-30;Outros Resultados Abrangentes;5.06;Mutações Internas do Patrimônio Líquido;0.0;S
09.305.994/0001-29;2023-09-30;2;AZUL S.A.;24112;DF Consolidado - Demonstração das Mutações do Patrimônio Líquido;REAL;MIL;PENÚLTIMO;2022-01-01;2022-09-30;Patrimônio Líquido;5.06;Mutações Internas do Patrimônio Líquido;0.0;S
09.305.994/0001-29;2023-09-30;2;AZUL S.A.;24112;DF Consolidado - Demonstração das Mutações do Patrimônio Líquido;REAL;MIL;ÚLTIMO;2023-01-01;2023-09-30;Patrimônio Líquido;5.06;Mutações Internas do Patrimônio Líquido;0.0;S
09.305.994/0001-29;2023-09-30;2;AZUL S.A.;24112;DF Consolidado - Demonstração das Mutações do Patrimônio Líquido;REAL;MIL;PENÚLTIMO;2022-01-01;2022-09-30;Participação dos Não Controladores;5.06;Mutações Internas do Patrimônio Líquido;0.0;S
09.305.994/0001-29;2023-09-30;2;AZUL S.A.;24112;DF Consolidado - Demonstração das Mutações do Patrimônio Líquido;REAL;MIL;ÚLTIMO;2023-01-01;2023-09-30;Participação dos Não Controladores;5.06;Mutações Internas do Patrimônio Líquido;0.0;S
09.305.994/0001-29;2023-09-30;2;AZUL S.A.;24112;DF Consolidado - Demonstração das Mutações do Patrimônio Líquido;REAL;MIL;PENÚLTIMO;2022-01-01;2022-09-30;Patrimônio Líquido Consolidado;5.06;Mutações Internas do Patrimônio Líquido;0.0;S
09.305.994/0001-29;2023-09-30;2;AZUL S.A.;24112;DF Consolidado - Demonstração das Mutações do Patrimônio Líquido;REAL;MIL;ÚLTIMO;2023-01-01;2023-09-30;Patrimônio Líquido Consolidado;5.06;Mutações Internas do Patrimônio Líquido;0.0;S
09.305.994/0001-29;2023-09-30;2;AZUL S.A.;24112;DF Consolidado - Demonstração das Mutações do Patrimônio Líquido;REAL;MIL;PENÚLTIMO;2022-01-01;2022-09-30;Capital Social Integralizado;5.06.01;Constituição de Reservas;0.0;S
09.305.994/0001-29;2023-09-30;2;AZUL S.A.;24112;DF Consolidado - Demonstração das Mutações do Patrimônio Líquido;REAL;MIL;ÚLTIMO;2023-01-01;2023-09-30;Capital Social Integralizado;5.06.01;Constituição de Reservas;0.0;S
09.305.994/0001-29;2023-09-30;2;AZUL S.A.;24112;DF Consolidado - Demonstração das Mutações do Patrimônio Líquido;REAL;MIL;PENÚLTIMO;2022-01-01;2022-09-30;Reservas de Capital, Opções Outorgadas e Ações em Tesouraria;5.06.01;Constituição de Reservas;0.0;S
09.305.994/0001-29;2023-09-30;2;AZUL S.A.;24112;DF Consolidado - Demonstração das Mutações do Patrimônio Líquido;REAL;MIL;ÚLTIMO;2023-01-01;2023-09-30;Reservas de Capital, Opções Outorgadas e Ações em Tesouraria;5.06.01;Constituição de Reservas;0.0;S
09.305.994/0001-29;2023-09-30;2;AZUL S.A.;24112;DF Consolidado - Demonstração das Mutações do Patrimônio Líquido;REAL;MIL;PENÚLTIMO;2022-01-01;2022-09-30;Reservas de Lucro;5.06.01;Constituição de Reservas;0.0;S
09.305.994/0001-29;2023-09-30;2;AZUL S.A.;24112;DF Consolidado - Demonstração das Mutações do Patrimônio Líquido;REAL;MIL;ÚLTIMO;2023-01-01;2023-09-30;Reservas de Lucro;5.06.01;Constituição de Reservas;0.0;S
09.305.994/0001-29;2023-09-30;2;AZUL S.A.;24112;DF Consolidado - Demonstração das Mutações do Patrimônio Líquido;REAL;MIL;PENÚLTIMO;2022-01-01;2022-09-30;Lucros ou Prejuízos Acumulados;5.06.01;Constituição de Reservas;0.0;S
09.305.994/0001-29;2023-09-30;2;AZUL S.A.;24112;DF Consolidado - Demonstração das Mutações do Patrimônio Líquido;REAL;MIL;ÚLTIMO;2023-01-01;2023-09-30;Lucros ou Prejuízos Acumulados;5.06.01;Constituição de Reservas;0.0;S
09.305.994/0001-29;2023-09-30;2;AZUL S.A.;24112;DF Consolidado - Demonstração das Mutações do Patrimônio Líquido;REAL;MIL;PENÚLTIMO;2022-01-01;2022-09-30;Outros Resultados Abrangentes;5.06.01;Constituição de Reservas;0.0;S
09.305.994/0001-29;2023-09-30;2;AZUL S.A.;24112;DF Consolidado - Demonstração das Mutações do Patrimônio Líquido;REAL;MIL;ÚLTIMO;2023-01-01;2023-09-30;Outros Resultados Abrangentes;5.06.01;Constituição de Reservas;0.0;S
09.305.994/0001-29;2023-09-30;2;AZUL S.A.;24112;DF Consolidado - Demonstração das Mutações do Patrimônio Líquido;REAL;MIL;PENÚLTIMO;2022-01-01;2022-09-30;Patrimônio Líquido;5.06.01;Constituição de Reservas;0.0;S
09.305.994/0001-29;2023-09-30;2;AZUL S.A.;24112;DF Consolidado - Demonstração das Mutações do Patrimônio Líquido;REAL;MIL;ÚLTIMO;2023-01-01;2023-09-30;Patrimônio Líquido;5.06.01;Constituição de Reservas;0.0;S
09.305.994/0001-29;2023-09-30;2;AZUL S.A.;24112;DF Consolidado - Demonstração das Mutações do Patrimônio Líquido;REAL;MIL;PENÚLTIMO;2022-01-01;2022-09-30;Participação dos Não Controladores;5.06.01;Constituição de Reservas;0.0;S
09.305.994/0001-29;2023-09-30;2;AZUL S.A.;24112;DF Consolidado - Demonstração das Mutações do Patrimônio Líquido;REAL;MIL;ÚLTIMO;2023-01-01;2023-09-30;Participação dos Não Controladores;5.06.01;Constituição de Reservas;0.0;S
09.305.994/0001-29;2023-09-30;2;AZUL S.A.;24112;DF Consolidado - Demonstração das Mutações do Patrimônio Líquido;REAL;MIL;PENÚLTIMO;2022-01-01;2022-09-30;Patrimônio Líquido Consolidado;5.06.01;Constituição de Reservas;0.0;S
09.305.994/0001-29;2023-09-30;2;AZUL S.A.;24112;DF Consolidado - Demonstração das Mutações do Patrimônio Líquido;REAL;MIL;ÚLTIMO;2023-01-01;2023-09-30;Patrimônio Líquido Consolidado;5.06.01;Constituição de Reservas;0.0;S
09.305.994/0001-29;2023-09-30;2;AZUL S.A.;24112;DF Consolidado - Demonstração das Mutações do Patrimônio Líquido;REAL;MIL;PENÚLTIMO;2022-01-01;2022-09-30;Capital Social Integralizado;5.06.02;Realização da Reserva Reavaliação;0.0;S
09.305.994/0001-29;2023-09-30;2;AZUL S.A.;24112;DF Consolidado - Demonstração das Mutações do Patrimônio Líquido;REAL;MIL;ÚLTIMO;2023-01-01;2023-09-30;Capital Social Integralizado;5.06.02;Realização da Reserva Reavaliação;0.0;S
09.305.994/0001-29;2023-09-30;2;AZUL S.A.;24112;DF Consolidado - Demonstração das Mutações do Patrimônio Líquido;REAL;MIL;PENÚLTIMO;2022-01-01;2022-09-30;Reservas de Capital, Opções Outorgadas e Ações em Tesouraria;5.06.02;Realização da Reserva Reavaliação;0.0;S
09.305.994/0001-29;2023-09-30;2;AZUL S.A.;24112;DF Consolidado - Demonstração das Mutações do Patrimônio Líquido;REAL;MIL;ÚLTIMO;2023-01-01;2023-09-30;Reservas de Capital, Opções Outorgadas e Ações em Tesouraria;5.06.02;Realização da Reserva Reavaliação;0.0;S
09.305.994/0001-29;2023-09-30;2;AZUL S.A.;24112;DF Consolidado - Demonstração das Mutações do Patrimônio Líquido;REAL;MIL;PENÚLTIMO;2022-01-01;2022-09-30;Reservas de Lucro;5.06.02;Realização da Reserva Reavaliação;0.0;S
09.305.994/0001-29;2023-09-30;2;AZUL S.A.;24112;DF Consolidado - Demonstração das Mutações do Patrimônio Líquido;REAL;MIL;ÚLTIMO;2023-01-01;2023-09-30;Reservas de Lucro;5.06.02;Realização da Reserva Reavaliação;0.0;S
09.305.994/0001-29;2023-09-30;2;AZUL S.A.;24112;DF Consolidado - Demonstração das Mutações do Patrimônio Líquido;REAL;MIL;PENÚLTIMO;2022-01-01;2022-09-30;Lucros ou Prejuízos Acumulados;5.06.02;Realização da Reserva Reavaliação;0.0;S
09.305.994/0001-29;2023-09-30;2;AZUL S.A.;24112;DF Consolidado - Demonstração das Mutações do Patrimônio Líquido;REAL;MIL;ÚLTIMO;2023-01-01;2023-09-30;Lucros ou Prejuízos Acumulados;5.06.02;Realização da Reserva Reavaliação;0.0;S
09.305.994/0001-29;2023-09-30;2;AZUL S.A.;24112;DF Consolidado - Demonstração das Mutações do Patrimônio Líquido;REAL;MIL;PENÚLTIMO;2022-01-01;2022-09-30;Outros Resultados Abrangentes;5.06.02;Realização da Reserva Reavaliação;0.0;S
09.305.994/0001-29;2023-09-30;2;AZUL S.A.;24112;DF Consolidado - Demonstração das Mutações do Patrimônio Líquido;REAL;MIL;ÚLTIMO;2023-01-01;2023-09-30;Outros Resultados Abrangentes;5.06.02;Realização da Reserva Reavaliação;0.0;S
09.305.994/0001-29;2023-09-30;2;AZUL S.A.;24112;DF Consolidado - Demonstração das Mutações do Patrimônio Líquido;REAL;MIL;PENÚLTIMO;2022-01-01;2022-09-30;Patrimônio Líquido;5.06.02;Realização da Reserva Reavaliação;0.0;S
09.305.994/0001-29;2023-09-30;2;AZUL S.A.;24112;DF Consolidado - Demonstração das Mutações do Patrimônio Líquido;REAL;MIL;ÚLTIMO;2023-01-01;2023-09-30;Patrimônio Líquido;5.06.02;Realização da Reserva Reavaliação;0.0;S
09.305.994/0001-29;2023-09-30;2;AZUL S.A.;24112;DF Consolidado - Demonstração das Mutações do Patrimônio Líquido;REAL;MIL;PENÚLTIMO;2022-01-01;2022-09-30;Participação dos Não Controladores;5.06.02;Realização da Reserva Reavaliação;0.0;S
09.305.994/0001-29;2023-09-30;2;AZUL S.A.;24112;DF Consolidado - Demonstração das Mutações do Patrimônio Líquido;REAL;MIL;ÚLTIMO;2023-01-01;2023-09-30;Participação dos Não Controladores;5.06.02;Realização da Reserva Reavaliação;0.0;S
09.305.994/0001-29;2023-09-30;2;AZUL S.A.;24112;DF Consolidado - Demonstração das Mutações do Patrimônio Líquido;REAL;MIL;PENÚLTIMO;2022-01-01;2022-09-30;Patrimônio Líquido Consolidado;5.06.02;Realização da Reserva Reavaliação;0.0;S
09.305.994/0001-29;2023-09-30;2;AZUL S.A.;24112;DF Consolidado - Demonstração das Mutações do Patrimônio Líquido;REAL;MIL;ÚLTIMO;2023-01-01;2023-09-30;Patrimônio Líquido Consolidado;5.06.02;Realização da Reserva Reavaliação;0.0;S
09.305.994/0001-29;2023-09-30;2;AZUL S.A.;24112;DF Consolidado - Demonstração das Mutações do Patrimônio Líquido;REAL;MIL;PENÚLTIMO;2022-01-01;2022-09-30;Capital Social Integralizado;5.06.03;Tributos sobre a Realização da Reserva de Reavaliação;0.0;S
09.305.994/0001-29;2023-09-30;2;AZUL S.A.;24112;DF Consolidado - Demonstração das Mutações do Patrimônio Líquido;REAL;MIL;ÚLTIMO;2023-01-01;2023-09-30;Capital Social Integralizado;5.06.03;Tributos sobre a Realização da Reserva de Reavaliação;0.0;S
09.305.994/0001-29;2023-09-30;2;AZUL S.A.;24112;DF Consolidado - Demonstração das Mutações do Patrimônio Líquido;REAL;MIL;PENÚLTIMO;2022-01-01;2022-09-30;Reservas de Capital, Opções Outorgadas e Ações em Tesouraria;5.06.03;Tributos sobre a Realização da Reserva de Reavaliação;0.0;S
09.305.994/0001-29;2023-09-30;2;AZUL S.A.;24112;DF Consolidado - Demonstração das Mutações do Patrimônio Líquido;REAL;MIL;ÚLTIMO;2023-01-01;2023-09-30;Reservas de Capital, Opções Outorgadas e Ações em Tesouraria;5.06.03;Tributos sobre a Realização da Reserva de Reavaliação;0.0;S
09.305.994/0001-29;2023-09-30;2;AZUL S.A.;24112;DF Consolidado - Demonstração das Mutações do Patrimônio Líquido;REAL;MIL;PENÚLTIMO;2022-01-01;2022-09-30;Reservas de Lucro;5.06.03;Tributos sobre a Realização da Reserva de Reavaliação;0.0;S
09.305.994/0001-29;2023-09-30;2;AZUL S.A.;24112;DF Consolidado - Demonstração das Mutações do Patrimônio Líquido;REAL;MIL;ÚLTIMO;2023-01-01;2023-09-30;Reservas de Lucro;5.06.03;Tributos sobre a Realização da Reserva de Reavaliação;0.0;S
09.305.994/0001-29;2023-09-30;2;AZUL S.A.;24112;DF Consolidado - Demonstração das Mutações do Patrimônio Líquido;REAL;MIL;PENÚLTIMO;2022-01-01;2022-09-30;Lucros ou Prejuízos Acumulados;5.06.03;Tributos sobre a Realização da Reserva de Reavaliação;0.0;S
09.305.994/0001-29;2023-09-30;2;AZUL S.A.;24112;DF Consolidado - Demonstração das Mutações do Patrimônio Líquido;REAL;MIL;ÚLTIMO;2023-01-01;2023-09-30;Lucros ou Prejuízos Acumulados;5.06.03;Tributos sobre a Realização da Reserva de Reavaliação;0.0;S
09.305.994/0001-29;2023-09-30;2;AZUL S.A.;24112;DF Consolidado - Demonstração das Mutações do Patrimônio Líquido;REAL;MIL;PENÚLTIMO;2022-01-01;2022-09-30;Outros Resultados Abrangentes;5.06.03;Tributos sobre a Realização da Reserva de Reavaliação;0.0;S
09.305.994/0001-29;2023-09-30;2;AZUL S.A.;24112;DF Consolidado - Demonstração das Mutações do Patrimônio Líquido;REAL;MIL;ÚLTIMO;2023-01-01;2023-09-30;Outros Resultados Abrangentes;5.06.03;Tributos sobre a Realização da Reserva de Reavaliação;0.0;S
09.305.994/0001-29;2023-09-30;2;AZUL S.A.;24112;DF Consolidado - Demonstração das Mutações do Patrimônio Líquido;REAL;MIL;PENÚLTIMO;2022-01-01;2022-09-30;Patrimônio Líquido;5.06.03;Tributos sobre a Realização da Reserva de Reavaliação;0.0;S
09.305.994/0001-29;2023-09-30;2;AZUL S.A.;24112;DF Consolidado - Demonstração das Mutações do Patrimônio Líquido;REAL;MIL;ÚLTIMO;2023-01-01;2023-09-30;Patrimônio Líquido;5.06.03;Tributos sobre a Realização da Reserva de Reavaliação;0.0;S
09.305.994/0001-29;2023-09-30;2;AZUL S.A.;24112;DF Consolidado - Demonstração das Mutações do Patrimônio Líquido;REAL;MIL;PENÚLTIMO;2022-01-01;2022-09-30;Participação dos Não Controladores;5.06.03;Tributos sobre a Realização da Reserva de Reavaliação;0.0;S
09.305.994/0001-29;2023-09-30;2;AZUL S.A.;24112;DF Consolidado - Demonstração das Mutações do Patrimônio Líquido;REAL;MIL;ÚLTIMO;2023-01-01;2023-09-30;Participação dos Não Controladores;5.06.03;Tributos sobre a Realização da Reserva de Reavaliação;0.0;S
09.305.994/0001-29;2023-09-30;2;AZUL S.A.;24112;DF Consolidado - Demonstração das Mutações do Patrimônio Líquido;REAL;MIL;PENÚLTIMO;2022-01-01;2022-09-30;Patrimônio Líquido Consolidado;5.06.03;Tributos sobre a Realização da Reserva de Reavaliação;0.0;S
09.305.994/0001-29;2023-09-30;2;AZUL S.A.;24112;DF Consolidado - Demonstração das Mutações do Patrimônio Líquido;REAL;MIL;ÚLTIMO;2023-01-01;2023-09-30;Patrimônio Líquido Consolidado;5.06.03;Tributos sobre a Realização da Reserva de Reavaliação;0.0;S
09.305.994/0001-29;2023-09-30;2;AZUL S.A.;24112;DF Consolidado - Demonstração das Mutações do Patrimônio Líquido;REAL;MIL;PENÚLTIMO;2022-01-01;2022-09-30;Capital Social Integralizado;5.07;Saldos Finais;2313941.0;S
09.305.994/0001-29;2023-09-30;2;AZUL S.A.;24112;DF Consolidado - Demonstração das Mutações do Patrimônio Líquido;REAL;MIL;ÚLTIMO;2023-01-01;2023-09-30;Capital Social Integralizado;5.07;Saldos Finais;2315610.0;S
09.305.994/0001-29;2023-09-30;2;AZUL S.A.;24112;DF Consolidado - Demonstração das Mutações do Patrimônio Líquido;REAL;MIL;PENÚLTIMO;2022-01-01;2022-09-30;Reservas de Capital, Opções Outorgadas e Ações em Tesouraria;5.07;Saldos Finais;1942483.0;S
09.305.994/0001-29;2023-09-30;2;AZUL S.A.;24112;DF Consolidado - Demonstração das Mutações do Patrimônio Líquido;REAL;MIL;ÚLTIMO;2023-01-01;2023-09-30;Reservas de Capital, Opções Outorgadas e Ações em Tesouraria;5.07;Saldos Finais;2007279.0;S
09.305.994/0001-29;2023-09-30;2;AZUL S.A.;24112;DF Consolidado - Demonstração das Mutações do Patrimônio Líquido;REAL;MIL;PENÚLTIMO;2022-01-01;2022-09-30;Reservas de Lucro;5.07;Saldos Finais;0.0;S
09.305.994/0001-29;2023-09-30;2;AZUL S.A.;24112;DF Consolidado - Demonstração das Mutações do Patrimônio Líquido;REAL;MIL;ÚLTIMO;2023-01-01;2023-09-30;Reservas de Lucro;5.07;Saldos Finais;0.0;S
09.305.994/0001-29;2023-09-30;2;AZUL S.A.;24112;DF Consolidado - Demonstração das Mutações do Patrimônio Líquido;REAL;MIL;PENÚLTIMO;2022-01-01;2022-09-30;Lucros ou Prejuízos Acumulados;5.07;Saldos Finais;-24392730.0;S
09.305.994/0001-29;2023-09-30;2;AZUL S.A.;24112;DF Consolidado - Demonstração das Mutações do Patrimônio Líquido;REAL;MIL;ÚLTIMO;2023-01-01;2023-09-30;Lucros ou Prejuízos Acumulados;5.07;Saldos Finais;-25614296.0;S
09.305.994/0001-29;2023-09-30;2;AZUL S.A.;24112;DF Consolidado - Demonstração das Mutações do Patrimônio Líquido;REAL;MIL;PENÚLTIMO;2022-01-01;2022-09-30;Outros Resultados Abrangentes;5.07;Saldos Finais;5799.0;S
09.305.994/0001-29;2023-09-30;2;AZUL S.A.;24112;DF Consolidado - Demonstração das Mutações do Patrimônio Líquido;REAL;MIL;ÚLTIMO;2023-01-01;2023-09-30;Outros Resultados Abrangentes;5.07;Saldos Finais;5281.0;S
09.305.994/0001-29;2023-09-30;2;AZUL S.A.;24112;DF Consolidado - Demonstração das Mutações do Patrimônio Líquido;REAL;MIL;PENÚLTIMO;2022-01-01;2022-09-30;Patrimônio Líquido;5.07;Saldos Finais;-20130507.0;S
09.305.994/0001-29;2023-09-30;2;AZUL S.A.;24112;DF Consolidado - Demonstração das Mutações do Patrimônio Líquido;REAL;MIL;ÚLTIMO;2023-01-01;2023-09-30;Patrimônio Líquido;5.07;Saldos Finais;-21286126.0;S
09.305.994/0001-29;2023-09-30;2;AZUL S.A.;24112;DF Consolidado - Demonstração das Mutações do Patrimônio Líquido;REAL;MIL;PENÚLTIMO;2022-01-01;2022-09-30;Participação dos Não Controladores;5.07;Saldos Finais;0.0;S
09.305.994/0001-29;2023-09-30;2;AZUL S.A.;24112;DF Consolidado - Demonstração das Mutações do Patrimônio Líquido;REAL;MIL;ÚLTIMO;2023-01-01;2023-09-30;Participação dos Não Controladores;5.07;Saldos Finais;0.0;S
09.305.994/0001-29;2023-09-30;2;AZUL S.A.;24112;DF Consolidado - Demonstração das Mutações do Patrimônio Líquido;REAL;MIL;PENÚLTIMO;2022-01-01;2022-09-30;Patrimônio Líquido Consolidado;5.07;Saldos Finais;-20130507.0;S
09.305.994/0001-29;2023-09-30;2;AZUL S.A.;24112;DF Consolidado - Demonstração das Mutações do Patrimônio Líquido;REAL;MIL;ÚLTIMO;2023-01-01;2023-09-30;Patrimônio Líquido Consolidado;5.07;Saldos Finais;-21286126.0;S
