CNPJ_CIA;DT_REFER;VERSAO;DENOM_CIA;CD_CVM;GRUPO_DFP;MOEDA;ESCALA_MOEDA;ORDEM_EXERC;DT_INI_EXERC;DT_FIM_EXERC;COLUNA_DF;CD_CONTA;DS_CONTA;VL_CONTA;ST_CONTA_FIXA
09.305.994/0001-29;2025-03-31;1;AZUL S.A.;24112;DF Individual - Demonstração das Mutações do Patrimônio Líquido;REAL;MIL;PENÚLTIMO;2024-01-01;2024-03-31;Capital Social Integralizado;5.01;Saldos Iniciais;2315610.0;S
09.305.994/0001-29;2025-03-31;1;AZUL S.A.;24112;DF Individual - Demonstração das Mutações do Patrimônio Líquido;REAL;MIL;ÚLTIMO;2025-01-01;2025-03-31;Capital Social Integralizado;5.01;Saldos Iniciais;2315628.0;S
09.305.994/0001-29;2025-03-31;1;AZUL S.A.;24112;DF Individual - Demonstração das Mutações do Patrimônio Líquido;REAL;MIL;PENÚLTIMO;2024-01-01;2024-03-31;Reservas de Capital, Opções Outorgadas e Ações em Tesouraria;5.01;Saldos Iniciais;2020569.0;S
09.305.994/0001-29;2025-03-31;1;AZUL S.A.;24112;DF Individual - Demonstração das Mutações do Patrimônio Líquido;REAL;MIL;ÚLTIMO;2025-01-01;2025-03-31;Reservas de Capital, Opções Outorgadas e Ações em Tesouraria;5.01;Saldos Iniciais;2061689.0;S
09.305.994/0001-29;2025-03-31;1;AZUL S.A.;24112;DF Individual - Demonstração das Mutações do Patrimônio Líquido;REAL;MIL;PENÚLTIMO;2024-01-01;2024-03-31;Reservas de Lucro;5.01;Saldos Iniciais;0.0;S
09.305.994/0001-29;2025-03-31;1;AZUL S.A.;24112;DF Individual - Demonstração das Mutações do Patrimônio Líquido;REAL;MIL;ÚLTIMO;2025-01-01;2025-03-31;Reservas de Lucro;5.01;Saldos Iniciais;0.0;S
09.305.994/0001-29;2025-03-31;1;AZUL S.A.;24112;DF Individual - Demonstração das Mutações do Patrimônio Líquido;REAL;MIL;PENÚLTIMO;2024-01-01;2024-03-31;Lucros ou Prejuízos Acumulados;5.01;Saldos Iniciais;-25667133.0;S
09.305.994/0001-29;2025-03-31;1;AZUL S.A.;24112;DF Individual - Demonstração das Mutações do Patrimônio Líquido;REAL;MIL;ÚLTIMO;2025-01-01;2025-03-31;Lucros ou Prejuízos Acumulados;5.01;Saldos Iniciais;-34818504.0;S
09.305.994/0001-29;2025-03-31;1;AZUL S.A.;24112;DF Individual - Demonstração das Mutações do Patrimônio Líquido;REAL;MIL;PENÚLTIMO;2024-01-01;2024-03-31;Outros Resultados Abrangentes;5.01;Saldos Iniciais;3106.0;S
09.305.994/0001-29;2025-03-31;1;AZUL S.A.;24112;DF Individual - Demonstração das Mutações do Patrimônio Líquido;REAL;MIL;ÚLTIMO;2025-01-01;2025-03-31;Outros Resultados Abrangentes;5.01;Saldos Iniciais;5917.0;S
09.305.994/0001-29;2025-03-31;1;AZUL S.A.;24112;DF Individual - Demonstração das Mutações do Patrimônio Líquido;REAL;MIL;PENÚLTIMO;2024-01-01;2024-03-31;Patrimônio Líquido;5.01;Saldos Iniciais;-21327848.0;S
09.305.994/0001-29;2025-03-31;1;AZUL S.A.;24112;DF Individual - Demonstração das Mutações do Patrimônio Líquido;REAL;MIL;ÚLTIMO;2025-01-01;2025-03-31;Patrimônio Líquido;5.01;Saldos Iniciais;-30435270.0;S
09.305.994/0001-29;2025-03-31;1;AZUL S.A.;24112;DF Individual - Demonstração das Mutações do Patrimônio Líquido;REAL;MIL;PENÚLTIMO;2024-01-01;2024-03-31;Capital Social Integralizado;5.02;Ajustes de Exercícios Anteriores;0.0;S
09.305.994/0001-29;2025-03-31;1;AZUL S.A.;24112;DF Individual - Demonstração das Mutações do Patrimônio Líquido;REAL;MIL;ÚLTIMO;2025-01-01;2025-03-31;Capital Social Integralizado;5.02;Ajustes de Exercícios Anteriores;0.0;S
09.305.994/0001-29;2025-03-31;1;AZUL S.A.;24112;DF Individual - Demonstração das Mutações do Patrimônio Líquido;REAL;MIL;PENÚLTIMO;2024-01-01;2024-03-31;Reservas de Capital, Opções Outorgadas e Ações em Tesouraria;5.02;Ajustes de Exercícios Anteriores;0.0;S
09.305.994/0001-29;2025-03-31;1;AZUL S.A.;24112;DF Individual - Demonstração das Mutações do Patrimônio Líquido;REAL;MIL;ÚLTIMO;2025-01-01;2025-03-31;Reservas de Capital, Opções Outorgadas e Ações em Tesouraria;5.02;Ajustes de Exercícios Anteriores;0.0;S
09.305.994/0001-29;2025-03-31;1;AZUL S.A.;24112;DF Individual - Demonstração das Mutações do Patrimônio Líquido;REAL;MIL;PENÚLTIMO;2024-01-01;2024-03-31;Reservas de Lucro;5.02;Ajustes de Exercícios Anteriores;0.0;S
09.305.994/0001-29;2025-03-31;1;AZUL S.A.;24112;DF Individual - Demonstração das Mutações do Patrimônio Líquido;REAL;MIL;ÚLTIMO;2025-01-01;2025-03-31;Reservas de Lucro;5.02;Ajustes de Exercícios Anteriores;0.0;S
09.305.994/0001-29;2025-03-31;1;AZUL S.A.;24112;DF Individual - Demonstração das Mutações do Patrimônio Líquido;REAL;MIL;PENÚLTIMO;2024-01-01;2024-03-31;Lucros ou Prejuízos Acumulados;5.02;Ajustes de Exercícios Anteriores;0.0;S
09.305.994/0001-29;2025-03-31;1;AZUL S.A.;24112;DF Individual - Demonstração das Mutações do Patrimônio Líquido;REAL;MIL;ÚLTIMO;2025-01-01;2025-03-31;Lucros ou Prejuízos Acumulados;5.02;Ajustes de Exercícios Anteriores;0.0;S
09.305.994/0001-29;2025-03-31;1;AZUL S.A.;24112;DF Individual - Demonstração das Mutações do Patrimônio Líquido;REAL;MIL;PENÚLTIMO;2024-01-01;2024-03-31;Outros Resultados Abrangentes;5.02;Ajustes de Exercícios Anteriores;0.0;S
09.305.994/0001-29;2025-03-31;1;AZUL S.A.;24112;DF Individual - Demonstração das Mutações do Patrimônio Líquido;REAL;MIL;ÚLTIMO;2025-01-01;2025-03-31;Outros Resultados Abrangentes;5.02;Ajustes de Exercícios Anteriores;0.0;S
09.305.994/0001-29;2025-03-31;1;AZUL S.A.;24112;DF Individual - Demonstração das Mutações do Patrimônio Líquido;REAL;MIL;PENÚLTIMO;2024-01-01;2024-03-31;Patrimônio Líquido;5.02;Ajustes de Exercícios Anteriores;0.0;S
09.305.994/0001-29;2025-03-31;1;AZUL S.A.;24112;DF Individual - Demonstração das Mutações do Patrimônio Líquido;REAL;MIL;ÚLTIMO;2025-01-01;2025-03-31;Patrimônio Líquido;5.02;Ajustes de Exercícios Anteriores;0.0;S
09.305.994/0001-29;2025-03-31;1;AZUL S.A.;24112;DF Individual - Demonstração das Mutações do Patrimônio Líquido;REAL;MIL;PENÚLTIMO;2024-01-01;2024-03-31;Capital Social Integralizado;5.03;Saldos Iniciais Ajustados;2315610.0;S
09.305.994/0001-29;2025-03-31;1;AZUL S.A.;24112;DF Individual - Demonstração das Mutações do Patrimônio Líquido;REAL;MIL;ÚLTIMO;2025-01-01;2025-03-31;Capital Social Integralizado;5.03;Saldos Iniciais Ajustados;2315628.0;S
09.305.994/0001-29;2025-03-31;1;AZUL S.A.;24112;DF Individual - Demonstração das Mutações do Patrimônio Líquido;REAL;MIL;PENÚLTIMO;2024-01-01;2024-03-31;Reservas de Capital, Opções Outorgadas e Ações em Tesouraria;5.03;Saldos Iniciais Ajustados;2020569.0;S
09.305.994/0001-29;2025-03-31;1;AZUL S.A.;24112;DF Individual - Demonstração das Mutações do Patrimônio Líquido;REAL;MIL;ÚLTIMO;2025-01-01;2025-03-31;Reservas de Capital, Opções Outorgadas e Ações em Tesouraria;5.03;Saldos Iniciais Ajustados;2061689.0;S
09.305.994/0001-29;2025-03-31;1;AZUL S.A.;24112;DF Individual - Demonstração das Mutações do Patrimônio Líquido;REAL;MIL;PENÚLTIMO;2024-01-01;2024-03-31;Reservas de Lucro;5.03;Saldos Iniciais Ajustados;0.0;S
09.305.994/0001-29;2025-03-31;1;AZUL S.A.;24112;DF Individual - Demonstração das Mutações do Patrimônio Líquido;REAL;MIL;ÚLTIMO;2025-01-01;2025-03-31;Reservas de Lucro;5.03;Saldos Iniciais Ajustados;0.0;S
09.305.994/0001-29;2025-03-31;1;AZUL S.A.;24112;DF Individual - Demonstração das Mutações do Patrimônio Líquido;REAL;MIL;PENÚLTIMO;2024-01-01;2024-03-31;Lucros ou Prejuízos Acumulados;5.03;Saldos Iniciais Ajustados;-25667133.0;S
09.305.994/0001-29;2025-03-31;1;AZUL S.A.;24112;DF Individual - Demonstração das Mutações do Patrimônio Líquido;REAL;MIL;ÚLTIMO;2025-01-01;2025-03-31;Lucros ou Prejuízos Acumulados;5.03;Saldos Iniciais Ajustados;-34818504.0;S
09.305.994/0001-29;2025-03-31;1;AZUL S.A.;24112;DF Individual - Demonstração das Mutações do Patrimônio Líquido;REAL;MIL;PENÚLTIMO;2024-01-01;2024-03-31;Outros Resultados Abrangentes;5.03;Saldos Iniciais Ajustados;3106.0;S
09.305.994/0001-29;2025-03-31;1;AZUL S.A.;24112;DF Individual - Demonstração das Mutações do Patrimônio Líquido;REAL;MIL;ÚLTIMO;2025-01-01;2025-03-31;Outros Resultados Abrangentes;5.03;Saldos Iniciais Ajustados;5917.0;S
09.305.994/0001-29;2025-03-31;1;AZUL S.A.;24112;DF Individual - Demonstração das Mutações do Patrimônio Líquido;REAL;MIL;PENÚLTIMO;2024-01-01;2024-03-31;Patrimônio Líquido;5.03;Saldos Iniciais Ajustados;-21327848.0;S
09.305.994/0001-29;2025-03-31;1;AZUL S.A.;24112;DF Individual - Demonstração das Mutações do Patrimônio Líquido;REAL;MIL;ÚLTIMO;2025-01-01;2025-03-31;Patrimônio Líquido;5.03;Saldos Iniciais Ajustados;-30435270.0;S
09.305.994/0001-29;2025-03-31;1;AZUL S.A.;24112;DF Individual - Demonstração das Mutações do Patrimônio Líquido;REAL;MIL;PENÚLTIMO;2024-01-01;2024-03-31;Capital Social Integralizado;5.04;Transações de Capital com os Sócios;18.0;S
09.305.994/0001-29;2025-03-31;1;AZUL S.A.;24112;DF Individual - Demonstração das Mutações do Patrimônio Líquido;REAL;MIL;ÚLTIMO;2025-01-01;2025-03-31;Capital Social Integralizado;5.04;Transações de Capital com os Sócios;3080940.0;S
09.305.994/0001-29;2025-03-31;1;AZUL S.A.;24112;DF Individual - Demonstração das Mutações do Patrimônio Líquido;REAL;MIL;PENÚLTIMO;2024-01-01;2024-03-31;Reservas de Capital, Opções Outorgadas e Ações em Tesouraria;5.04;Transações de Capital com os Sócios;9697.0;S
09.305.994/0001-29;2025-03-31;1;AZUL S.A.;24112;DF Individual - Demonstração das Mutações do Patrimônio Líquido;REAL;MIL;ÚLTIMO;2025-01-01;2025-03-31;Reservas de Capital, Opções Outorgadas e Ações em Tesouraria;5.04;Transações de Capital com os Sócios;-2750417.0;S
09.305.994/0001-29;2025-03-31;1;AZUL S.A.;24112;DF Individual - Demonstração das Mutações do Patrimônio Líquido;REAL;MIL;PENÚLTIMO;2024-01-01;2024-03-31;Reservas de Lucro;5.04;Transações de Capital com os Sócios;0.0;S
09.305.994/0001-29;2025-03-31;1;AZUL S.A.;24112;DF Individual - Demonstração das Mutações do Patrimônio Líquido;REAL;MIL;ÚLTIMO;2025-01-01;2025-03-31;Reservas de Lucro;5.04;Transações de Capital com os Sócios;0.0;S
09.305.994/0001-29;2025-03-31;1;AZUL S.A.;24112;DF Individual - Demonstração das Mutações do Patrimônio Líquido;REAL;MIL;PENÚLTIMO;2024-01-01;2024-03-31;Lucros ou Prejuízos Acumulados;5.04;Transações de Capital com os Sócios;0.0;S
09.305.994/0001-29;2025-03-31;1;AZUL S.A.;24112;DF Individual - Demonstração das Mutações do Patrimônio Líquido;REAL;MIL;ÚLTIMO;2025-01-01;2025-03-31;Lucros ou Prejuízos Acumulados;5.04;Transações de Capital com os Sócios;0.0;S
09.305.994/0001-29;2025-03-31;1;AZUL S.A.;24112;DF Individual - Demonstração das Mutações do Patrimônio Líquido;REAL;MIL;PENÚLTIMO;2024-01-01;2024-03-31;Outros Resultados Abrangentes;5.04;Transações de Capital com os Sócios;0.0;S
09.305.994/0001-29;2025-03-31;1;AZUL S.A.;24112;DF Individual - Demonstração das Mutações do Patrimônio Líquido;REAL;MIL;ÚLTIMO;2025-01-01;2025-03-31;Outros Resultados Abrangentes;5.04;Transações de Capital com os Sócios;0.0;S
09.305.994/0001-29;2025-03-31;1;AZUL S.A.;24112;DF Individual - Demonstração das Mutações do Patrimônio Líquido;REAL;MIL;PENÚLTIMO;2024-01-01;2024-03-31;Patrimônio Líquido;5.04;Transações de Capital com os Sócios;9715.0;S
09.305.994/0001-29;2025-03-31;1;AZUL S.A.;24112;DF Individual - Demonstração das Mutações do Patrimônio Líquido;REAL;MIL;ÚLTIMO;2025-01-01;2025-03-31;Patrimônio Líquido;5.04;Transações de Capital com os Sócios;330523.0;S
09.305.994/0001-29;2025-03-31;1;AZUL S.A.;24112;DF Individual - Demonstração das Mutações do Patrimônio Líquido;REAL;MIL;PENÚLTIMO;2024-01-01;2024-03-31;Capital Social Integralizado;5.04.01;Aumentos de Capital;0.0;S
09.305.994/0001-29;2025-03-31;1;AZUL S.A.;24112;DF Individual - Demonstração das Mutações do Patrimônio Líquido;REAL;MIL;ÚLTIMO;2025-01-01;2025-03-31;Capital Social Integralizado;5.04.01;Aumentos de Capital;3080940.0;S
09.305.994/0001-29;2025-03-31;1;AZUL S.A.;24112;DF Individual - Demonstração das Mutações do Patrimônio Líquido;REAL;MIL;PENÚLTIMO;2024-01-01;2024-03-31;Reservas de Capital, Opções Outorgadas e Ações em Tesouraria;5.04.01;Aumentos de Capital;0.0;S
09.305.994/0001-29;2025-03-31;1;AZUL S.A.;24112;DF Individual - Demonstração das Mutações do Patrimônio Líquido;REAL;MIL;ÚLTIMO;2025-01-01;2025-03-31;Reservas de Capital, Opções Outorgadas e Ações em Tesouraria;5.04.01;Aumentos de Capital;0.0;S
09.305.994/0001-29;2025-03-31;1;AZUL S.A.;24112;DF Individual - Demonstração das Mutações do Patrimônio Líquido;REAL;MIL;PENÚLTIMO;2024-01-01;2024-03-31;Reservas de Lucro;5.04.01;Aumentos de Capital;0.0;S
09.305.994/0001-29;2025-03-31;1;AZUL S.A.;24112;DF Individual - Demonstração das Mutações do Patrimônio Líquido;REAL;MIL;ÚLTIMO;2025-01-01;2025-03-31;Reservas de Lucro;5.04.01;Aumentos de Capital;0.0;S
09.305.994/0001-29;2025-03-31;1;AZUL S.A.;24112;DF Individual - Demonstração das Mutações do Patrimônio Líquido;REAL;MIL;PENÚLTIMO;2024-01-01;2024-03-31;Lucros ou Prejuízos Acumulados;5.04.01;Aumentos de Capital;0.0;S
09.305.994/0001-29;2025-03-31;1;AZUL S.A.;24112;DF Individual - Demonstração das Mutações do Patrimônio Líquido;REAL;MIL;ÚLTIMO;2025-01-01;2025-03-31;Lucros ou Prejuízos Acumulados;5.04.01;Aumentos de Capital;0.0;S
09.305.994/0001-29;2025-03-31;1;AZUL S.A.;24112;DF Individual - Demonstração das Mutações do Patrimônio Líquido;REAL;MIL;PENÚLTIMO;2024-01-01;2024-03-31;Outros Resultados Abrangentes;5.04.01;Aumentos de Capital;0.0;S
09.305.994/0001-29;2025-03-31;1;AZUL S.A.;24112;DF Individual - Demonstração das Mutações do Patrimônio Líquido;REAL;MIL;ÚLTIMO;2025-01-01;2025-03-31;Outros Resultados Abrangentes;5.04.01;Aumentos de Capital;0.0;S
09.305.994/0001-29;2025-03-31;1;AZUL S.A.;24112;DF Individual - Demonstração das Mutações do Patrimônio Líquido;REAL;MIL;PENÚLTIMO;2024-01-01;2024-03-31;Patrimônio Líquido;5.04.01;Aumentos de Capital;0.0;S
09.305.994/0001-29;2025-03-31;1;AZUL S.A.;24112;DF Individual - Demonstração das Mutações do Patrimônio Líquido;REAL;MIL;ÚLTIMO;2025-01-01;2025-03-31;Patrimônio Líquido;5.04.01;Aumentos de Capital;3080940.0;S
09.305.994/0001-29;2025-03-31;1;AZUL S.A.;24112;DF Individual - Demonstração das Mutações do Patrimônio Líquido;REAL;MIL;PENÚLTIMO;2024-01-01;2024-03-31;Capital Social Integralizado;5.04.02;Gastos com Emissão de Ações;0.0;S
09.305.994/0001-29;2025-03-31;1;AZUL S.A.;24112;DF Individual - Demonstração das Mutações do Patrimônio Líquido;REAL;MIL;ÚLTIMO;2025-01-01;2025-03-31;Capital Social Integralizado;5.04.02;Gastos com Emissão de Ações;0.0;S
09.305.994/0001-29;2025-03-31;1;AZUL S.A.;24112;DF Individual - Demonstração das Mutações do Patrimônio Líquido;REAL;MIL;PENÚLTIMO;2024-01-01;2024-03-31;Reservas de Capital, Opções Outorgadas e Ações em Tesouraria;5.04.02;Gastos com Emissão de Ações;0.0;S
09.305.994/0001-29;2025-03-31;1;AZUL S.A.;24112;DF Individual - Demonstração das Mutações do Patrimônio Líquido;REAL;MIL;ÚLTIMO;2025-01-01;2025-03-31;Reservas de Capital, Opções Outorgadas e Ações em Tesouraria;5.04.02;Gastos com Emissão de Ações;0.0;S
09.305.994/0001-29;2025-03-31;1;AZUL S.A.;24112;DF Individual - Demonstração das Mutações do Patrimônio Líquido;REAL;MIL;PENÚLTIMO;2024-01-01;2024-03-31;Reservas de Lucro;5.04.02;Gastos com Emissão de Ações;0.0;S
09.305.994/0001-29;2025-03-31;1;AZUL S.A.;24112;DF Individual - Demonstração das Mutações do Patrimônio Líquido;REAL;MIL;ÚLTIMO;2025-01-01;2025-03-31;Reservas de Lucro;5.04.02;Gastos com Emissão de Ações;0.0;S
09.305.994/0001-29;2025-03-31;1;AZUL S.A.;24112;DF Individual - Demonstração das Mutações do Patrimônio Líquido;REAL;MIL;PENÚLTIMO;2024-01-01;2024-03-31;Lucros ou Prejuízos Acumulados;5.04.02;Gastos com Emissão de Ações;0.0;S
09.305.994/0001-29;2025-03-31;1;AZUL S.A.;24112;DF Individual - Demonstração das Mutações do Patrimônio Líquido;REAL;MIL;ÚLTIMO;2025-01-01;2025-03-31;Lucros ou Prejuízos Acumulados;5.04.02;Gastos com Emissão de Ações;0.0;S
09.305.994/0001-29;2025-03-31;1;AZUL S.A.;24112;DF Individual - Demonstração das Mutações do Patrimônio Líquido;REAL;MIL;PENÚLTIMO;2024-01-01;2024-03-31;Outros Resultados Abrangentes;5.04.02;Gastos com Emissão de Ações;0.0;S
09.305.994/0001-29;2025-03-31;1;AZUL S.A.;24112;DF Individual - Demonstração das Mutações do Patrimônio Líquido;REAL;MIL;ÚLTIMO;2025-01-01;2025-03-31;Outros Resultados Abrangentes;5.04.02;Gastos com Emissão de Ações;0.0;S
09.305.994/0001-29;2025-03-31;1;AZUL S.A.;24112;DF Individual - Demonstração das Mutações do Patrimônio Líquido;REAL;MIL;PENÚLTIMO;2024-01-01;2024-03-31;Patrimônio Líquido;5.04.02;Gastos com Emissão de Ações;0.0;S
09.305.994/0001-29;2025-03-31;1;AZUL S.A.;24112;DF Individual - Demonstração das Mutações do Patrimônio Líquido;REAL;MIL;ÚLTIMO;2025-01-01;2025-03-31;Patrimônio Líquido;5.04.02;Gastos com Emissão de Ações;0.0;S
09.305.994/0001-29;2025-03-31;1;AZUL S.A.;24112;DF Individual - Demonstração das Mutações do Patrimônio Líquido;REAL;MIL;PENÚLTIMO;2024-01-01;2024-03-31;Capital Social Integralizado;5.04.03;Opções Outorgadas Reconhecidas;18.0;S
09.305.994/0001-29;2025-03-31;1;AZUL S.A.;24112;DF Individual - Demonstração das Mutações do Patrimônio Líquido;REAL;MIL;ÚLTIMO;2025-01-01;2025-03-31;Capital Social Integralizado;5.04.03;Opções Outorgadas Reconhecidas;0.0;S
09.305.994/0001-29;2025-03-31;1;AZUL S.A.;24112;DF Individual - Demonstração das Mutações do Patrimônio Líquido;REAL;MIL;PENÚLTIMO;2024-01-01;2024-03-31;Reservas de Capital, Opções Outorgadas e Ações em Tesouraria;5.04.03;Opções Outorgadas Reconhecidas;12241.0;S
09.305.994/0001-29;2025-03-31;1;AZUL S.A.;24112;DF Individual - Demonstração das Mutações do Patrimônio Líquido;REAL;MIL;ÚLTIMO;2025-01-01;2025-03-31;Reservas de Capital, Opções Outorgadas e Ações em Tesouraria;5.04.03;Opções Outorgadas Reconhecidas;12806.0;S
09.305.994/0001-29;2025-03-31;1;AZUL S.A.;24112;DF Individual - Demonstração das Mutações do Patrimônio Líquido;REAL;MIL;PENÚLTIMO;2024-01-01;2024-03-31;Reservas de Lucro;5.04.03;Opções Outorgadas Reconhecidas;0.0;S
09.305.994/0001-29;2025-03-31;1;AZUL S.A.;24112;DF Individual - Demonstração das Mutações do Patrimônio Líquido;REAL;MIL;ÚLTIMO;2025-01-01;2025-03-31;Reservas de Lucro;5.04.03;Opções Outorgadas Reconhecidas;0.0;S
09.305.994/0001-29;2025-03-31;1;AZUL S.A.;24112;DF Individual - Demonstração das Mutações do Patrimônio Líquido;REAL;MIL;PENÚLTIMO;2024-01-01;2024-03-31;Lucros ou Prejuízos Acumulados;5.04.03;Opções Outorgadas Reconhecidas;0.0;S
09.305.994/0001-29;2025-03-31;1;AZUL S.A.;24112;DF Individual - Demonstração das Mutações do Patrimônio Líquido;REAL;MIL;ÚLTIMO;2025-01-01;2025-03-31;Lucros ou Prejuízos Acumulados;5.04.03;Opções Outorgadas Reconhecidas;0.0;S
09.305.994/0001-29;2025-03-31;1;AZUL S.A.;24112;DF Individual - Demonstração das Mutações do Patrimônio Líquido;REAL;MIL;PENÚLTIMO;2024-01-01;2024-03-31;Outros Resultados Abrangentes;5.04.03;Opções Outorgadas Reconhecidas;0.0;S
09.305.994/0001-29;2025-03-31;1;AZUL S.A.;24112;DF Individual - Demonstração das Mutações do Patrimônio Líquido;REAL;MIL;ÚLTIMO;2025-01-01;2025-03-31;Outros Resultados Abrangentes;5.04.03;Opções Outorgadas Reconhecidas;0.0;S
09.305.994/0001-29;2025-03-31;1;AZUL S.A.;24112;DF Individual - Demonstração das Mutações do Patrimônio Líquido;REAL;MIL;PENÚLTIMO;2024-01-01;2024-03-31;Patrimônio Líquido;5.04.03;Opções Outorgadas Reconhecidas;12259.0;S
09.305.994/0001-29;2025-03-31;1;AZUL S.A.;24112;DF Individual - Demonstração das Mutações do Patrimônio Líquido;REAL;MIL;ÚLTIMO;2025-01-01;2025-03-31;Patrimônio Líquido;5.04.03;Opções Outorgadas Reconhecidas;12806.0;S
09.305.994/0001-29;2025-03-31;1;AZUL S.A.;24112;DF Individual - Demonstração das Mutações do Patrimônio Líquido;REAL;MIL;PENÚLTIMO;2024-01-01;2024-03-31;Capital Social Integralizado;5.04.04;Ações em Tesouraria Adquiridas;0.0;S
09.305.994/0001-29;2025-03-31;1;AZUL S.A.;24112;DF Individual - Demonstração das Mutações do Patrimônio Líquido;REAL;MIL;ÚLTIMO;2025-01-01;2025-03-31;Capital Social Integralizado;5.04.04;Ações em Tesouraria Adquiridas;0.0;S
09.305.994/0001-29;2025-03-31;1;AZUL S.A.;24112;DF Individual - Demonstração das Mutações do Patrimônio Líquido;REAL;MIL;PENÚLTIMO;2024-01-01;2024-03-31;Reservas de Capital, Opções Outorgadas e Ações em Tesouraria;5.04.04;Ações em Tesouraria Adquiridas;-2544.0;S
09.305.994/0001-29;2025-03-31;1;AZUL S.A.;24112;DF Individual - Demonstração das Mutações do Patrimônio Líquido;REAL;MIL;ÚLTIMO;2025-01-01;2025-03-31;Reservas de Capital, Opções Outorgadas e Ações em Tesouraria;5.04.04;Ações em Tesouraria Adquiridas;0.0;S
09.305.994/0001-29;2025-03-31;1;AZUL S.A.;24112;DF Individual - Demonstração das Mutações do Patrimônio Líquido;REAL;MIL;PENÚLTIMO;2024-01-01;2024-03-31;Reservas de Lucro;5.04.04;Ações em Tesouraria Adquiridas;0.0;S
09.305.994/0001-29;2025-03-31;1;AZUL S.A.;24112;DF Individual - Demonstração das Mutações do Patrimônio Líquido;REAL;MIL;ÚLTIMO;2025-01-01;2025-03-31;Reservas de Lucro;5.04.04;Ações em Tesouraria Adquiridas;0.0;S
09.305.994/0001-29;2025-03-31;1;AZUL S.A.;24112;DF Individual - Demonstração das Mutações do Patrimônio Líquido;REAL;MIL;PENÚLTIMO;2024-01-01;2024-03-31;Lucros ou Prejuízos Acumulados;5.04.04;Ações em Tesouraria Adquiridas;0.0;S
09.305.994/0001-29;2025-03-31;1;AZUL S.A.;24112;DF Individual - Demonstração das Mutações do Patrimônio Líquido;REAL;MIL;ÚLTIMO;2025-01-01;2025-03-31;Lucros ou Prejuízos Acumulados;5.04.04;Ações em Tesouraria Adquiridas;0.0;S
09.305.994/0001-29;2025-03-31;1;AZUL S.A.;24112;DF Individual - Demonstração das Mutações do Patrimônio Líquido;REAL;MIL;PENÚLTIMO;2024-01-01;2024-03-31;Outros Resultados Abrangentes;5.04.04;Ações em Tesouraria Adquiridas;0.0;S
09.305.994/0001-29;2025-03-31;1;AZUL S.A.;24112;DF Individual - Demonstração das Mutações do Patrimônio Líquido;REAL;MIL;ÚLTIMO;2025-01-01;2025-03-31;Outros Resultados Abrangentes;5.04.04;Ações em Tesouraria Adquiridas;0.0;S
09.305.994/0001-29;2025-03-31;1;AZUL S.A.;24112;DF Individual - Demonstração das Mutações do Patrimônio Líquido;REAL;MIL;PENÚLTIMO;2024-01-01;2024-03-31;Patrimônio Líquido;5.04.04;Ações em Tesouraria Adquiridas;-2544.0;S
09.305.994/0001-29;2025-03-31;1;AZUL S.A.;24112;DF Individual - Demonstração das Mutações do Patrimônio Líquido;REAL;MIL;ÚLTIMO;2025-01-01;2025-03-31;Patrimônio Líquido;5.04.04;Ações em Tesouraria Adquiridas;0.0;S
09.305.994/0001-29;2025-03-31;1;AZUL S.A.;24112;DF Individual - Demonstração das Mutações do Patrimônio Líquido;REAL;MIL;PENÚLTIMO;2024-01-01;2024-03-31;Capital Social Integralizado;5.04.05;Ações em Tesouraria Vendidas;0.0;S
09.305.994/0001-29;2025-03-31;1;AZUL S.A.;24112;DF Individual - Demonstração das Mutações do Patrimônio Líquido;REAL;MIL;ÚLTIMO;2025-01-01;2025-03-31;Capital Social Integralizado;5.04.05;Ações em Tesouraria Vendidas;0.0;S
09.305.994/0001-29;2025-03-31;1;AZUL S.A.;24112;DF Individual - Demonstração das Mutações do Patrimônio Líquido;REAL;MIL;PENÚLTIMO;2024-01-01;2024-03-31;Reservas de Capital, Opções Outorgadas e Ações em Tesouraria;5.04.05;Ações em Tesouraria Vendidas;0.0;S
09.305.994/0001-29;2025-03-31;1;AZUL S.A.;24112;DF Individual - Demonstração das Mutações do Patrimônio Líquido;REAL;MIL;ÚLTIMO;2025-01-01;2025-03-31;Reservas de Capital, Opções Outorgadas e Ações em Tesouraria;5.04.05;Ações em Tesouraria Vendidas;0.0;S
09.305.994/0001-29;2025-03-31;1;AZUL S.A.;24112;DF Individual - Demonstração das Mutações do Patrimônio Líquido;REAL;MIL;PENÚLTIMO;2024-01-01;2024-03-31;Reservas de Lucro;5.04.05;Ações em Tesouraria Vendidas;0.0;S
09.305.994/0001-29;2025-03-31;1;AZUL S.A.;24112;DF Individual - Demonstração das Mutações do Patrimônio Líquido;REAL;MIL;ÚLTIMO;2025-01-01;2025-03-31;Reservas de Lucro;5.04.05;Ações em Tesouraria Vendidas;0.0;S
09.305.994/0001-29;2025-03-31;1;AZUL S.A.;24112;DF Individual - Demonstração das Mutações do Patrimônio Líquido;REAL;MIL;PENÚLTIMO;2024-01-01;2024-03-31;Lucros ou Prejuízos Acumulados;5.04.05;Ações em Tesouraria Vendidas;0.0;S
09.305.994/0001-29;2025-03-31;1;AZUL S.A.;24112;DF Individual - Demonstração das Mutações do Patrimônio Líquido;REAL;MIL;ÚLTIMO;2025-01-01;2025-03-31;Lucros ou Prejuízos Acumulados;5.04.05;Ações em Tesouraria Vendidas;0.0;S
09.305.994/0001-29;2025-03-31;1;AZUL S.A.;24112;DF Individual - Demonstração das Mutações do Patrimônio Líquido;REAL;MIL;PENÚLTIMO;2024-01-01;2024-03-31;Outros Resultados Abrangentes;5.04.05;Ações em Tesouraria Vendidas;0.0;S
09.305.994/0001-29;2025-03-31;1;AZUL S.A.;24112;DF Individual - Demonstração das Mutações do Patrimônio Líquido;REAL;MIL;ÚLTIMO;2025-01-01;2025-03-31;Outros Resultados Abrangentes;5.04.05;Ações em Tesouraria Vendidas;0.0;S
09.305.994/0001-29;2025-03-31;1;AZUL S.A.;24112;DF Individual - Demonstração das Mutações do Patrimônio Líquido;REAL;MIL;PENÚLTIMO;2024-01-01;2024-03-31;Patrimônio Líquido;5.04.05;Ações em Tesouraria Vendidas;0.0;S
09.305.994/0001-29;2025-03-31;1;AZUL S.A.;24112;DF Individual - Demonstração das Mutações do Patrimônio Líquido;REAL;MIL;ÚLTIMO;2025-01-01;2025-03-31;Patrimônio Líquido;5.04.05;Ações em Tesouraria Vendidas;0.0;S
09.305.994/0001-29;2025-03-31;1;AZUL S.A.;24112;DF Individual - Demonstração das Mutações do Patrimônio Líquido;REAL;MIL;PENÚLTIMO;2024-01-01;2024-03-31;Capital Social Integralizado;5.04.06;Dividendos;0.0;S
09.305.994/0001-29;2025-03-31;1;AZUL S.A.;24112;DF Individual - Demonstração das Mutações do Patrimônio Líquido;REAL;MIL;ÚLTIMO;2025-01-01;2025-03-31;Capital Social Integralizado;5.04.06;Dividendos;0.0;S
09.305.994/0001-29;2025-03-31;1;AZUL S.A.;24112;DF Individual - Demonstração das Mutações do Patrimônio Líquido;REAL;MIL;PENÚLTIMO;2024-01-01;2024-03-31;Reservas de Capital, Opções Outorgadas e Ações em Tesouraria;5.04.06;Dividendos;0.0;S
09.305.994/0001-29;2025-03-31;1;AZUL S.A.;24112;DF Individual - Demonstração das Mutações do Patrimônio Líquido;REAL;MIL;ÚLTIMO;2025-01-01;2025-03-31;Reservas de Capital, Opções Outorgadas e Ações em Tesouraria;5.04.06;Dividendos;0.0;S
09.305.994/0001-29;2025-03-31;1;AZUL S.A.;24112;DF Individual - Demonstração das Mutações do Patrimônio Líquido;REAL;MIL;PENÚLTIMO;2024-01-01;2024-03-31;Reservas de Lucro;5.04.06;Dividendos;0.0;S
09.305.994/0001-29;2025-03-31;1;AZUL S.A.;24112;DF Individual - Demonstração das Mutações do Patrimônio Líquido;REAL;MIL;ÚLTIMO;2025-01-01;2025-03-31;Reservas de Lucro;5.04.06;Dividendos;0.0;S
09.305.994/0001-29;2025-03-31;1;AZUL S.A.;24112;DF Individual - Demonstração das Mutações do Patrimônio Líquido;REAL;MIL;PENÚLTIMO;2024-01-01;2024-03-31;Lucros ou Prejuízos Acumulados;5.04.06;Dividendos;0.0;S
09.305.994/0001-29;2025-03-31;1;AZUL S.A.;24112;DF Individual - Demonstração das Mutações do Patrimônio Líquido;REAL;MIL;ÚLTIMO;2025-01-01;2025-03-31;Lucros ou Prejuízos Acumulados;5.04.06;Dividendos;0.0;S
09.305.994/0001-29;2025-03-31;1;AZUL S.A.;24112;DF Individual - Demonstração das Mutações do Patrimônio Líquido;REAL;MIL;PENÚLTIMO;2024-01-01;2024-03-31;Outros Resultados Abrangentes;5.04.06;Dividendos;0.0;S
09.305.994/0001-29;2025-03-31;1;AZUL S.A.;24112;DF Individual - Demonstração das Mutações do Patrimônio Líquido;REAL;MIL;ÚLTIMO;2025-01-01;2025-03-31;Outros Resultados Abrangentes;5.04.06;Dividendos;0.0;S
09.305.994/0001-29;2025-03-31;1;AZUL S.A.;24112;DF Individual - Demonstração das Mutações do Patrimônio Líquido;REAL;MIL;PENÚLTIMO;2024-01-01;2024-03-31;Patrimônio Líquido;5.04.06;Dividendos;0.0;S
09.305.994/0001-29;2025-03-31;1;AZUL S.A.;24112;DF Individual - Demonstração das Mutações do Patrimônio Líquido;REAL;MIL;ÚLTIMO;2025-01-01;2025-03-31;Patrimônio Líquido;5.04.06;Dividendos;0.0;S
09.305.994/0001-29;2025-03-31;1;AZUL S.A.;24112;DF Individual - Demonstração das Mutações do Patrimônio Líquido;REAL;MIL;PENÚLTIMO;2024-01-01;2024-03-31;Capital Social Integralizado;5.04.07;Juros sobre Capital Próprio;0.0;S
09.305.994/0001-29;2025-03-31;1;AZUL S.A.;24112;DF Individual - Demonstração das Mutações do Patrimônio Líquido;REAL;MIL;ÚLTIMO;2025-01-01;2025-03-31;Capital Social Integralizado;5.04.07;Juros sobre Capital Próprio;0.0;S
09.305.994/0001-29;2025-03-31;1;AZUL S.A.;24112;DF Individual - Demonstração das Mutações do Patrimônio Líquido;REAL;MIL;PENÚLTIMO;2024-01-01;2024-03-31;Reservas de Capital, Opções Outorgadas e Ações em Tesouraria;5.04.07;Juros sobre Capital Próprio;0.0;S
09.305.994/0001-29;2025-03-31;1;AZUL S.A.;24112;DF Individual - Demonstração das Mutações do Patrimônio Líquido;REAL;MIL;ÚLTIMO;2025-01-01;2025-03-31;Reservas de Capital, Opções Outorgadas e Ações em Tesouraria;5.04.07;Juros sobre Capital Próprio;0.0;S
09.305.994/0001-29;2025-03-31;1;AZUL S.A.;24112;DF Individual - Demonstração das Mutações do Patrimônio Líquido;REAL;MIL;PENÚLTIMO;2024-01-01;2024-03-31;Reservas de Lucro;5.04.07;Juros sobre Capital Próprio;0.0;S
09.305.994/0001-29;2025-03-31;1;AZUL S.A.;24112;DF Individual - Demonstração das Mutações do Patrimônio Líquido;REAL;MIL;ÚLTIMO;2025-01-01;2025-03-31;Reservas de Lucro;5.04.07;Juros sobre Capital Próprio;0.0;S
09.305.994/0001-29;2025-03-31;1;AZUL S.A.;24112;DF Individual - Demonstração das Mutações do Patrimônio Líquido;REAL;MIL;PENÚLTIMO;2024-01-01;2024-03-31;Lucros ou Prejuízos Acumulados;5.04.07;Juros sobre Capital Próprio;0.0;S
09.305.994/0001-29;2025-03-31;1;AZUL S.A.;24112;DF Individual - Demonstração das Mutações do Patrimônio Líquido;REAL;MIL;ÚLTIMO;2025-01-01;2025-03-31;Lucros ou Prejuízos Acumulados;5.04.07;Juros sobre Capital Próprio;0.0;S
09.305.994/0001-29;2025-03-31;1;AZUL S.A.;24112;DF Individual - Demonstração das Mutações do Patrimônio Líquido;REAL;MIL;PENÚLTIMO;2024-01-01;2024-03-31;Outros Resultados Abrangentes;5.04.07;Juros sobre Capital Próprio;0.0;S
09.305.994/0001-29;2025-03-31;1;AZUL S.A.;24112;DF Individual - Demonstração das Mutações do Patrimônio Líquido;REAL;MIL;ÚLTIMO;2025-01-01;2025-03-31;Outros Resultados Abrangentes;5.04.07;Juros sobre Capital Próprio;0.0;S
09.305.994/0001-29;2025-03-31;1;AZUL S.A.;24112;DF Individual - Demonstração das Mutações do Patrimônio Líquido;REAL;MIL;PENÚLTIMO;2024-01-01;2024-03-31;Patrimônio Líquido;5.04.07;Juros sobre Capital Próprio;0.0;S
09.305.994/0001-29;2025-03-31;1;AZUL S.A.;24112;DF Individual - Demonstração das Mutações do Patrimônio Líquido;REAL;MIL;ÚLTIMO;2025-01-01;2025-03-31;Patrimônio Líquido;5.04.07;Juros sobre Capital Próprio;0.0;S
09.305.994/0001-29;2025-03-31;1;AZUL S.A.;24112;DF Individual - Demonstração das Mutações do Patrimônio Líquido;REAL;MIL;ÚLTIMO;2025-01-01;2025-03-31;Capital Social Integralizado;5.04.08;Efeito do valor justo das ações emitidas;0.0;N
09.305.994/0001-29;2025-03-31;1;AZUL S.A.;24112;DF Individual - Demonstração das Mutações do Patrimônio Líquido;REAL;MIL;ÚLTIMO;2025-01-01;2025-03-31;Reservas de Capital, Opções Outorgadas e Ações em Tesouraria;5.04.08;Efeito do valor justo das ações emitidas;-2765066.0;N
09.305.994/0001-29;2025-03-31;1;AZUL S.A.;24112;DF Individual - Demonstração das Mutações do Patrimônio Líquido;REAL;MIL;ÚLTIMO;2025-01-01;2025-03-31;Reservas de Lucro;5.04.08;Efeito do valor justo das ações emitidas;0.0;N
09.305.994/0001-29;2025-03-31;1;AZUL S.A.;24112;DF Individual - Demonstração das Mutações do Patrimônio Líquido;REAL;MIL;ÚLTIMO;2025-01-01;2025-03-31;Lucros ou Prejuízos Acumulados;5.04.08;Efeito do valor justo das ações emitidas;0.0;N
09.305.994/0001-29;2025-03-31;1;AZUL S.A.;24112;DF Individual - Demonstração das Mutações do Patrimônio Líquido;REAL;MIL;ÚLTIMO;2025-01-01;2025-03-31;Outros Resultados Abrangentes;5.04.08;Efeito do valor justo das ações emitidas;0.0;N
09.305.994/0001-29;2025-03-31;1;AZUL S.A.;24112;DF Individual - Demonstração das Mutações do Patrimônio Líquido;REAL;MIL;ÚLTIMO;2025-01-01;2025-03-31;Patrimônio Líquido;5.04.08;Efeito do valor justo das ações emitidas;-2765066.0;N
09.305.994/0001-29;2025-03-31;1;AZUL S.A.;24112;DF Individual - Demonstração das Mutações do Patrimônio Líquido;REAL;MIL;ÚLTIMO;2025-01-01;2025-03-31;Capital Social Integralizado;5.04.09;Adiantamento para Futuro Aumento de Capital;0.0;N
09.305.994/0001-29;2025-03-31;1;AZUL S.A.;24112;DF Individual - Demonstração das Mutações do Patrimônio Líquido;REAL;MIL;ÚLTIMO;2025-01-01;2025-03-31;Reservas de Capital, Opções Outorgadas e Ações em Tesouraria;5.04.09;Adiantamento para Futuro Aumento de Capital;1843.0;N
09.305.994/0001-29;2025-03-31;1;AZUL S.A.;24112;DF Individual - Demonstração das Mutações do Patrimônio Líquido;REAL;MIL;ÚLTIMO;2025-01-01;2025-03-31;Reservas de Lucro;5.04.09;Adiantamento para Futuro Aumento de Capital;0.0;N
09.305.994/0001-29;2025-03-31;1;AZUL S.A.;24112;DF Individual - Demonstração das Mutações do Patrimônio Líquido;REAL;MIL;ÚLTIMO;2025-01-01;2025-03-31;Lucros ou Prejuízos Acumulados;5.04.09;Adiantamento para Futuro Aumento de Capital;0.0;N
09.305.994/0001-29;2025-03-31;1;AZUL S.A.;24112;DF Individual - Demonstração das Mutações do Patrimônio Líquido;REAL;MIL;ÚLTIMO;2025-01-01;2025-03-31;Outros Resultados Abrangentes;5.04.09;Adiantamento para Futuro Aumento de Capital;0.0;N
09.305.994/0001-29;2025-03-31;1;AZUL S.A.;24112;DF Individual - Demonstração das Mutações do Patrimônio Líquido;REAL;MIL;ÚLTIMO;2025-01-01;2025-03-31;Patrimônio Líquido;5.04.09;Adiantamento para Futuro Aumento de Capital;1843.0;N
09.305.994/0001-29;2025-03-31;1;AZUL S.A.;24112;DF Individual - Demonstração das Mutações do Patrimônio Líquido;REAL;MIL;PENÚLTIMO;2024-01-01;2024-03-31;Capital Social Integralizado;5.05;Resultado Abrangente Total;0.0;S
09.305.994/0001-29;2025-03-31;1;AZUL S.A.;24112;DF Individual - Demonstração das Mutações do Patrimônio Líquido;REAL;MIL;ÚLTIMO;2025-01-01;2025-03-31;Capital Social Integralizado;5.05;Resultado Abrangente Total;0.0;S
09.305.994/0001-29;2025-03-31;1;AZUL S.A.;24112;DF Individual - Demonstração das Mutações do Patrimônio Líquido;REAL;MIL;PENÚLTIMO;2024-01-01;2024-03-31;Reservas de Capital, Opções Outorgadas e Ações em Tesouraria;5.05;Resultado Abrangente Total;0.0;S
09.305.994/0001-29;2025-03-31;1;AZUL S.A.;24112;DF Individual - Demonstração das Mutações do Patrimônio Líquido;REAL;MIL;ÚLTIMO;2025-01-01;2025-03-31;Reservas de Capital, Opções Outorgadas e Ações em Tesouraria;5.05;Resultado Abrangente Total;0.0;S
09.305.994/0001-29;2025-03-31;1;AZUL S.A.;24112;DF Individual - Demonstração das Mutações do Patrimônio Líquido;REAL;MIL;PENÚLTIMO;2024-01-01;2024-03-31;Reservas de Lucro;5.05;Resultado Abrangente Total;0.0;S
09.305.994/0001-29;2025-03-31;1;AZUL S.A.;24112;DF Individual - Demonstração das Mutações do Patrimônio Líquido;REAL;MIL;ÚLTIMO;2025-01-01;2025-03-31;Reservas de Lucro;5.05;Resultado Abrangente Total;0.0;S
09.305.994/0001-29;2025-03-31;1;AZUL S.A.;24112;DF Individual - Demonstração das Mutações do Patrimônio Líquido;REAL;MIL;PENÚLTIMO;2024-01-01;2024-03-31;Lucros ou Prejuízos Acumulados;5.05;Resultado Abrangente Total;-1050295.0;S
09.305.994/0001-29;2025-03-31;1;AZUL S.A.;24112;DF Individual - Demonstração das Mutações do Patrimônio Líquido;REAL;MIL;ÚLTIMO;2025-01-01;2025-03-31;Lucros ou Prejuízos Acumulados;5.05;Resultado Abrangente Total;1653615.0;S
09.305.994/0001-29;2025-03-31;1;AZUL S.A.;24112;DF Individual - Demonstração das Mutações do Patrimônio Líquido;REAL;MIL;PENÚLTIMO;2024-01-01;2024-03-31;Outros Resultados Abrangentes;5.05;Resultado Abrangente Total;0.0;S
09.305.994/0001-29;2025-03-31;1;AZUL S.A.;24112;DF Individual - Demonstração das Mutações do Patrimônio Líquido;REAL;MIL;ÚLTIMO;2025-01-01;2025-03-31;Outros Resultados Abrangentes;5.05;Resultado Abrangente Total;0.0;S
09.305.994/0001-29;2025-03-31;1;AZUL S.A.;24112;DF Individual - Demonstração das Mutações do Patrimônio Líquido;REAL;MIL;PENÚLTIMO;2024-01-01;2024-03-31;Patrimônio Líquido;5.05;Resultado Abrangente Total;-1050295.0;S
09.305.994/0001-29;2025-03-31;1;AZUL S.A.;24112;DF Individual - Demonstração das Mutações do Patrimônio Líquido;REAL;MIL;ÚLTIMO;2025-01-01;2025-03-31;Patrimônio Líquido;5.05;Resultado Abrangente Total;1653615.0;S
09.305.994/0001-29;2025-03-31;1;AZUL S.A.;24112;DF Individual - Demonstração das Mutações do Patrimônio Líquido;REAL;MIL;PENÚLTIMO;2024-01-01;2024-03-31;Capital Social Integralizado;5.05.01;Lucro Líquido do Período;0.0;S
09.305.994/0001-29;2025-03-31;1;AZUL S.A.;24112;DF Individual - Demonstração das Mutações do Patrimônio Líquido;REAL;MIL;ÚLTIMO;2025-01-01;2025-03-31;Capital Social Integralizado;5.05.01;Lucro Líquido do Período;0.0;S
09.305.994/0001-29;2025-03-31;1;AZUL S.A.;24112;DF Individual - Demonstração das Mutações do Patrimônio Líquido;REAL;MIL;PENÚLTIMO;2024-01-01;2024-03-31;Reservas de Capital, Opções Outorgadas e Ações em Tesouraria;5.05.01;Lucro Líquido do Período;0.0;S
09.305.994/0001-29;2025-03-31;1;AZUL S.A.;24112;DF Individual - Demonstração das Mutações do Patrimônio Líquido;REAL;MIL;ÚLTIMO;2025-01-01;2025-03-31;Reservas de Capital, Opções Outorgadas e Ações em Tesouraria;5.05.01;Lucro Líquido do Período;0.0;S
09.305.994/0001-29;2025-03-31;1;AZUL S.A.;24112;DF Individual - Demonstração das Mutações do Patrimônio Líquido;REAL;MIL;PENÚLTIMO;2024-01-01;2024-03-31;Reservas de Lucro;5.05.01;Lucro Líquido do Período;0.0;S
09.305.994/0001-29;2025-03-31;1;AZUL S.A.;24112;DF Individual - Demonstração das Mutações do Patrimônio Líquido;REAL;MIL;ÚLTIMO;2025-01-01;2025-03-31;Reservas de Lucro;5.05.01;Lucro Líquido do Período;0.0;S
09.305.994/0001-29;2025-03-31;1;AZUL S.A.;24112;DF Individual - Demonstração das Mutações do Patrimônio Líquido;REAL;MIL;PENÚLTIMO;2024-01-01;2024-03-31;Lucros ou Prejuízos Acumulados;5.05.01;Lucro Líquido do Período;-1050295.0;S
09.305.994/0001-29;2025-03-31;1;AZUL S.A.;24112;DF Individual - Demonstração das Mutações do Patrimônio Líquido;REAL;MIL;ÚLTIMO;2025-01-01;2025-03-31;Lucros ou Prejuízos Acumulados;5.05.01;Lucro Líquido do Período;1653615.0;S
09.305.994/0001-29;2025-03-31;1;AZUL S.A.;24112;DF Individual - Demonstração das Mutações do Patrimônio Líquido;REAL;MIL;PENÚLTIMO;2024-01-01;2024-03-31;Outros Resultados Abrangentes;5.05.01;Lucro Líquido do Período;0.0;S
09.305.994/0001-29;2025-03-31;1;AZUL S.A.;24112;DF Individual - Demonstração das Mutações do Patrimônio Líquido;REAL;MIL;ÚLTIMO;2025-01-01;2025-03-31;Outros Resultados Abrangentes;5.05.01;Lucro Líquido do Período;0.0;S
09.305.994/0001-29;2025-03-31;1;AZUL S.A.;24112;DF Individual - Demonstração das Mutações do Patrimônio Líquido;REAL;MIL;PENÚLTIMO;2024-01-01;2024-03-31;Patrimônio Líquido;5.05.01;Lucro Líquido do Período;-1050295.0;S
09.305.994/0001-29;2025-03-31;1;AZUL S.A.;24112;DF Individual - Demonstração das Mutações do Patrimônio Líquido;REAL;MIL;ÚLTIMO;2025-01-01;2025-03-31;Patrimônio Líquido;5.05.01;Lucro Líquido do Período;1653615.0;S
09.305.994/0001-29;2025-03-31;1;AZUL S.A.;24112;DF Individual - Demonstração das Mutações do Patrimônio Líquido;REAL;MIL;PENÚLTIMO;2024-01-01;2024-03-31;Capital Social Integralizado;5.05.02;Outros Resultados Abrangentes;0.0;S
09.305.994/0001-29;2025-03-31;1;AZUL S.A.;24112;DF Individual - Demonstração das Mutações do Patrimônio Líquido;REAL;MIL;ÚLTIMO;2025-01-01;2025-03-31;Capital Social Integralizado;5.05.02;Outros Resultados Abrangentes;0.0;S
09.305.994/0001-29;2025-03-31;1;AZUL S.A.;24112;DF Individual - Demonstração das Mutações do Patrimônio Líquido;REAL;MIL;PENÚLTIMO;2024-01-01;2024-03-31;Reservas de Capital, Opções Outorgadas e Ações em Tesouraria;5.05.02;Outros Resultados Abrangentes;0.0;S
09.305.994/0001-29;2025-03-31;1;AZUL S.A.;24112;DF Individual - Demonstração das Mutações do Patrimônio Líquido;REAL;MIL;ÚLTIMO;2025-01-01;2025-03-31;Reservas de Capital, Opções Outorgadas e Ações em Tesouraria;5.05.02;Outros Resultados Abrangentes;0.0;S
09.305.994/0001-29;2025-03-31;1;AZUL S.A.;24112;DF Individual - Demonstração das Mutações do Patrimônio Líquido;REAL;MIL;PENÚLTIMO;2024-01-01;2024-03-31;Reservas de Lucro;5.05.02;Outros Resultados Abrangentes;0.0;S
09.305.994/0001-29;2025-03-31;1;AZUL S.A.;24112;DF Individual - Demonstração das Mutações do Patrimônio Líquido;REAL;MIL;ÚLTIMO;2025-01-01;2025-03-31;Reservas de Lucro;5.05.02;Outros Resultados Abrangentes;0.0;S
09.305.994/0001-29;2025-03-31;1;AZUL S.A.;24112;DF Individual - Demonstração das Mutações do Patrimônio Líquido;REAL;MIL;PENÚLTIMO;2024-01-01;2024-03-31;Lucros ou Prejuízos Acumulados;5.05.02;Outros Resultados Abrangentes;0.0;S
09.305.994/0001-29;2025-03-31;1;AZUL S.A.;24112;DF Individual - Demonstração das Mutações do Patrimônio Líquido;REAL;MIL;ÚLTIMO;2025-01-01;2025-03-31;Lucros ou Prejuízos Acumulados;5.05.02;Outros Resultados Abrangentes;0.0;S
09.305.994/0001-29;2025-03-31;1;AZUL S.A.;24112;DF Individual - Demonstração das Mutações do Patrimônio Líquido;REAL;MIL;PENÚLTIMO;2024-01-01;2024-03-31;Outros Resultados Abrangentes;5.05.02;Outros Resultados Abrangentes;0.0;S
09.305.994/0001-29;2025-03-31;1;AZUL S.A.;24112;DF Individual - Demonstração das Mutações do Patrimônio Líquido;REAL;MIL;ÚLTIMO;2025-01-01;2025-03-31;Outros Resultados Abrangentes;5.05.02;Outros Resultados Abrangentes;0.0;S
09.305.994/0001-29;2025-03-31;1;AZUL S.A.;24112;DF Individual - Demonstração das Mutações do Patrimônio Líquido;REAL;MIL;PENÚLTIMO;2024-01-01;2024-03-31;Patrimônio Líquido;5.05.02;Outros Resultados Abrangentes;0.0;S
09.305.994/0001-29;2025-03-31;1;AZUL S.A.;24112;DF Individual - Demonstração das Mutações do Patrimônio Líquido;REAL;MIL;ÚLTIMO;2025-01-01;2025-03-31;Patrimônio Líquido;5.05.02;Outros Resultados Abrangentes;0.0;S
09.305.994/0001-29;2025-03-31;1;AZUL S.A.;24112;DF Individual - Demonstração das Mutações do Patrimônio Líquido;REAL;MIL;PENÚLTIMO;2024-01-01;2024-03-31;Capital Social Integralizado;5.05.02.01;Ajustes de Instrumentos Financeiros;0.0;S
09.305.994/0001-29;2025-03-31;1;AZUL S.A.;24112;DF Individual - Demonstração das Mutações do Patrimônio Líquido;REAL;MIL;ÚLTIMO;2025-01-01;2025-03-31;Capital Social Integralizado;5.05.02.01;Ajustes de Instrumentos Financeiros;0.0;S
09.305.994/0001-29;2025-03-31;1;AZUL S.A.;24112;DF Individual - Demonstração das Mutações do Patrimônio Líquido;REAL;MIL;PENÚLTIMO;2024-01-01;2024-03-31;Reservas de Capital, Opções Outorgadas e Ações em Tesouraria;5.05.02.01;Ajustes de Instrumentos Financeiros;0.0;S
09.305.994/0001-29;2025-03-31;1;AZUL S.A.;24112;DF Individual - Demonstração das Mutações do Patrimônio Líquido;REAL;MIL;ÚLTIMO;2025-01-01;2025-03-31;Reservas de Capital, Opções Outorgadas e Ações em Tesouraria;5.05.02.01;Ajustes de Instrumentos Financeiros;0.0;S
09.305.994/0001-29;2025-03-31;1;AZUL S.A.;24112;DF Individual - Demonstração das Mutações do Patrimônio Líquido;REAL;MIL;PENÚLTIMO;2024-01-01;2024-03-31;Reservas de Lucro;5.05.02.01;Ajustes de Instrumentos Financeiros;0.0;S
09.305.994/0001-29;2025-03-31;1;AZUL S.A.;24112;DF Individual - Demonstração das Mutações do Patrimônio Líquido;REAL;MIL;ÚLTIMO;2025-01-01;2025-03-31;Reservas de Lucro;5.05.02.01;Ajustes de Instrumentos Financeiros;0.0;S
09.305.994/0001-29;2025-03-31;1;AZUL S.A.;24112;DF Individual - Demonstração das Mutações do Patrimônio Líquido;REAL;MIL;PENÚLTIMO;2024-01-01;2024-03-31;Lucros ou Prejuízos Acumulados;5.05.02.01;Ajustes de Instrumentos Financeiros;0.0;S
09.305.994/0001-29;2025-03-31;1;AZUL S.A.;24112;DF Individual - Demonstração das Mutações do Patrimônio Líquido;REAL;MIL;ÚLTIMO;2025-01-01;2025-03-31;Lucros ou Prejuízos Acumulados;5.05.02.01;Ajustes de Instrumentos Financeiros;0.0;S
09.305.994/0001-29;2025-03-31;1;AZUL S.A.;24112;DF Individual - Demonstração das Mutações do Patrimônio Líquido;REAL;MIL;PENÚLTIMO;2024-01-01;2024-03-31;Outros Resultados Abrangentes;5.05.02.01;Ajustes de Instrumentos Financeiros;0.0;S
09.305.994/0001-29;2025-03-31;1;AZUL S.A.;24112;DF Individual - Demonstração das Mutações do Patrimônio Líquido;REAL;MIL;ÚLTIMO;2025-01-01;2025-03-31;Outros Resultados Abrangentes;5.05.02.01;Ajustes de Instrumentos Financeiros;0.0;S
09.305.994/0001-29;2025-03-31;1;AZUL S.A.;24112;DF Individual - Demonstração das Mutações do Patrimônio Líquido;REAL;MIL;PENÚLTIMO;2024-01-01;2024-03-31;Patrimônio Líquido;5.05.02.01;Ajustes de Instrumentos Financeiros;0.0;S
09.305.994/0001-29;2025-03-31;1;AZUL S.A.;24112;DF Individual - Demonstração das Mutações do Patrimônio Líquido;REAL;MIL;ÚLTIMO;2025-01-01;2025-03-31;Patrimônio Líquido;5.05.02.01;Ajustes de Instrumentos Financeiros;0.0;S
09.305.994/0001-29;2025-03-31;1;AZUL S.A.;24112;DF Individual - Demonstração das Mutações do Patrimônio Líquido;REAL;MIL;PENÚLTIMO;2024-01-01;2024-03-31;Capital Social Integralizado;5.05.02.02;Tributos s/ Ajustes Instrumentos Financeiros;0.0;S
09.305.994/0001-29;2025-03-31;1;AZUL S.A.;24112;DF Individual - Demonstração das Mutações do Patrimônio Líquido;REAL;MIL;ÚLTIMO;2025-01-01;2025-03-31;Capital Social Integralizado;5.05.02.02;Tributos s/ Ajustes Instrumentos Financeiros;0.0;S
09.305.994/0001-29;2025-03-31;1;AZUL S.A.;24112;DF Individual - Demonstração das Mutações do Patrimônio Líquido;REAL;MIL;PENÚLTIMO;2024-01-01;2024-03-31;Reservas de Capital, Opções Outorgadas e Ações em Tesouraria;5.05.02.02;Tributos s/ Ajustes Instrumentos Financeiros;0.0;S
09.305.994/0001-29;2025-03-31;1;AZUL S.A.;24112;DF Individual - Demonstração das Mutações do Patrimônio Líquido;REAL;MIL;ÚLTIMO;2025-01-01;2025-03-31;Reservas de Capital, Opções Outorgadas e Ações em Tesouraria;5.05.02.02;Tributos s/ Ajustes Instrumentos Financeiros;0.0;S
09.305.994/0001-29;2025-03-31;1;AZUL S.A.;24112;DF Individual - Demonstração das Mutações do Patrimônio Líquido;REAL;MIL;PENÚLTIMO;2024-01-01;2024-03-31;Reservas de Lucro;5.05.02.02;Tributos s/ Ajustes Instrumentos Financeiros;0.0;S
09.305.994/0001-29;2025-03-31;1;AZUL S.A.;24112;DF Individual - Demonstração das Mutações do Patrimônio Líquido;REAL;MIL;ÚLTIMO;2025-01-01;2025-03-31;Reservas de Lucro;5.05.02.02;Tributos s/ Ajustes Instrumentos Financeiros;0.0;S
09.305.994/0001-29;2025-03-31;1;AZUL S.A.;24112;DF Individual - Demonstração das Mutações do Patrimônio Líquido;REAL;MIL;PENÚLTIMO;2024-01-01;2024-03-31;Lucros ou Prejuízos Acumulados;5.05.02.02;Tributos s/ Ajustes Instrumentos Financeiros;0.0;S
09.305.994/0001-29;2025-03-31;1;AZUL S.A.;24112;DF Individual - Demonstração das Mutações do Patrimônio Líquido;REAL;MIL;ÚLTIMO;2025-01-01;2025-03-31;Lucros ou Prejuízos Acumulados;5.05.02.02;Tributos s/ Ajustes Instrumentos Financeiros;0.0;S
09.305.994/0001-29;2025-03-31;1;AZUL S.A.;24112;DF Individual - Demonstração das Mutações do Patrimônio Líquido;REAL;MIL;PENÚLTIMO;2024-01-01;2024-03-31;Outros Resultados Abrangentes;5.05.02.02;Tributos s/ Ajustes Instrumentos Financeiros;0.0;S
09.305.994/0001-29;2025-03-31;1;AZUL S.A.;24112;DF Individual - Demonstração das Mutações do Patrimônio Líquido;REAL;MIL;ÚLTIMO;2025-01-01;2025-03-31;Outros Resultados Abrangentes;5.05.02.02;Tributos s/ Ajustes Instrumentos Financeiros;0.0;S
09.305.994/0001-29;2025-03-31;1;AZUL S.A.;24112;DF Individual - Demonstração das Mutações do Patrimônio Líquido;REAL;MIL;PENÚLTIMO;2024-01-01;2024-03-31;Patrimônio Líquido;5.05.02.02;Tributos s/ Ajustes Instrumentos Financeiros;0.0;S
09.305.994/0001-29;2025-03-31;1;AZUL S.A.;24112;DF Individual - Demonstração das Mutações do Patrimônio Líquido;REAL;MIL;ÚLTIMO;2025-01-01;2025-03-31;Patrimônio Líquido;5.05.02.02;Tributos s/ Ajustes Instrumentos Financeiros;0.0;S
09.305.994/0001-29;2025-03-31;1;AZUL S.A.;24112;DF Individual - Demonstração das Mutações do Patrimônio Líquido;REAL;MIL;PENÚLTIMO;2024-01-01;2024-03-31;Capital Social Integralizado;5.05.02.03;Equiv. Patrim. s/Result. Abrang. Controladas e Coligadas;0.0;S
09.305.994/0001-29;2025-03-31;1;AZUL S.A.;24112;DF Individual - Demonstração das Mutações do Patrimônio Líquido;REAL;MIL;ÚLTIMO;2025-01-01;2025-03-31;Capital Social Integralizado;5.05.02.03;Equiv. Patrim. s/Result. Abrang. Controladas e Coligadas;0.0;S
09.305.994/0001-29;2025-03-31;1;AZUL S.A.;24112;DF Individual - Demonstração das Mutações do Patrimônio Líquido;REAL;MIL;PENÚLTIMO;2024-01-01;2024-03-31;Reservas de Capital, Opções Outorgadas e Ações em Tesouraria;5.05.02.03;Equiv. Patrim. s/Result. Abrang. Controladas e Coligadas;0.0;S
09.305.994/0001-29;2025-03-31;1;AZUL S.A.;24112;DF Individual - Demonstração das Mutações do Patrimônio Líquido;REAL;MIL;ÚLTIMO;2025-01-01;2025-03-31;Reservas de Capital, Opções Outorgadas e Ações em Tesouraria;5.05.02.03;Equiv. Patrim. s/Result. Abrang. Controladas e Coligadas;0.0;S
09.305.994/0001-29;2025-03-31;1;AZUL S.A.;24112;DF Individual - Demonstração das Mutações do Patrimônio Líquido;REAL;MIL;PENÚLTIMO;2024-01-01;2024-03-31;Reservas de Lucro;5.05.02.03;Equiv. Patrim. s/Result. Abrang. Controladas e Coligadas;0.0;S
09.305.994/0001-29;2025-03-31;1;AZUL S.A.;24112;DF Individual - Demonstração das Mutações do Patrimônio Líquido;REAL;MIL;ÚLTIMO;2025-01-01;2025-03-31;Reservas de Lucro;5.05.02.03;Equiv. Patrim. s/Result. Abrang. Controladas e Coligadas;0.0;S
09.305.994/0001-29;2025-03-31;1;AZUL S.A.;24112;DF Individual - Demonstração das Mutações do Patrimônio Líquido;REAL;MIL;PENÚLTIMO;2024-01-01;2024-03-31;Lucros ou Prejuízos Acumulados;5.05.02.03;Equiv. Patrim. s/Result. Abrang. Controladas e Coligadas;0.0;S
09.305.994/0001-29;2025-03-31;1;AZUL S.A.;24112;DF Individual - Demonstração das Mutações do Patrimônio Líquido;REAL;MIL;ÚLTIMO;2025-01-01;2025-03-31;Lucros ou Prejuízos Acumulados;5.05.02.03;Equiv. Patrim. s/Result. Abrang. Controladas e Coligadas;0.0;S
09.305.994/0001-29;2025-03-31;1;AZUL S.A.;24112;DF Individual - Demonstração das Mutações do Patrimônio Líquido;REAL;MIL;PENÚLTIMO;2024-01-01;2024-03-31;Outros Resultados Abrangentes;5.05.02.03;Equiv. Patrim. s/Result. Abrang. Controladas e Coligadas;0.0;S
09.305.994/0001-29;2025-03-31;1;AZUL S.A.;24112;DF Individual - Demonstração das Mutações do Patrimônio Líquido;REAL;MIL;ÚLTIMO;2025-01-01;2025-03-31;Outros Resultados Abrangentes;5.05.02.03;Equiv. Patrim. s/Result. Abrang. Controladas e Coligadas;0.0;S
09.305.994/0001-29;2025-03-31;1;AZUL S.A.;24112;DF Individual - Demonstração das Mutações do Patrimônio Líquido;REAL;MIL;PENÚLTIMO;2024-01-01;2024-03-31;Patrimônio Líquido;5.05.02.03;Equiv. Patrim. s/Result. Abrang. Controladas e Coligadas;0.0;S
09.305.994/0001-29;2025-03-31;1;AZUL S.A.;24112;DF Individual - Demonstração das Mutações do Patrimônio Líquido;REAL;MIL;ÚLTIMO;2025-01-01;2025-03-31;Patrimônio Líquido;5.05.02.03;Equiv. Patrim. s/Result. Abrang. Controladas e Coligadas;0.0;S
09.305.994/0001-29;2025-03-31;1;AZUL S.A.;24112;DF Individual - Demonstração das Mutações do Patrimônio Líquido;REAL;MIL;PENÚLTIMO;2024-01-01;2024-03-31;Capital Social Integralizado;5.05.02.04;Ajustes de Conversão do Período;0.0;S
09.305.994/0001-29;2025-03-31;1;AZUL S.A.;24112;DF Individual - Demonstração das Mutações do Patrimônio Líquido;REAL;MIL;ÚLTIMO;2025-01-01;2025-03-31;Capital Social Integralizado;5.05.02.04;Ajustes de Conversão do Período;0.0;S
09.305.994/0001-29;2025-03-31;1;AZUL S.A.;24112;DF Individual - Demonstração das Mutações do Patrimônio Líquido;REAL;MIL;PENÚLTIMO;2024-01-01;2024-03-31;Reservas de Capital, Opções Outorgadas e Ações em Tesouraria;5.05.02.04;Ajustes de Conversão do Período;0.0;S
09.305.994/0001-29;2025-03-31;1;AZUL S.A.;24112;DF Individual - Demonstração das Mutações do Patrimônio Líquido;REAL;MIL;ÚLTIMO;2025-01-01;2025-03-31;Reservas de Capital, Opções Outorgadas e Ações em Tesouraria;5.05.02.04;Ajustes de Conversão do Período;0.0;S
09.305.994/0001-29;2025-03-31;1;AZUL S.A.;24112;DF Individual - Demonstração das Mutações do Patrimônio Líquido;REAL;MIL;PENÚLTIMO;2024-01-01;2024-03-31;Reservas de Lucro;5.05.02.04;Ajustes de Conversão do Período;0.0;S
09.305.994/0001-29;2025-03-31;1;AZUL S.A.;24112;DF Individual - Demonstração das Mutações do Patrimônio Líquido;REAL;MIL;ÚLTIMO;2025-01-01;2025-03-31;Reservas de Lucro;5.05.02.04;Ajustes de Conversão do Período;0.0;S
09.305.994/0001-29;2025-03-31;1;AZUL S.A.;24112;DF Individual - Demonstração das Mutações do Patrimônio Líquido;REAL;MIL;PENÚLTIMO;2024-01-01;2024-03-31;Lucros ou Prejuízos Acumulados;5.05.02.04;Ajustes de Conversão do Período;0.0;S
09.305.994/0001-29;2025-03-31;1;AZUL S.A.;24112;DF Individual - Demonstração das Mutações do Patrimônio Líquido;REAL;MIL;ÚLTIMO;2025-01-01;2025-03-31;Lucros ou Prejuízos Acumulados;5.05.02.04;Ajustes de Conversão do Período;0.0;S
09.305.994/0001-29;2025-03-31;1;AZUL S.A.;24112;DF Individual - Demonstração das Mutações do Patrimônio Líquido;REAL;MIL;PENÚLTIMO;2024-01-01;2024-03-31;Outros Resultados Abrangentes;5.05.02.04;Ajustes de Conversão do Período;0.0;S
09.305.994/0001-29;2025-03-31;1;AZUL S.A.;24112;DF Individual - Demonstração das Mutações do Patrimônio Líquido;REAL;MIL;ÚLTIMO;2025-01-01;2025-03-31;Outros Resultados Abrangentes;5.05.02.04;Ajustes de Conversão do Período;0.0;S
09.305.994/0001-29;2025-03-31;1;AZUL S.A.;24112;DF Individual - Demonstração das Mutações do Patrimônio Líquido;REAL;MIL;PENÚLTIMO;2024-01-01;2024-03-31;Patrimônio Líquido;5.05.02.04;Ajustes de Conversão do Período;0.0;S
09.305.994/0001-29;2025-03-31;1;AZUL S.A.;24112;DF Individual - Demonstração das Mutações do Patrimônio Líquido;REAL;MIL;ÚLTIMO;2025-01-01;2025-03-31;Patrimônio Líquido;5.05.02.04;Ajustes de Conversão do Período;0.0;S
09.305.994/0001-29;2025-03-31;1;AZUL S.A.;24112;DF Individual - Demonstração das Mutações do Patrimônio Líquido;REAL;MIL;PENÚLTIMO;2024-01-01;2024-03-31;Capital Social Integralizado;5.05.02.05;Tributos s/ Ajustes de Conversão do Período;0.0;S
09.305.994/0001-29;2025-03-31;1;AZUL S.A.;24112;DF Individual - Demonstração das Mutações do Patrimônio Líquido;REAL;MIL;ÚLTIMO;2025-01-01;2025-03-31;Capital Social Integralizado;5.05.02.05;Tributos s/ Ajustes de Conversão do Período;0.0;S
09.305.994/0001-29;2025-03-31;1;AZUL S.A.;24112;DF Individual - Demonstração das Mutações do Patrimônio Líquido;REAL;MIL;PENÚLTIMO;2024-01-01;2024-03-31;Reservas de Capital, Opções Outorgadas e Ações em Tesouraria;5.05.02.05;Tributos s/ Ajustes de Conversão do Período;0.0;S
09.305.994/0001-29;2025-03-31;1;AZUL S.A.;24112;DF Individual - Demonstração das Mutações do Patrimônio Líquido;REAL;MIL;ÚLTIMO;2025-01-01;2025-03-31;Reservas de Capital, Opções Outorgadas e Ações em Tesouraria;5.05.02.05;Tributos s/ Ajustes de Conversão do Período;0.0;S
09.305.994/0001-29;2025-03-31;1;AZUL S.A.;24112;DF Individual - Demonstração das Mutações do Patrimônio Líquido;REAL;MIL;PENÚLTIMO;2024-01-01;2024-03-31;Reservas de Lucro;5.05.02.05;Tributos s/ Ajustes de Conversão do Período;0.0;S
09.305.994/0001-29;2025-03-31;1;AZUL S.A.;24112;DF Individual - Demonstração das Mutações do Patrimônio Líquido;REAL;MIL;ÚLTIMO;2025-01-01;2025-03-31;Reservas de Lucro;5.05.02.05;Tributos s/ Ajustes de Conversão do Período;0.0;S
09.305.994/0001-29;2025-03-31;1;AZUL S.A.;24112;DF Individual - Demonstração das Mutações do Patrimônio Líquido;REAL;MIL;PENÚLTIMO;2024-01-01;2024-03-31;Lucros ou Prejuízos Acumulados;5.05.02.05;Tributos s/ Ajustes de Conversão do Período;0.0;S
09.305.994/0001-29;2025-03-31;1;AZUL S.A.;24112;DF Individual - Demonstração das Mutações do Patrimônio Líquido;REAL;MIL;ÚLTIMO;2025-01-01;2025-03-31;Lucros ou Prejuízos Acumulados;5.05.02.05;Tributos s/ Ajustes de Conversão do Período;0.0;S
09.305.994/0001-29;2025-03-31;1;AZUL S.A.;24112;DF Individual - Demonstração das Mutações do Patrimônio Líquido;REAL;MIL;PENÚLTIMO;2024-01-01;2024-03-31;Outros Resultados Abrangentes;5.05.02.05;Tributos s/ Ajustes de Conversão do Período;0.0;S
09.305.994/0001-29;2025-03-31;1;AZUL S.A.;24112;DF Individual - Demonstração das Mutações do Patrimônio Líquido;REAL;MIL;ÚLTIMO;2025-01-01;2025-03-31;Outros Resultados Abrangentes;5.05.02.05;Tributos s/ Ajustes de Conversão do Período;0.0;S
09.305.994/0001-29;2025-03-31;1;AZUL S.A.;24112;DF Individual - Demonstração das Mutações do Patrimônio Líquido;REAL;MIL;PENÚLTIMO;2024-01-01;2024-03-31;Patrimônio Líquido;5.05.02.05;Tributos s/ Ajustes de Conversão do Período;0.0;S
09.305.994/0001-29;2025-03-31;1;AZUL S.A.;24112;DF Individual - Demonstração das Mutações do Patrimônio Líquido;REAL;MIL;ÚLTIMO;2025-01-01;2025-03-31;Patrimônio Líquido;5.05.02.05;Tributos s/ Ajustes de Conversão do Período;0.0;S
09.305.994/0001-29;2025-03-31;1;AZUL S.A.;24112;DF Individual - Demonstração das Mutações do Patrimônio Líquido;REAL;MIL;PENÚLTIMO;2024-01-01;2024-03-31;Capital Social Integralizado;5.05.03;Reclassificações para o Resultado;0.0;S
09.305.994/0001-29;2025-03-31;1;AZUL S.A.;24112;DF Individual - Demonstração das Mutações do Patrimônio Líquido;REAL;MIL;ÚLTIMO;2025-01-01;2025-03-31;Capital Social Integralizado;5.05.03;Reclassificações para o Resultado;0.0;S
09.305.994/0001-29;2025-03-31;1;AZUL S.A.;24112;DF Individual - Demonstração das Mutações do Patrimônio Líquido;REAL;MIL;PENÚLTIMO;2024-01-01;2024-03-31;Reservas de Capital, Opções Outorgadas e Ações em Tesouraria;5.05.03;Reclassificações para o Resultado;0.0;S
09.305.994/0001-29;2025-03-31;1;AZUL S.A.;24112;DF Individual - Demonstração das Mutações do Patrimônio Líquido;REAL;MIL;ÚLTIMO;2025-01-01;2025-03-31;Reservas de Capital, Opções Outorgadas e Ações em Tesouraria;5.05.03;Reclassificações para o Resultado;0.0;S
09.305.994/0001-29;2025-03-31;1;AZUL S.A.;24112;DF Individual - Demonstração das Mutações do Patrimônio Líquido;REAL;MIL;PENÚLTIMO;2024-01-01;2024-03-31;Reservas de Lucro;5.05.03;Reclassificações para o Resultado;0.0;S
09.305.994/0001-29;2025-03-31;1;AZUL S.A.;24112;DF Individual - Demonstração das Mutações do Patrimônio Líquido;REAL;MIL;ÚLTIMO;2025-01-01;2025-03-31;Reservas de Lucro;5.05.03;Reclassificações para o Resultado;0.0;S
09.305.994/0001-29;2025-03-31;1;AZUL S.A.;24112;DF Individual - Demonstração das Mutações do Patrimônio Líquido;REAL;MIL;PENÚLTIMO;2024-01-01;2024-03-31;Lucros ou Prejuízos Acumulados;5.05.03;Reclassificações para o Resultado;0.0;S
09.305.994/0001-29;2025-03-31;1;AZUL S.A.;24112;DF Individual - Demonstração das Mutações do Patrimônio Líquido;REAL;MIL;ÚLTIMO;2025-01-01;2025-03-31;Lucros ou Prejuízos Acumulados;5.05.03;Reclassificações para o Resultado;0.0;S
09.305.994/0001-29;2025-03-31;1;AZUL S.A.;24112;DF Individual - Demonstração das Mutações do Patrimônio Líquido;REAL;MIL;PENÚLTIMO;2024-01-01;2024-03-31;Outros Resultados Abrangentes;5.05.03;Reclassificações para o Resultado;0.0;S
09.305.994/0001-29;2025-03-31;1;AZUL S.A.;24112;DF Individual - Demonstração das Mutações do Patrimônio Líquido;REAL;MIL;ÚLTIMO;2025-01-01;2025-03-31;Outros Resultados Abrangentes;5.05.03;Reclassificações para o Resultado;0.0;S
09.305.994/0001-29;2025-03-31;1;AZUL S.A.;24112;DF Individual - Demonstração das Mutações do Patrimônio Líquido;REAL;MIL;PENÚLTIMO;2024-01-01;2024-03-31;Patrimônio Líquido;5.05.03;Reclassificações para o Resultado;0.0;S
09.305.994/0001-29;2025-03-31;1;AZUL S.A.;24112;DF Individual - Demonstração das Mutações do Patrimônio Líquido;REAL;MIL;ÚLTIMO;2025-01-01;2025-03-31;Patrimônio Líquido;5.05.03;Reclassificações para o Resultado;0.0;S
09.305.994/0001-29;2025-03-31;1;AZUL S.A.;24112;DF Individual - Demonstração das Mutações do Patrimônio Líquido;REAL;MIL;PENÚLTIMO;2024-01-01;2024-03-31;Capital Social Integralizado;5.05.03.01;Ajustes de Instrumentos Financeiros;0.0;S
09.305.994/0001-29;2025-03-31;1;AZUL S.A.;24112;DF Individual - Demonstração das Mutações do Patrimônio Líquido;REAL;MIL;ÚLTIMO;2025-01-01;2025-03-31;Capital Social Integralizado;5.05.03.01;Ajustes de Instrumentos Financeiros;0.0;S
09.305.994/0001-29;2025-03-31;1;AZUL S.A.;24112;DF Individual - Demonstração das Mutações do Patrimônio Líquido;REAL;MIL;PENÚLTIMO;2024-01-01;2024-03-31;Reservas de Capital, Opções Outorgadas e Ações em Tesouraria;5.05.03.01;Ajustes de Instrumentos Financeiros;0.0;S
09.305.994/0001-29;2025-03-31;1;AZUL S.A.;24112;DF Individual - Demonstração das Mutações do Patrimônio Líquido;REAL;MIL;ÚLTIMO;2025-01-01;2025-03-31;Reservas de Capital, Opções Outorgadas e Ações em Tesouraria;5.05.03.01;Ajustes de Instrumentos Financeiros;0.0;S
09.305.994/0001-29;2025-03-31;1;AZUL S.A.;24112;DF Individual - Demonstração das Mutações do Patrimônio Líquido;REAL;MIL;PENÚLTIMO;2024-01-01;2024-03-31;Reservas de Lucro;5.05.03.01;Ajustes de Instrumentos Financeiros;0.0;S
09.305.994/0001-29;2025-03-31;1;AZUL S.A.;24112;DF Individual - Demonstração das Mutações do Patrimônio Líquido;REAL;MIL;ÚLTIMO;2025-01-01;2025-03-31;Reservas de Lucro;5.05.03.01;Ajustes de Instrumentos Financeiros;0.0;S
09.305.994/0001-29;2025-03-31;1;AZUL S.A.;24112;DF Individual - Demonstração das Mutações do Patrimônio Líquido;REAL;MIL;PENÚLTIMO;2024-01-01;2024-03-31;Lucros ou Prejuízos Acumulados;5.05.03.01;Ajustes de Instrumentos Financeiros;0.0;S
09.305.994/0001-29;2025-03-31;1;AZUL S.A.;24112;DF Individual - Demonstração das Mutações do Patrimônio Líquido;REAL;MIL;ÚLTIMO;2025-01-01;2025-03-31;Lucros ou Prejuízos Acumulados;5.05.03.01;Ajustes de Instrumentos Financeiros;0.0;S
09.305.994/0001-29;2025-03-31;1;AZUL S.A.;24112;DF Individual - Demonstração das Mutações do Patrimônio Líquido;REAL;MIL;PENÚLTIMO;2024-01-01;2024-03-31;Outros Resultados Abrangentes;5.05.03.01;Ajustes de Instrumentos Financeiros;0.0;S
09.305.994/0001-29;2025-03-31;1;AZUL S.A.;24112;DF Individual - Demonstração das Mutações do Patrimônio Líquido;REAL;MIL;ÚLTIMO;2025-01-01;2025-03-31;Outros Resultados Abrangentes;5.05.03.01;Ajustes de Instrumentos Financeiros;0.0;S
09.305.994/0001-29;2025-03-31;1;AZUL S.A.;24112;DF Individual - Demonstração das Mutações do Patrimônio Líquido;REAL;MIL;PENÚLTIMO;2024-01-01;2024-03-31;Patrimônio Líquido;5.05.03.01;Ajustes de Instrumentos Financeiros;0.0;S
09.305.994/0001-29;2025-03-31;1;AZUL S.A.;24112;DF Individual - Demonstração das Mutações do Patrimônio Líquido;REAL;MIL;ÚLTIMO;2025-01-01;2025-03-31;Patrimônio Líquido;5.05.03.01;Ajustes de Instrumentos Financeiros;0.0;S
09.305.994/0001-29;2025-03-31;1;AZUL S.A.;24112;DF Individual - Demonstração das Mutações do Patrimônio Líquido;REAL;MIL;PENÚLTIMO;2024-01-01;2024-03-31;Capital Social Integralizado;5.06;Mutações Internas do Patrimônio Líquido;0.0;S
09.305.994/0001-29;2025-03-31;1;AZUL S.A.;24112;DF Individual - Demonstração das Mutações do Patrimônio Líquido;REAL;MIL;ÚLTIMO;2025-01-01;2025-03-31;Capital Social Integralizado;5.06;Mutações Internas do Patrimônio Líquido;0.0;S
09.305.994/0001-29;2025-03-31;1;AZUL S.A.;24112;DF Individual - Demonstração das Mutações do Patrimônio Líquido;REAL;MIL;PENÚLTIMO;2024-01-01;2024-03-31;Reservas de Capital, Opções Outorgadas e Ações em Tesouraria;5.06;Mutações Internas do Patrimônio Líquido;0.0;S
09.305.994/0001-29;2025-03-31;1;AZUL S.A.;24112;DF Individual - Demonstração das Mutações do Patrimônio Líquido;REAL;MIL;ÚLTIMO;2025-01-01;2025-03-31;Reservas de Capital, Opções Outorgadas e Ações em Tesouraria;5.06;Mutações Internas do Patrimônio Líquido;0.0;S
09.305.994/0001-29;2025-03-31;1;AZUL S.A.;24112;DF Individual - Demonstração das Mutações do Patrimônio Líquido;REAL;MIL;PENÚLTIMO;2024-01-01;2024-03-31;Reservas de Lucro;5.06;Mutações Internas do Patrimônio Líquido;0.0;S
09.305.994/0001-29;2025-03-31;1;AZUL S.A.;24112;DF Individual - Demonstração das Mutações do Patrimônio Líquido;REAL;MIL;ÚLTIMO;2025-01-01;2025-03-31;Reservas de Lucro;5.06;Mutações Internas do Patrimônio Líquido;0.0;S
09.305.994/0001-29;2025-03-31;1;AZUL S.A.;24112;DF Individual - Demonstração das Mutações do Patrimônio Líquido;REAL;MIL;PENÚLTIMO;2024-01-01;2024-03-31;Lucros ou Prejuízos Acumulados;5.06;Mutações Internas do Patrimônio Líquido;0.0;S
09.305.994/0001-29;2025-03-31;1;AZUL S.A.;24112;DF Individual - Demonstração das Mutações do Patrimônio Líquido;REAL;MIL;ÚLTIMO;2025-01-01;2025-03-31;Lucros ou Prejuízos Acumulados;5.06;Mutações Internas do Patrimônio Líquido;0.0;S
09.305.994/0001-29;2025-03-31;1;AZUL S.A.;24112;DF Individual - Demonstração das Mutações do Patrimônio Líquido;REAL;MIL;PENÚLTIMO;2024-01-01;2024-03-31;Outros Resultados Abrangentes;5.06;Mutações Internas do Patrimônio Líquido;0.0;S
09.305.994/0001-29;2025-03-31;1;AZUL S.A.;24112;DF Individual - Demonstração das Mutações do Patrimônio Líquido;REAL;MIL;ÚLTIMO;2025-01-01;2025-03-31;Outros Resultados Abrangentes;5.06;Mutações Internas do Patrimônio Líquido;0.0;S
09.305.994/0001-29;2025-03-31;1;AZUL S.A.;24112;DF Individual - Demonstração das Mutações do Patrimônio Líquido;REAL;MIL;PENÚLTIMO;2024-01-01;2024-03-31;Patrimônio Líquido;5.06;Mutações Internas do Patrimônio Líquido;0.0;S
09.305.994/0001-29;2025-03-31;1;AZUL S.A.;24112;DF Individual - Demonstração das Mutações do Patrimônio Líquido;REAL;MIL;ÚLTIMO;2025-01-01;2025-03-31;Patrimônio Líquido;5.06;Mutações Internas do Patrimônio Líquido;0.0;S
09.305.994/0001-29;2025-03-31;1;AZUL S.A.;24112;DF Individual - Demonstração das Mutações do Patrimônio Líquido;REAL;MIL;PENÚLTIMO;2024-01-01;2024-03-31;Capital Social Integralizado;5.06.01;Constituição de Reservas;0.0;S
09.305.994/0001-29;2025-03-31;1;AZUL S.A.;24112;DF Individual - Demonstração das Mutações do Patrimônio Líquido;REAL;MIL;ÚLTIMO;2025-01-01;2025-03-31;Capital Social Integralizado;5.06.01;Constituição de Reservas;0.0;S
09.305.994/0001-29;2025-03-31;1;AZUL S.A.;24112;DF Individual - Demonstração das Mutações do Patrimônio Líquido;REAL;MIL;PENÚLTIMO;2024-01-01;2024-03-31;Reservas de Capital, Opções Outorgadas e Ações em Tesouraria;5.06.01;Constituição de Reservas;0.0;S
09.305.994/0001-29;2025-03-31;1;AZUL S.A.;24112;DF Individual - Demonstração das Mutações do Patrimônio Líquido;REAL;MIL;ÚLTIMO;2025-01-01;2025-03-31;Reservas de Capital, Opções Outorgadas e Ações em Tesouraria;5.06.01;Constituição de Reservas;0.0;S
09.305.994/0001-29;2025-03-31;1;AZUL S.A.;24112;DF Individual - Demonstração das Mutações do Patrimônio Líquido;REAL;MIL;PENÚLTIMO;2024-01-01;2024-03-31;Reservas de Lucro;5.06.01;Constituição de Reservas;0.0;S
09.305.994/0001-29;2025-03-31;1;AZUL S.A.;24112;DF Individual - Demonstração das Mutações do Patrimônio Líquido;REAL;MIL;ÚLTIMO;2025-01-01;2025-03-31;Reservas de Lucro;5.06.01;Constituição de Reservas;0.0;S
09.305.994/0001-29;2025-03-31;1;AZUL S.A.;24112;DF Individual - Demonstração das Mutações do Patrimônio Líquido;REAL;MIL;PENÚLTIMO;2024-01-01;2024-03-31;Lucros ou Prejuízos Acumulados;5.06.01;Constituição de Reservas;0.0;S
09.305.994/0001-29;2025-03-31;1;AZUL S.A.;24112;DF Individual - Demonstração das Mutações do Patrimônio Líquido;REAL;MIL;ÚLTIMO;2025-01-01;2025-03-31;Lucros ou Prejuízos Acumulados;5.06.01;Constituição de Reservas;0.0;S
09.305.994/0001-29;2025-03-31;1;AZUL S.A.;24112;DF Individual - Demonstração das Mutações do Patrimônio Líquido;REAL;MIL;PENÚLTIMO;2024-01-01;2024-03-31;Outros Resultados Abrangentes;5.06.01;Constituição de Reservas;0.0;S
09.305.994/0001-29;2025-03-31;1;AZUL S.A.;24112;DF Individual - Demonstração das Mutações do Patrimônio Líquido;REAL;MIL;ÚLTIMO;2025-01-01;2025-03-31;Outros Resultados Abrangentes;5.06.01;Constituição de Reservas;0.0;S
09.305.994/0001-29;2025-03-31;1;AZUL S.A.;24112;DF Individual - Demonstração das Mutações do Patrimônio Líquido;REAL;MIL;PENÚLTIMO;2024-01-01;2024-03-31;Patrimônio Líquido;5.06.01;Constituição de Reservas;0.0;S
09.305.994/0001-29;2025-03-31;1;AZUL S.A.;24112;DF Individual - Demonstração das Mutações do Patrimônio Líquido;REAL;MIL;ÚLTIMO;2025-01-01;2025-03-31;Patrimônio Líquido;5.06.01;Constituição de Reservas;0.0;S
09.305.994/0001-29;2025-03-31;1;AZUL S.A.;24112;DF Individual - Demonstração das Mutações do Patrimônio Líquido;REAL;MIL;PENÚLTIMO;2024-01-01;2024-03-31;Capital Social Integralizado;5.06.02;Realização da Reserva Reavaliação;0.0;S
09.305.994/0001-29;2025-03-31;1;AZUL S.A.;24112;DF Individual - Demonstração das Mutações do Patrimônio Líquido;REAL;MIL;ÚLTIMO;2025-01-01;2025-03-31;Capital Social Integralizado;5.06.02;Realização da Reserva Reavaliação;0.0;S
09.305.994/0001-29;2025-03-31;1;AZUL S.A.;24112;DF Individual - Demonstração das Mutações do Patrimônio Líquido;REAL;MIL;PENÚLTIMO;2024-01-01;2024-03-31;Reservas de Capital, Opções Outorgadas e Ações em Tesouraria;5.06.02;Realização da Reserva Reavaliação;0.0;S
09.305.994/0001-29;2025-03-31;1;AZUL S.A.;24112;DF Individual - Demonstração das Mutações do Patrimônio Líquido;REAL;MIL;ÚLTIMO;2025-01-01;2025-03-31;Reservas de Capital, Opções Outorgadas e Ações em Tesouraria;5.06.02;Realização da Reserva Reavaliação;0.0;S
09.305.994/0001-29;2025-03-31;1;AZUL S.A.;24112;DF Individual - Demonstração das Mutações do Patrimônio Líquido;REAL;MIL;PENÚLTIMO;2024-01-01;2024-03-31;Reservas de Lucro;5.06.02;Realização da Reserva Reavaliação;0.0;S
09.305.994/0001-29;2025-03-31;1;AZUL S.A.;24112;DF Individual - Demonstração das Mutações do Patrimônio Líquido;REAL;MIL;ÚLTIMO;2025-01-01;2025-03-31;Reservas de Lucro;5.06.02;Realização da Reserva Reavaliação;0.0;S
09.305.994/0001-29;2025-03-31;1;AZUL S.A.;24112;DF Individual - Demonstração das Mutações do Patrimônio Líquido;REAL;MIL;PENÚLTIMO;2024-01-01;2024-03-31;Lucros ou Prejuízos Acumulados;5.06.02;Realização da Reserva Reavaliação;0.0;S
09.305.994/0001-29;2025-03-31;1;AZUL S.A.;24112;DF Individual - Demonstração das Mutações do Patrimônio Líquido;REAL;MIL;ÚLTIMO;2025-01-01;2025-03-31;Lucros ou Prejuízos Acumulados;5.06.02;Realização da Reserva Reavaliação;0.0;S
09.305.994/0001-29;2025-03-31;1;AZUL S.A.;24112;DF Individual - Demonstração das Mutações do Patrimônio Líquido;REAL;MIL;PENÚLTIMO;2024-01-01;2024-03-31;Outros Resultados Abrangentes;5.06.02;Realização da Reserva Reavaliação;0.0;S
09.305.994/0001-29;2025-03-31;1;AZUL S.A.;24112;DF Individual - Demonstração das Mutações do Patrimônio Líquido;REAL;MIL;ÚLTIMO;2025-01-01;2025-03-31;Outros Resultados Abrangentes;5.06.02;Realização da Reserva Reavaliação;0.0;S
09.305.994/0001-29;2025-03-31;1;AZUL S.A.;24112;DF Individual - Demonstração das Mutações do Patrimônio Líquido;REAL;MIL;PENÚLTIMO;2024-01-01;2024-03-31;Patrimônio Líquido;5.06.02;Realização da Reserva Reavaliação;0.0;S
09.305.994/0001-29;2025-03-31;1;AZUL S.A.;24112;DF Individual - Demonstração das Mutações do Patrimônio Líquido;REAL;MIL;ÚLTIMO;2025-01-01;2025-03-31;Patrimônio Líquido;5.06.02;Realização da Reserva Reavaliação;0.0;S
09.305.994/0001-29;2025-03-31;1;AZUL S.A.;24112;DF Individual - Demonstração das Mutações do Patrimônio Líquido;REAL;MIL;PENÚLTIMO;2024-01-01;2024-03-31;Capital Social Integralizado;5.06.03;Tributos sobre a Realização da Reserva de Reavaliação;0.0;S
09.305.994/0001-29;2025-03-31;1;AZUL S.A.;24112;DF Individual - Demonstração das Mutações do Patrimônio Líquido;REAL;MIL;ÚLTIMO;2025-01-01;2025-03-31;Capital Social Integralizado;5.06.03;Tributos sobre a Realização da Reserva de Reavaliação;0.0;S
09.305.994/0001-29;2025-03-31;1;AZUL S.A.;24112;DF Individual - Demonstração das Mutações do Patrimônio Líquido;REAL;MIL;PENÚLTIMO;2024-01-01;2024-03-31;Reservas de Capital, Opções Outorgadas e Ações em Tesouraria;5.06.03;Tributos sobre a Realização da Reserva de Reavaliação;0.0;S
09.305.994/0001-29;2025-03-31;1;AZUL S.A.;24112;DF Individual - Demonstração das Mutações do Patrimônio Líquido;REAL;MIL;ÚLTIMO;2025-01-01;2025-03-31;Reservas de Capital, Opções Outorgadas e Ações em Tesouraria;5.06.03;Tributos sobre a Realização da Reserva de Reavaliação;0.0;S
09.305.994/0001-29;2025-03-31;1;AZUL S.A.;24112;DF Individual - Demonstração das Mutações do Patrimônio Líquido;REAL;MIL;PENÚLTIMO;2024-01-01;2024-03-31;Reservas de Lucro;5.06.03;Tributos sobre a Realização da Reserva de Reavaliação;0.0;S
09.305.994/0001-29;2025-03-31;1;AZUL S.A.;24112;DF Individual - Demonstração das Mutações do Patrimônio Líquido;REAL;MIL;ÚLTIMO;2025-01-01;2025-03-31;Reservas de Lucro;5.06.03;Tributos sobre a Realização da Reserva de Reavaliação;0.0;S
09.305.994/0001-29;2025-03-31;1;AZUL S.A.;24112;DF Individual - Demonstração das Mutações do Patrimônio Líquido;REAL;MIL;PENÚLTIMO;2024-01-01;2024-03-31;Lucros ou Prejuízos Acumulados;5.06.03;Tributos sobre a Realização da Reserva de Reavaliação;0.0;S
09.305.994/0001-29;2025-03-31;1;AZUL S.A.;24112;DF Individual - Demonstração das Mutações do Patrimônio Líquido;REAL;MIL;ÚLTIMO;2025-01-01;2025-03-31;Lucros ou Prejuízos Acumulados;5.06.03;Tributos sobre a Realização da Reserva de Reavaliação;0.0;S
09.305.994/0001-29;2025-03-31;1;AZUL S.A.;24112;DF Individual - Demonstração das Mutações do Patrimônio Líquido;REAL;MIL;PENÚLTIMO;2024-01-01;2024-03-31;Outros Resultados Abrangentes;5.06.03;Tributos sobre a Realização da Reserva de Reavaliação;0.0;S
09.305.994/0001-29;2025-03-31;1;AZUL S.A.;24112;DF Individual - Demonstração das Mutações do Patrimônio Líquido;REAL;MIL;ÚLTIMO;2025-01-01;2025-03-31;Outros Resultados Abrangentes;5.06.03;Tributos sobre a Realização da Reserva de Reavaliação;0.0;S
09.305.994/0001-29;2025-03-31;1;AZUL S.A.;24112;DF Individual - Demonstração das Mutações do Patrimônio Líquido;REAL;MIL;PENÚLTIMO;2024-01-01;2024-03-31;Patrimônio Líquido;5.06.03;Tributos sobre a Realização da Reserva de Reavaliação;0.0;S
09.305.994/0001-29;2025-03-31;1;AZUL S.A.;24112;DF Individual - Demonstração das Mutações do Patrimônio Líquido;REAL;MIL;ÚLTIMO;2025-01-01;2025-03-31;Patrimônio Líquido;5.06.03;Tributos sobre a Realização da Reserva de Reavaliação;0.0;S
09.305.994/0001-29;2025-03-31;1;AZUL S.A.;24112;DF Individual - Demonstração das Mutações do Patrimônio Líquido;REAL;MIL;PENÚLTIMO;2024-01-01;2024-03-31;Capital Social Integralizado;5.07;Saldos Finais;2315628.0;S
09.305.994/0001-29;2025-03-31;1;AZUL S.A.;24112;DF Individual - Demonstração das Mutações do Patrimônio Líquido;REAL;MIL;ÚLTIMO;2025-01-01;2025-03-31;Capital Social Integralizado;5.07;Saldos Finais;5396568.0;S
09.305.994/0001-29;2025-03-31;1;AZUL S.A.;24112;DF Individual - Demonstração das Mutações do Patrimônio Líquido;REAL;MIL;PENÚLTIMO;2024-01-01;2024-03-31;Reservas de Capital, Opções Outorgadas e Ações em Tesouraria;5.07;Saldos Finais;2030266.0;S
09.305.994/0001-29;2025-03-31;1;AZUL S.A.;24112;DF Individual - Demonstração das Mutações do Patrimônio Líquido;REAL;MIL;ÚLTIMO;2025-01-01;2025-03-31;Reservas de Capital, Opções Outorgadas e Ações em Tesouraria;5.07;Saldos Finais;-688728.0;S
09.305.994/0001-29;2025-03-31;1;AZUL S.A.;24112;DF Individual - Demonstração das Mutações do Patrimônio Líquido;REAL;MIL;PENÚLTIMO;2024-01-01;2024-03-31;Reservas de Lucro;5.07;Saldos Finais;0.0;S
09.305.994/0001-29;2025-03-31;1;AZUL S.A.;24112;DF Individual - Demonstração das Mutações do Patrimônio Líquido;REAL;MIL;ÚLTIMO;2025-01-01;2025-03-31;Reservas de Lucro;5.07;Saldos Finais;0.0;S
09.305.994/0001-29;2025-03-31;1;AZUL S.A.;24112;DF Individual - Demonstração das Mutações do Patrimônio Líquido;REAL;MIL;PENÚLTIMO;2024-01-01;2024-03-31;Lucros ou Prejuízos Acumulados;5.07;Saldos Finais;-26717428.0;S
09.305.994/0001-29;2025-03-31;1;AZUL S.A.;24112;DF Individual - Demonstração das Mutações do Patrimônio Líquido;REAL;MIL;ÚLTIMO;2025-01-01;2025-03-31;Lucros ou Prejuízos Acumulados;5.07;Saldos Finais;-33164889.0;S
09.305.994/0001-29;2025-03-31;1;AZUL S.A.;24112;DF Individual - Demonstração das Mutações do Patrimônio Líquido;REAL;MIL;PENÚLTIMO;2024-01-01;2024-03-31;Outros Resultados Abrangentes;5.07;Saldos Finais;3106.0;S
09.305.994/0001-29;2025-03-31;1;AZUL S.A.;24112;DF Individual - Demonstração das Mutações do Patrimônio Líquido;REAL;MIL;ÚLTIMO;2025-01-01;2025-03-31;Outros Resultados Abrangentes;5.07;Saldos Finais;5917.0;S
09.305.994/0001-29;2025-03-31;1;AZUL S.A.;24112;DF Individual - Demonstração das Mutações do Patrimônio Líquido;REAL;MIL;PENÚLTIMO;2024-01-01;2024-03-31;Patrimônio Líquido;5.07;Saldos Finais;-22368428.0;S
09.305.994/0001-29;2025-03-31;1;AZUL S.A.;24112;DF Individual - Demonstração das Mutações do Patrimônio Líquido;REAL;MIL;ÚLTIMO;2025-01-01;2025-03-31;Patrimônio Líquido;5.07;Saldos Finais;-28451132.0;S
09.305.994/0001-29;2025-06-30;1;AZUL S.A.;24112;DF Individual - Demonstração das Mutações do Patrimônio Líquido;REAL;MIL;PENÚLTIMO;2024-01-01;2024-06-30;Capital Social Integralizado;5.01;Saldos Iniciais;2315610.0;S
09.305.994/0001-29;2025-06-30;1;AZUL S.A.;24112;DF Individual - Demonstração das Mutações do Patrimônio Líquido;REAL;MIL;ÚLTIMO;2025-01-01;2025-06-30;Capital Social Integralizado;5.01;Saldos Iniciais;2315628.0;S
09.305.994/0001-29;2025-06-30;1;AZUL S.A.;24112;DF Individual - Demonstração das Mutações do Patrimônio Líquido;REAL;MIL;PENÚLTIMO;2024-01-01;2024-06-30;Reservas de Capital, Opções Outorgadas e Ações em Tesouraria;5.01;Saldos Iniciais;2020569.0;S
09.305.994/0001-29;2025-06-30;1;AZUL S.A.;24112;DF Individual - Demonstração das Mutações do Patrimônio Líquido;REAL;MIL;ÚLTIMO;2025-01-01;2025-06-30;Reservas de Capital, Opções Outorgadas e Ações em Tesouraria;5.01;Saldos Iniciais;2061689.0;S
09.305.994/0001-29;2025-06-30;1;AZUL S.A.;24112;DF Individual - Demonstração das Mutações do Patrimônio Líquido;REAL;MIL;PENÚLTIMO;2024-01-01;2024-06-30;Reservas de Lucro;5.01;Saldos Iniciais;0.0;S
09.305.994/0001-29;2025-06-30;1;AZUL S.A.;24112;DF Individual - Demonstração das Mutações do Patrimônio Líquido;REAL;MIL;ÚLTIMO;2025-01-01;2025-06-30;Reservas de Lucro;5.01;Saldos Iniciais;0.0;S
09.305.994/0001-29;2025-06-30;1;AZUL S.A.;24112;DF Individual - Demonstração das Mutações do Patrimônio Líquido;REAL;MIL;PENÚLTIMO;2024-01-01;2024-06-30;Lucros ou Prejuízos Acumulados;5.01;Saldos Iniciais;-25667133.0;S
09.305.994/0001-29;2025-06-30;1;AZUL S.A.;24112;DF Individual - Demonstração das Mutações do Patrimônio Líquido;REAL;MIL;ÚLTIMO;2025-01-01;2025-06-30;Lucros ou Prejuízos Acumulados;5.01;Saldos Iniciais;-34818504.0;S
09.305.994/0001-29;2025-06-30;1;AZUL S.A.;24112;DF Individual - Demonstração das Mutações do Patrimônio Líquido;REAL;MIL;PENÚLTIMO;2024-01-01;2024-06-30;Outros Resultados Abrangentes;5.01;Saldos Iniciais;3106.0;S
09.305.994/0001-29;2025-06-30;1;AZUL S.A.;24112;DF Individual - Demonstração das Mutações do Patrimônio Líquido;REAL;MIL;ÚLTIMO;2025-01-01;2025-06-30;Outros Resultados Abrangentes;5.01;Saldos Iniciais;5917.0;S
09.305.994/0001-29;2025-06-30;1;AZUL S.A.;24112;DF Individual - Demonstração das Mutações do Patrimônio Líquido;REAL;MIL;PENÚLTIMO;2024-01-01;2024-06-30;Patrimônio Líquido;5.01;Saldos Iniciais;-21327848.0;S
09.305.994/0001-29;2025-06-30;1;AZUL S.A.;24112;DF Individual - Demonstração das Mutações do Patrimônio Líquido;REAL;MIL;ÚLTIMO;2025-01-01;2025-06-30;Patrimônio Líquido;5.01;Saldos Iniciais;-30435270.0;S
09.305.994/0001-29;2025-06-30;1;AZUL S.A.;24112;DF Individual - Demonstração das Mutações do Patrimônio Líquido;REAL;MIL;PENÚLTIMO;2024-01-01;2024-06-30;Capital Social Integralizado;5.02;Ajustes de Exercícios Anteriores;0.0;S
09.305.994/0001-29;2025-06-30;1;AZUL S.A.;24112;DF Individual - Demonstração das Mutações do Patrimônio Líquido;REAL;MIL;ÚLTIMO;2025-01-01;2025-06-30;Capital Social Integralizado;5.02;Ajustes de Exercícios Anteriores;0.0;S
09.305.994/0001-29;2025-06-30;1;AZUL S.A.;24112;DF Individual - Demonstração das Mutações do Patrimônio Líquido;REAL;MIL;PENÚLTIMO;2024-01-01;2024-06-30;Reservas de Capital, Opções Outorgadas e Ações em Tesouraria;5.02;Ajustes de Exercícios Anteriores;0.0;S
09.305.994/0001-29;2025-06-30;1;AZUL S.A.;24112;DF Individual - Demonstração das Mutações do Patrimônio Líquido;REAL;MIL;ÚLTIMO;2025-01-01;2025-06-30;Reservas de Capital, Opções Outorgadas e Ações em Tesouraria;5.02;Ajustes de Exercícios Anteriores;0.0;S
09.305.994/0001-29;2025-06-30;1;AZUL S.A.;24112;DF Individual - Demonstração das Mutações do Patrimônio Líquido;REAL;MIL;PENÚLTIMO;2024-01-01;2024-06-30;Reservas de Lucro;5.02;Ajustes de Exercícios Anteriores;0.0;S
09.305.994/0001-29;2025-06-30;1;AZUL S.A.;24112;DF Individual - Demonstração das Mutações do Patrimônio Líquido;REAL;MIL;ÚLTIMO;2025-01-01;2025-06-30;Reservas de Lucro;5.02;Ajustes de Exercícios Anteriores;0.0;S
09.305.994/0001-29;2025-06-30;1;AZUL S.A.;24112;DF Individual - Demonstração das Mutações do Patrimônio Líquido;REAL;MIL;PENÚLTIMO;2024-01-01;2024-06-30;Lucros ou Prejuízos Acumulados;5.02;Ajustes de Exercícios Anteriores;0.0;S
09.305.994/0001-29;2025-06-30;1;AZUL S.A.;24112;DF Individual - Demonstração das Mutações do Patrimônio Líquido;REAL;MIL;ÚLTIMO;2025-01-01;2025-06-30;Lucros ou Prejuízos Acumulados;5.02;Ajustes de Exercícios Anteriores;0.0;S
09.305.994/0001-29;2025-06-30;1;AZUL S.A.;24112;DF Individual - Demonstração das Mutações do Patrimônio Líquido;REAL;MIL;PENÚLTIMO;2024-01-01;2024-06-30;Outros Resultados Abrangentes;5.02;Ajustes de Exercícios Anteriores;0.0;S
09.305.994/0001-29;2025-06-30;1;AZUL S.A.;24112;DF Individual - Demonstração das Mutações do Patrimônio Líquido;REAL;MIL;ÚLTIMO;2025-01-01;2025-06-30;Outros Resultados Abrangentes;5.02;Ajustes de Exercícios Anteriores;0.0;S
09.305.994/0001-29;2025-06-30;1;AZUL S.A.;24112;DF Individual - Demonstração das Mutações do Patrimônio Líquido;REAL;MIL;PENÚLTIMO;2024-01-01;2024-06-30;Patrimônio Líquido;5.02;Ajustes de Exercícios Anteriores;0.0;S
09.305.994/0001-29;2025-06-30;1;AZUL S.A.;24112;DF Individual - Demonstração das Mutações do Patrimônio Líquido;REAL;MIL;ÚLTIMO;2025-01-01;2025-06-30;Patrimônio Líquido;5.02;Ajustes de Exercícios Anteriores;0.0;S
09.305.994/0001-29;2025-06-30;1;AZUL S.A.;24112;DF Individual - Demonstração das Mutações do Patrimônio Líquido;REAL;MIL;PENÚLTIMO;2024-01-01;2024-06-30;Capital Social Integralizado;5.03;Saldos Iniciais Ajustados;2315610.0;S
09.305.994/0001-29;2025-06-30;1;AZUL S.A.;24112;DF Individual - Demonstração das Mutações do Patrimônio Líquido;REAL;MIL;ÚLTIMO;2025-01-01;2025-06-30;Capital Social Integralizado;5.03;Saldos Iniciais Ajustados;2315628.0;S
09.305.994/0001-29;2025-06-30;1;AZUL S.A.;24112;DF Individual - Demonstração das Mutações do Patrimônio Líquido;REAL;MIL;PENÚLTIMO;2024-01-01;2024-06-30;Reservas de Capital, Opções Outorgadas e Ações em Tesouraria;5.03;Saldos Iniciais Ajustados;2020569.0;S
09.305.994/0001-29;2025-06-30;1;AZUL S.A.;24112;DF Individual - Demonstração das Mutações do Patrimônio Líquido;REAL;MIL;ÚLTIMO;2025-01-01;2025-06-30;Reservas de Capital, Opções Outorgadas e Ações em Tesouraria;5.03;Saldos Iniciais Ajustados;2061689.0;S
09.305.994/0001-29;2025-06-30;1;AZUL S.A.;24112;DF Individual - Demonstração das Mutações do Patrimônio Líquido;REAL;MIL;PENÚLTIMO;2024-01-01;2024-06-30;Reservas de Lucro;5.03;Saldos Iniciais Ajustados;0.0;S
09.305.994/0001-29;2025-06-30;1;AZUL S.A.;24112;DF Individual - Demonstração das Mutações do Patrimônio Líquido;REAL;MIL;ÚLTIMO;2025-01-01;2025-06-30;Reservas de Lucro;5.03;Saldos Iniciais Ajustados;0.0;S
09.305.994/0001-29;2025-06-30;1;AZUL S.A.;24112;DF Individual - Demonstração das Mutações do Patrimônio Líquido;REAL;MIL;PENÚLTIMO;2024-01-01;2024-06-30;Lucros ou Prejuízos Acumulados;5.03;Saldos Iniciais Ajustados;-25667133.0;S
09.305.994/0001-29;2025-06-30;1;AZUL S.A.;24112;DF Individual - Demonstração das Mutações do Patrimônio Líquido;REAL;MIL;ÚLTIMO;2025-01-01;2025-06-30;Lucros ou Prejuízos Acumulados;5.03;Saldos Iniciais Ajustados;-34818504.0;S
09.305.994/0001-29;2025-06-30;1;AZUL S.A.;24112;DF Individual - Demonstração das Mutações do Patrimônio Líquido;REAL;MIL;PENÚLTIMO;2024-01-01;2024-06-30;Outros Resultados Abrangentes;5.03;Saldos Iniciais Ajustados;3106.0;S
09.305.994/0001-29;2025-06-30;1;AZUL S.A.;24112;DF Individual - Demonstração das Mutações do Patrimônio Líquido;REAL;MIL;ÚLTIMO;2025-01-01;2025-06-30;Outros Resultados Abrangentes;5.03;Saldos Iniciais Ajustados;5917.0;S
09.305.994/0001-29;2025-06-30;1;AZUL S.A.;24112;DF Individual - Demonstração das Mutações do Patrimônio Líquido;REAL;MIL;PENÚLTIMO;2024-01-01;2024-06-30;Patrimônio Líquido;5.03;Saldos Iniciais Ajustados;-21327848.0;S
09.305.994/0001-29;2025-06-30;1;AZUL S.A.;24112;DF Individual - Demonstração das Mutações do Patrimônio Líquido;REAL;MIL;ÚLTIMO;2025-01-01;2025-06-30;Patrimônio Líquido;5.03;Saldos Iniciais Ajustados;-30435270.0;S
09.305.994/0001-29;2025-06-30;1;AZUL S.A.;24112;DF Individual - Demonstração das Mutações do Patrimônio Líquido;REAL;MIL;PENÚLTIMO;2024-01-01;2024-06-30;Capital Social Integralizado;5.04;Transações de Capital com os Sócios;18.0;S
09.305.994/0001-29;2025-06-30;1;AZUL S.A.;24112;DF Individual - Demonstração das Mutações do Patrimônio Líquido;REAL;MIL;ÚLTIMO;2025-01-01;2025-06-30;Capital Social Integralizado;5.04;Transações de Capital com os Sócios;4745197.0;S
09.305.994/0001-29;2025-06-30;1;AZUL S.A.;24112;DF Individual - Demonstração das Mutações do Patrimônio Líquido;REAL;MIL;PENÚLTIMO;2024-01-01;2024-06-30;Reservas de Capital, Opções Outorgadas e Ações em Tesouraria;5.04;Transações de Capital com os Sócios;21171.0;S
09.305.994/0001-29;2025-06-30;1;AZUL S.A.;24112;DF Individual - Demonstração das Mutações do Patrimônio Líquido;REAL;MIL;ÚLTIMO;2025-01-01;2025-06-30;Reservas de Capital, Opções Outorgadas e Ações em Tesouraria;5.04;Transações de Capital com os Sócios;-3472000.0;S
09.305.994/0001-29;2025-06-30;1;AZUL S.A.;24112;DF Individual - Demonstração das Mutações do Patrimônio Líquido;REAL;MIL;PENÚLTIMO;2024-01-01;2024-06-30;Reservas de Lucro;5.04;Transações de Capital com os Sócios;0.0;S
09.305.994/0001-29;2025-06-30;1;AZUL S.A.;24112;DF Individual - Demonstração das Mutações do Patrimônio Líquido;REAL;MIL;ÚLTIMO;2025-01-01;2025-06-30;Reservas de Lucro;5.04;Transações de Capital com os Sócios;0.0;S
09.305.994/0001-29;2025-06-30;1;AZUL S.A.;24112;DF Individual - Demonstração das Mutações do Patrimônio Líquido;REAL;MIL;PENÚLTIMO;2024-01-01;2024-06-30;Lucros ou Prejuízos Acumulados;5.04;Transações de Capital com os Sócios;0.0;S
09.305.994/0001-29;2025-06-30;1;AZUL S.A.;24112;DF Individual - Demonstração das Mutações do Patrimônio Líquido;REAL;MIL;ÚLTIMO;2025-01-01;2025-06-30;Lucros ou Prejuízos Acumulados;5.04;Transações de Capital com os Sócios;0.0;S
09.305.994/0001-29;2025-06-30;1;AZUL S.A.;24112;DF Individual - Demonstração das Mutações do Patrimônio Líquido;REAL;MIL;PENÚLTIMO;2024-01-01;2024-06-30;Outros Resultados Abrangentes;5.04;Transações de Capital com os Sócios;0.0;S
09.305.994/0001-29;2025-06-30;1;AZUL S.A.;24112;DF Individual - Demonstração das Mutações do Patrimônio Líquido;REAL;MIL;ÚLTIMO;2025-01-01;2025-06-30;Outros Resultados Abrangentes;5.04;Transações de Capital com os Sócios;0.0;S
09.305.994/0001-29;2025-06-30;1;AZUL S.A.;24112;DF Individual - Demonstração das Mutações do Patrimônio Líquido;REAL;MIL;PENÚLTIMO;2024-01-01;2024-06-30;Patrimônio Líquido;5.04;Transações de Capital com os Sócios;21189.0;S
09.305.994/0001-29;2025-06-30;1;AZUL S.A.;24112;DF Individual - Demonstração das Mutações do Patrimônio Líquido;REAL;MIL;ÚLTIMO;2025-01-01;2025-06-30;Patrimônio Líquido;5.04;Transações de Capital com os Sócios;1273197.0;S
09.305.994/0001-29;2025-06-30;1;AZUL S.A.;24112;DF Individual - Demonstração das Mutações do Patrimônio Líquido;REAL;MIL;PENÚLTIMO;2024-01-01;2024-06-30;Capital Social Integralizado;5.04.01;Aumentos de Capital;0.0;S
09.305.994/0001-29;2025-06-30;1;AZUL S.A.;24112;DF Individual - Demonstração das Mutações do Patrimônio Líquido;REAL;MIL;ÚLTIMO;2025-01-01;2025-06-30;Capital Social Integralizado;5.04.01;Aumentos de Capital;4816231.0;S
09.305.994/0001-29;2025-06-30;1;AZUL S.A.;24112;DF Individual - Demonstração das Mutações do Patrimônio Líquido;REAL;MIL;PENÚLTIMO;2024-01-01;2024-06-30;Reservas de Capital, Opções Outorgadas e Ações em Tesouraria;5.04.01;Aumentos de Capital;0.0;S
09.305.994/0001-29;2025-06-30;1;AZUL S.A.;24112;DF Individual - Demonstração das Mutações do Patrimônio Líquido;REAL;MIL;ÚLTIMO;2025-01-01;2025-06-30;Reservas de Capital, Opções Outorgadas e Ações em Tesouraria;5.04.01;Aumentos de Capital;0.0;S
09.305.994/0001-29;2025-06-30;1;AZUL S.A.;24112;DF Individual - Demonstração das Mutações do Patrimônio Líquido;REAL;MIL;PENÚLTIMO;2024-01-01;2024-06-30;Reservas de Lucro;5.04.01;Aumentos de Capital;0.0;S
09.305.994/0001-29;2025-06-30;1;AZUL S.A.;24112;DF Individual - Demonstração das Mutações do Patrimônio Líquido;REAL;MIL;ÚLTIMO;2025-01-01;2025-06-30;Reservas de Lucro;5.04.01;Aumentos de Capital;0.0;S
09.305.994/0001-29;2025-06-30;1;AZUL S.A.;24112;DF Individual - Demonstração das Mutações do Patrimônio Líquido;REAL;MIL;PENÚLTIMO;2024-01-01;2024-06-30;Lucros ou Prejuízos Acumulados;5.04.01;Aumentos de Capital;0.0;S
09.305.994/0001-29;2025-06-30;1;AZUL S.A.;24112;DF Individual - Demonstração das Mutações do Patrimônio Líquido;REAL;MIL;ÚLTIMO;2025-01-01;2025-06-30;Lucros ou Prejuízos Acumulados;5.04.01;Aumentos de Capital;0.0;S
09.305.994/0001-29;2025-06-30;1;AZUL S.A.;24112;DF Individual - Demonstração das Mutações do Patrimônio Líquido;REAL;MIL;PENÚLTIMO;2024-01-01;2024-06-30;Outros Resultados Abrangentes;5.04.01;Aumentos de Capital;0.0;S
09.305.994/0001-29;2025-06-30;1;AZUL S.A.;24112;DF Individual - Demonstração das Mutações do Patrimônio Líquido;REAL;MIL;ÚLTIMO;2025-01-01;2025-06-30;Outros Resultados Abrangentes;5.04.01;Aumentos de Capital;0.0;S
09.305.994/0001-29;2025-06-30;1;AZUL S.A.;24112;DF Individual - Demonstração das Mutações do Patrimônio Líquido;REAL;MIL;PENÚLTIMO;2024-01-01;2024-06-30;Patrimônio Líquido;5.04.01;Aumentos de Capital;0.0;S
09.305.994/0001-29;2025-06-30;1;AZUL S.A.;24112;DF Individual - Demonstração das Mutações do Patrimônio Líquido;REAL;MIL;ÚLTIMO;2025-01-01;2025-06-30;Patrimônio Líquido;5.04.01;Aumentos de Capital;4816231.0;S
09.305.994/0001-29;2025-06-30;1;AZUL S.A.;24112;DF Individual - Demonstração das Mutações do Patrimônio Líquido;REAL;MIL;PENÚLTIMO;2024-01-01;2024-06-30;Capital Social Integralizado;5.04.02;Gastos com Emissão de Ações;0.0;S
09.305.994/0001-29;2025-06-30;1;AZUL S.A.;24112;DF Individual - Demonstração das Mutações do Patrimônio Líquido;REAL;MIL;ÚLTIMO;2025-01-01;2025-06-30;Capital Social Integralizado;5.04.02;Gastos com Emissão de Ações;0.0;S
09.305.994/0001-29;2025-06-30;1;AZUL S.A.;24112;DF Individual - Demonstração das Mutações do Patrimônio Líquido;REAL;MIL;PENÚLTIMO;2024-01-01;2024-06-30;Reservas de Capital, Opções Outorgadas e Ações em Tesouraria;5.04.02;Gastos com Emissão de Ações;0.0;S
09.305.994/0001-29;2025-06-30;1;AZUL S.A.;24112;DF Individual - Demonstração das Mutações do Patrimônio Líquido;REAL;MIL;ÚLTIMO;2025-01-01;2025-06-30;Reservas de Capital, Opções Outorgadas e Ações em Tesouraria;5.04.02;Gastos com Emissão de Ações;-43048.0;S
09.305.994/0001-29;2025-06-30;1;AZUL S.A.;24112;DF Individual - Demonstração das Mutações do Patrimônio Líquido;REAL;MIL;PENÚLTIMO;2024-01-01;2024-06-30;Reservas de Lucro;5.04.02;Gastos com Emissão de Ações;0.0;S
09.305.994/0001-29;2025-06-30;1;AZUL S.A.;24112;DF Individual - Demonstração das Mutações do Patrimônio Líquido;REAL;MIL;ÚLTIMO;2025-01-01;2025-06-30;Reservas de Lucro;5.04.02;Gastos com Emissão de Ações;0.0;S
09.305.994/0001-29;2025-06-30;1;AZUL S.A.;24112;DF Individual - Demonstração das Mutações do Patrimônio Líquido;REAL;MIL;PENÚLTIMO;2024-01-01;2024-06-30;Lucros ou Prejuízos Acumulados;5.04.02;Gastos com Emissão de Ações;0.0;S
09.305.994/0001-29;2025-06-30;1;AZUL S.A.;24112;DF Individual - Demonstração das Mutações do Patrimônio Líquido;REAL;MIL;ÚLTIMO;2025-01-01;2025-06-30;Lucros ou Prejuízos Acumulados;5.04.02;Gastos com Emissão de Ações;0.0;S
09.305.994/0001-29;2025-06-30;1;AZUL S.A.;24112;DF Individual - Demonstração das Mutações do Patrimônio Líquido;REAL;MIL;PENÚLTIMO;2024-01-01;2024-06-30;Outros Resultados Abrangentes;5.04.02;Gastos com Emissão de Ações;0.0;S
09.305.994/0001-29;2025-06-30;1;AZUL S.A.;24112;DF Individual - Demonstração das Mutações do Patrimônio Líquido;REAL;MIL;ÚLTIMO;2025-01-01;2025-06-30;Outros Resultados Abrangentes;5.04.02;Gastos com Emissão de Ações;0.0;S
09.305.994/0001-29;2025-06-30;1;AZUL S.A.;24112;DF Individual - Demonstração das Mutações do Patrimônio Líquido;REAL;MIL;PENÚLTIMO;2024-01-01;2024-06-30;Patrimônio Líquido;5.04.02;Gastos com Emissão de Ações;0.0;S
09.305.994/0001-29;2025-06-30;1;AZUL S.A.;24112;DF Individual - Demonstração das Mutações do Patrimônio Líquido;REAL;MIL;ÚLTIMO;2025-01-01;2025-06-30;Patrimônio Líquido;5.04.02;Gastos com Emissão de Ações;-43048.0;S
09.305.994/0001-29;2025-06-30;1;AZUL S.A.;24112;DF Individual - Demonstração das Mutações do Patrimônio Líquido;REAL;MIL;PENÚLTIMO;2024-01-01;2024-06-30;Capital Social Integralizado;5.04.03;Opções Outorgadas Reconhecidas;18.0;S
09.305.994/0001-29;2025-06-30;1;AZUL S.A.;24112;DF Individual - Demonstração das Mutações do Patrimônio Líquido;REAL;MIL;ÚLTIMO;2025-01-01;2025-06-30;Capital Social Integralizado;5.04.03;Opções Outorgadas Reconhecidas;0.0;S
09.305.994/0001-29;2025-06-30;1;AZUL S.A.;24112;DF Individual - Demonstração das Mutações do Patrimônio Líquido;REAL;MIL;PENÚLTIMO;2024-01-01;2024-06-30;Reservas de Capital, Opções Outorgadas e Ações em Tesouraria;5.04.03;Opções Outorgadas Reconhecidas;23767.0;S
09.305.994/0001-29;2025-06-30;1;AZUL S.A.;24112;DF Individual - Demonstração das Mutações do Patrimônio Líquido;REAL;MIL;ÚLTIMO;2025-01-01;2025-06-30;Reservas de Capital, Opções Outorgadas e Ações em Tesouraria;5.04.03;Opções Outorgadas Reconhecidas;70551.0;S
09.305.994/0001-29;2025-06-30;1;AZUL S.A.;24112;DF Individual - Demonstração das Mutações do Patrimônio Líquido;REAL;MIL;PENÚLTIMO;2024-01-01;2024-06-30;Reservas de Lucro;5.04.03;Opções Outorgadas Reconhecidas;0.0;S
09.305.994/0001-29;2025-06-30;1;AZUL S.A.;24112;DF Individual - Demonstração das Mutações do Patrimônio Líquido;REAL;MIL;ÚLTIMO;2025-01-01;2025-06-30;Reservas de Lucro;5.04.03;Opções Outorgadas Reconhecidas;0.0;S
09.305.994/0001-29;2025-06-30;1;AZUL S.A.;24112;DF Individual - Demonstração das Mutações do Patrimônio Líquido;REAL;MIL;PENÚLTIMO;2024-01-01;2024-06-30;Lucros ou Prejuízos Acumulados;5.04.03;Opções Outorgadas Reconhecidas;0.0;S
09.305.994/0001-29;2025-06-30;1;AZUL S.A.;24112;DF Individual - Demonstração das Mutações do Patrimônio Líquido;REAL;MIL;ÚLTIMO;2025-01-01;2025-06-30;Lucros ou Prejuízos Acumulados;5.04.03;Opções Outorgadas Reconhecidas;0.0;S
09.305.994/0001-29;2025-06-30;1;AZUL S.A.;24112;DF Individual - Demonstração das Mutações do Patrimônio Líquido;REAL;MIL;PENÚLTIMO;2024-01-01;2024-06-30;Outros Resultados Abrangentes;5.04.03;Opções Outorgadas Reconhecidas;0.0;S
09.305.994/0001-29;2025-06-30;1;AZUL S.A.;24112;DF Individual - Demonstração das Mutações do Patrimônio Líquido;REAL;MIL;ÚLTIMO;2025-01-01;2025-06-30;Outros Resultados Abrangentes;5.04.03;Opções Outorgadas Reconhecidas;0.0;S
09.305.994/0001-29;2025-06-30;1;AZUL S.A.;24112;DF Individual - Demonstração das Mutações do Patrimônio Líquido;REAL;MIL;PENÚLTIMO;2024-01-01;2024-06-30;Patrimônio Líquido;5.04.03;Opções Outorgadas Reconhecidas;23785.0;S
09.305.994/0001-29;2025-06-30;1;AZUL S.A.;24112;DF Individual - Demonstração das Mutações do Patrimônio Líquido;REAL;MIL;ÚLTIMO;2025-01-01;2025-06-30;Patrimônio Líquido;5.04.03;Opções Outorgadas Reconhecidas;70551.0;S
09.305.994/0001-29;2025-06-30;1;AZUL S.A.;24112;DF Individual - Demonstração das Mutações do Patrimônio Líquido;REAL;MIL;PENÚLTIMO;2024-01-01;2024-06-30;Capital Social Integralizado;5.04.04;Ações em Tesouraria Adquiridas;0.0;S
09.305.994/0001-29;2025-06-30;1;AZUL S.A.;24112;DF Individual - Demonstração das Mutações do Patrimônio Líquido;REAL;MIL;ÚLTIMO;2025-01-01;2025-06-30;Capital Social Integralizado;5.04.04;Ações em Tesouraria Adquiridas;0.0;S
09.305.994/0001-29;2025-06-30;1;AZUL S.A.;24112;DF Individual - Demonstração das Mutações do Patrimônio Líquido;REAL;MIL;PENÚLTIMO;2024-01-01;2024-06-30;Reservas de Capital, Opções Outorgadas e Ações em Tesouraria;5.04.04;Ações em Tesouraria Adquiridas;-2596.0;S
09.305.994/0001-29;2025-06-30;1;AZUL S.A.;24112;DF Individual - Demonstração das Mutações do Patrimônio Líquido;REAL;MIL;ÚLTIMO;2025-01-01;2025-06-30;Reservas de Capital, Opções Outorgadas e Ações em Tesouraria;5.04.04;Ações em Tesouraria Adquiridas;-4.0;S
09.305.994/0001-29;2025-06-30;1;AZUL S.A.;24112;DF Individual - Demonstração das Mutações do Patrimônio Líquido;REAL;MIL;PENÚLTIMO;2024-01-01;2024-06-30;Reservas de Lucro;5.04.04;Ações em Tesouraria Adquiridas;0.0;S
09.305.994/0001-29;2025-06-30;1;AZUL S.A.;24112;DF Individual - Demonstração das Mutações do Patrimônio Líquido;REAL;MIL;ÚLTIMO;2025-01-01;2025-06-30;Reservas de Lucro;5.04.04;Ações em Tesouraria Adquiridas;0.0;S
09.305.994/0001-29;2025-06-30;1;AZUL S.A.;24112;DF Individual - Demonstração das Mutações do Patrimônio Líquido;REAL;MIL;PENÚLTIMO;2024-01-01;2024-06-30;Lucros ou Prejuízos Acumulados;5.04.04;Ações em Tesouraria Adquiridas;0.0;S
09.305.994/0001-29;2025-06-30;1;AZUL S.A.;24112;DF Individual - Demonstração das Mutações do Patrimônio Líquido;REAL;MIL;ÚLTIMO;2025-01-01;2025-06-30;Lucros ou Prejuízos Acumulados;5.04.04;Ações em Tesouraria Adquiridas;0.0;S
09.305.994/0001-29;2025-06-30;1;AZUL S.A.;24112;DF Individual - Demonstração das Mutações do Patrimônio Líquido;REAL;MIL;PENÚLTIMO;2024-01-01;2024-06-30;Outros Resultados Abrangentes;5.04.04;Ações em Tesouraria Adquiridas;0.0;S
09.305.994/0001-29;2025-06-30;1;AZUL S.A.;24112;DF Individual - Demonstração das Mutações do Patrimônio Líquido;REAL;MIL;ÚLTIMO;2025-01-01;2025-06-30;Outros Resultados Abrangentes;5.04.04;Ações em Tesouraria Adquiridas;0.0;S
09.305.994/0001-29;2025-06-30;1;AZUL S.A.;24112;DF Individual - Demonstração das Mutações do Patrimônio Líquido;REAL;MIL;PENÚLTIMO;2024-01-01;2024-06-30;Patrimônio Líquido;5.04.04;Ações em Tesouraria Adquiridas;-2596.0;S
09.305.994/0001-29;2025-06-30;1;AZUL S.A.;24112;DF Individual - Demonstração das Mutações do Patrimônio Líquido;REAL;MIL;ÚLTIMO;2025-01-01;2025-06-30;Patrimônio Líquido;5.04.04;Ações em Tesouraria Adquiridas;-4.0;S
09.305.994/0001-29;2025-06-30;1;AZUL S.A.;24112;DF Individual - Demonstração das Mutações do Patrimônio Líquido;REAL;MIL;PENÚLTIMO;2024-01-01;2024-06-30;Capital Social Integralizado;5.04.05;Ações em Tesouraria Vendidas;0.0;S
09.305.994/0001-29;2025-06-30;1;AZUL S.A.;24112;DF Individual - Demonstração das Mutações do Patrimônio Líquido;REAL;MIL;ÚLTIMO;2025-01-01;2025-06-30;Capital Social Integralizado;5.04.05;Ações em Tesouraria Vendidas;0.0;S
09.305.994/0001-29;2025-06-30;1;AZUL S.A.;24112;DF Individual - Demonstração das Mutações do Patrimônio Líquido;REAL;MIL;PENÚLTIMO;2024-01-01;2024-06-30;Reservas de Capital, Opções Outorgadas e Ações em Tesouraria;5.04.05;Ações em Tesouraria Vendidas;0.0;S
09.305.994/0001-29;2025-06-30;1;AZUL S.A.;24112;DF Individual - Demonstração das Mutações do Patrimônio Líquido;REAL;MIL;ÚLTIMO;2025-01-01;2025-06-30;Reservas de Capital, Opções Outorgadas e Ações em Tesouraria;5.04.05;Ações em Tesouraria Vendidas;0.0;S
09.305.994/0001-29;2025-06-30;1;AZUL S.A.;24112;DF Individual - Demonstração das Mutações do Patrimônio Líquido;REAL;MIL;PENÚLTIMO;2024-01-01;2024-06-30;Reservas de Lucro;5.04.05;Ações em Tesouraria Vendidas;0.0;S
09.305.994/0001-29;2025-06-30;1;AZUL S.A.;24112;DF Individual - Demonstração das Mutações do Patrimônio Líquido;REAL;MIL;ÚLTIMO;2025-01-01;2025-06-30;Reservas de Lucro;5.04.05;Ações em Tesouraria Vendidas;0.0;S
09.305.994/0001-29;2025-06-30;1;AZUL S.A.;24112;DF Individual - Demonstração das Mutações do Patrimônio Líquido;REAL;MIL;PENÚLTIMO;2024-01-01;2024-06-30;Lucros ou Prejuízos Acumulados;5.04.05;Ações em Tesouraria Vendidas;0.0;S
09.305.994/0001-29;2025-06-30;1;AZUL S.A.;24112;DF Individual - Demonstração das Mutações do Patrimônio Líquido;REAL;MIL;ÚLTIMO;2025-01-01;2025-06-30;Lucros ou Prejuízos Acumulados;5.04.05;Ações em Tesouraria Vendidas;0.0;S
09.305.994/0001-29;2025-06-30;1;AZUL S.A.;24112;DF Individual - Demonstração das Mutações do Patrimônio Líquido;REAL;MIL;PENÚLTIMO;2024-01-01;2024-06-30;Outros Resultados Abrangentes;5.04.05;Ações em Tesouraria Vendidas;0.0;S
09.305.994/0001-29;2025-06-30;1;AZUL S.A.;24112;DF Individual - Demonstração das Mutações do Patrimônio Líquido;REAL;MIL;ÚLTIMO;2025-01-01;2025-06-30;Outros Resultados Abrangentes;5.04.05;Ações em Tesouraria Vendidas;0.0;S
09.305.994/0001-29;2025-06-30;1;AZUL S.A.;24112;DF Individual - Demonstração das Mutações do Patrimônio Líquido;REAL;MIL;PENÚLTIMO;2024-01-01;2024-06-30;Patrimônio Líquido;5.04.05;Ações em Tesouraria Vendidas;0.0;S
09.305.994/0001-29;2025-06-30;1;AZUL S.A.;24112;DF Individual - Demonstração das Mutações do Patrimônio Líquido;REAL;MIL;ÚLTIMO;2025-01-01;2025-06-30;Patrimônio Líquido;5.04.05;Ações em Tesouraria Vendidas;0.0;S
09.305.994/0001-29;2025-06-30;1;AZUL S.A.;24112;DF Individual - Demonstração das Mutações do Patrimônio Líquido;REAL;MIL;PENÚLTIMO;2024-01-01;2024-06-30;Capital Social Integralizado;5.04.06;Dividendos;0.0;S
09.305.994/0001-29;2025-06-30;1;AZUL S.A.;24112;DF Individual - Demonstração das Mutações do Patrimônio Líquido;REAL;MIL;ÚLTIMO;2025-01-01;2025-06-30;Capital Social Integralizado;5.04.06;Dividendos;0.0;S
09.305.994/0001-29;2025-06-30;1;AZUL S.A.;24112;DF Individual - Demonstração das Mutações do Patrimônio Líquido;REAL;MIL;PENÚLTIMO;2024-01-01;2024-06-30;Reservas de Capital, Opções Outorgadas e Ações em Tesouraria;5.04.06;Dividendos;0.0;S
09.305.994/0001-29;2025-06-30;1;AZUL S.A.;24112;DF Individual - Demonstração das Mutações do Patrimônio Líquido;REAL;MIL;ÚLTIMO;2025-01-01;2025-06-30;Reservas de Capital, Opções Outorgadas e Ações em Tesouraria;5.04.06;Dividendos;0.0;S
09.305.994/0001-29;2025-06-30;1;AZUL S.A.;24112;DF Individual - Demonstração das Mutações do Patrimônio Líquido;REAL;MIL;PENÚLTIMO;2024-01-01;2024-06-30;Reservas de Lucro;5.04.06;Dividendos;0.0;S
09.305.994/0001-29;2025-06-30;1;AZUL S.A.;24112;DF Individual - Demonstração das Mutações do Patrimônio Líquido;REAL;MIL;ÚLTIMO;2025-01-01;2025-06-30;Reservas de Lucro;5.04.06;Dividendos;0.0;S
09.305.994/0001-29;2025-06-30;1;AZUL S.A.;24112;DF Individual - Demonstração das Mutações do Patrimônio Líquido;REAL;MIL;PENÚLTIMO;2024-01-01;2024-06-30;Lucros ou Prejuízos Acumulados;5.04.06;Dividendos;0.0;S
09.305.994/0001-29;2025-06-30;1;AZUL S.A.;24112;DF Individual - Demonstração das Mutações do Patrimônio Líquido;REAL;MIL;ÚLTIMO;2025-01-01;2025-06-30;Lucros ou Prejuízos Acumulados;5.04.06;Dividendos;0.0;S
09.305.994/0001-29;2025-06-30;1;AZUL S.A.;24112;DF Individual - Demonstração das Mutações do Patrimônio Líquido;REAL;MIL;PENÚLTIMO;2024-01-01;2024-06-30;Outros Resultados Abrangentes;5.04.06;Dividendos;0.0;S
09.305.994/0001-29;2025-06-30;1;AZUL S.A.;24112;DF Individual - Demonstração das Mutações do Patrimônio Líquido;REAL;MIL;ÚLTIMO;2025-01-01;2025-06-30;Outros Resultados Abrangentes;5.04.06;Dividendos;0.0;S
09.305.994/0001-29;2025-06-30;1;AZUL S.A.;24112;DF Individual - Demonstração das Mutações do Patrimônio Líquido;REAL;MIL;PENÚLTIMO;2024-01-01;2024-06-30;Patrimônio Líquido;5.04.06;Dividendos;0.0;S
09.305.994/0001-29;2025-06-30;1;AZUL S.A.;24112;DF Individual - Demonstração das Mutações do Patrimônio Líquido;REAL;MIL;ÚLTIMO;2025-01-01;2025-06-30;Patrimônio Líquido;5.04.06;Dividendos;0.0;S
09.305.994/0001-29;2025-06-30;1;AZUL S.A.;24112;DF Individual - Demonstração das Mutações do Patrimônio Líquido;REAL;MIL;PENÚLTIMO;2024-01-01;2024-06-30;Capital Social Integralizado;5.04.07;Juros sobre Capital Próprio;0.0;S
09.305.994/0001-29;2025-06-30;1;AZUL S.A.;24112;DF Individual - Demonstração das Mutações do Patrimônio Líquido;REAL;MIL;ÚLTIMO;2025-01-01;2025-06-30;Capital Social Integralizado;5.04.07;Juros sobre Capital Próprio;0.0;S
09.305.994/0001-29;2025-06-30;1;AZUL S.A.;24112;DF Individual - Demonstração das Mutações do Patrimônio Líquido;REAL;MIL;PENÚLTIMO;2024-01-01;2024-06-30;Reservas de Capital, Opções Outorgadas e Ações em Tesouraria;5.04.07;Juros sobre Capital Próprio;0.0;S
09.305.994/0001-29;2025-06-30;1;AZUL S.A.;24112;DF Individual - Demonstração das Mutações do Patrimônio Líquido;REAL;MIL;ÚLTIMO;2025-01-01;2025-06-30;Reservas de Capital, Opções Outorgadas e Ações em Tesouraria;5.04.07;Juros sobre Capital Próprio;0.0;S
09.305.994/0001-29;2025-06-30;1;AZUL S.A.;24112;DF Individual - Demonstração das Mutações do Patrimônio Líquido;REAL;MIL;PENÚLTIMO;2024-01-01;2024-06-30;Reservas de Lucro;5.04.07;Juros sobre Capital Próprio;0.0;S
09.305.994/0001-29;2025-06-30;1;AZUL S.A.;24112;DF Individual - Demonstração das Mutações do Patrimônio Líquido;REAL;MIL;ÚLTIMO;2025-01-01;2025-06-30;Reservas de Lucro;5.04.07;Juros sobre Capital Próprio;0.0;S
09.305.994/0001-29;2025-06-30;1;AZUL S.A.;24112;DF Individual - Demonstração das Mutações do Patrimônio Líquido;REAL;MIL;PENÚLTIMO;2024-01-01;2024-06-30;Lucros ou Prejuízos Acumulados;5.04.07;Juros sobre Capital Próprio;0.0;S
09.305.994/0001-29;2025-06-30;1;AZUL S.A.;24112;DF Individual - Demonstração das Mutações do Patrimônio Líquido;REAL;MIL;ÚLTIMO;2025-01-01;2025-06-30;Lucros ou Prejuízos Acumulados;5.04.07;Juros sobre Capital Próprio;0.0;S
09.305.994/0001-29;2025-06-30;1;AZUL S.A.;24112;DF Individual - Demonstração das Mutações do Patrimônio Líquido;REAL;MIL;PENÚLTIMO;2024-01-01;2024-06-30;Outros Resultados Abrangentes;5.04.07;Juros sobre Capital Próprio;0.0;S
09.305.994/0001-29;2025-06-30;1;AZUL S.A.;24112;DF Individual - Demonstração das Mutações do Patrimônio Líquido;REAL;MIL;ÚLTIMO;2025-01-01;2025-06-30;Outros Resultados Abrangentes;5.04.07;Juros sobre Capital Próprio;0.0;S
09.305.994/0001-29;2025-06-30;1;AZUL S.A.;24112;DF Individual - Demonstração das Mutações do Patrimônio Líquido;REAL;MIL;PENÚLTIMO;2024-01-01;2024-06-30;Patrimônio Líquido;5.04.07;Juros sobre Capital Próprio;0.0;S
09.305.994/0001-29;2025-06-30;1;AZUL S.A.;24112;DF Individual - Demonstração das Mutações do Patrimônio Líquido;REAL;MIL;ÚLTIMO;2025-01-01;2025-06-30;Patrimônio Líquido;5.04.07;Juros sobre Capital Próprio;0.0;S
09.305.994/0001-29;2025-06-30;1;AZUL S.A.;24112;DF Individual - Demonstração das Mutações do Patrimônio Líquido;REAL;MIL;ÚLTIMO;2025-01-01;2025-06-30;Capital Social Integralizado;5.04.08;Efeito do valor justo das ações emitidas;0.0;N
09.305.994/0001-29;2025-06-30;1;AZUL S.A.;24112;DF Individual - Demonstração das Mutações do Patrimônio Líquido;REAL;MIL;ÚLTIMO;2025-01-01;2025-06-30;Reservas de Capital, Opções Outorgadas e Ações em Tesouraria;5.04.08;Efeito do valor justo das ações emitidas;-3499499.0;N
09.305.994/0001-29;2025-06-30;1;AZUL S.A.;24112;DF Individual - Demonstração das Mutações do Patrimônio Líquido;REAL;MIL;ÚLTIMO;2025-01-01;2025-06-30;Reservas de Lucro;5.04.08;Efeito do valor justo das ações emitidas;0.0;N
09.305.994/0001-29;2025-06-30;1;AZUL S.A.;24112;DF Individual - Demonstração das Mutações do Patrimônio Líquido;REAL;MIL;ÚLTIMO;2025-01-01;2025-06-30;Lucros ou Prejuízos Acumulados;5.04.08;Efeito do valor justo das ações emitidas;0.0;N
09.305.994/0001-29;2025-06-30;1;AZUL S.A.;24112;DF Individual - Demonstração das Mutações do Patrimônio Líquido;REAL;MIL;ÚLTIMO;2025-01-01;2025-06-30;Outros Resultados Abrangentes;5.04.08;Efeito do valor justo das ações emitidas;0.0;N
09.305.994/0001-29;2025-06-30;1;AZUL S.A.;24112;DF Individual - Demonstração das Mutações do Patrimônio Líquido;REAL;MIL;ÚLTIMO;2025-01-01;2025-06-30;Patrimônio Líquido;5.04.08;Efeito do valor justo das ações emitidas;-3499499.0;N
09.305.994/0001-29;2025-06-30;1;AZUL S.A.;24112;DF Individual - Demonstração das Mutações do Patrimônio Líquido;REAL;MIL;ÚLTIMO;2025-01-01;2025-06-30;Capital Social Integralizado;5.04.09;Adiantamento para Futuro Aumento de Capital;0.0;N
09.305.994/0001-29;2025-06-30;1;AZUL S.A.;24112;DF Individual - Demonstração das Mutações do Patrimônio Líquido;REAL;MIL;ÚLTIMO;2025-01-01;2025-06-30;Reservas de Capital, Opções Outorgadas e Ações em Tesouraria;5.04.09;Adiantamento para Futuro Aumento de Capital;0.0;N
09.305.994/0001-29;2025-06-30;1;AZUL S.A.;24112;DF Individual - Demonstração das Mutações do Patrimônio Líquido;REAL;MIL;ÚLTIMO;2025-01-01;2025-06-30;Reservas de Lucro;5.04.09;Adiantamento para Futuro Aumento de Capital;0.0;N
09.305.994/0001-29;2025-06-30;1;AZUL S.A.;24112;DF Individual - Demonstração das Mutações do Patrimônio Líquido;REAL;MIL;ÚLTIMO;2025-01-01;2025-06-30;Lucros ou Prejuízos Acumulados;5.04.09;Adiantamento para Futuro Aumento de Capital;0.0;N
09.305.994/0001-29;2025-06-30;1;AZUL S.A.;24112;DF Individual - Demonstração das Mutações do Patrimônio Líquido;REAL;MIL;ÚLTIMO;2025-01-01;2025-06-30;Outros Resultados Abrangentes;5.04.09;Adiantamento para Futuro Aumento de Capital;0.0;N
09.305.994/0001-29;2025-06-30;1;AZUL S.A.;24112;DF Individual - Demonstração das Mutações do Patrimônio Líquido;REAL;MIL;ÚLTIMO;2025-01-01;2025-06-30;Patrimônio Líquido;5.04.09;Adiantamento para Futuro Aumento de Capital;0.0;N
09.305.994/0001-29;2025-06-30;1;AZUL S.A.;24112;DF Individual - Demonstração das Mutações do Patrimônio Líquido;REAL;MIL;ÚLTIMO;2025-01-01;2025-06-30;Capital Social Integralizado;5.04.10;Capital social a integralizar;-71034.0;N
09.305.994/0001-29;2025-06-30;1;AZUL S.A.;24112;DF Individual - Demonstração das Mutações do Patrimônio Líquido;REAL;MIL;ÚLTIMO;2025-01-01;2025-06-30;Reservas de Capital, Opções Outorgadas e Ações em Tesouraria;5.04.10;Capital social a integralizar;0.0;N
09.305.994/0001-29;2025-06-30;1;AZUL S.A.;24112;DF Individual - Demonstração das Mutações do Patrimônio Líquido;REAL;MIL;ÚLTIMO;2025-01-01;2025-06-30;Reservas de Lucro;5.04.10;Capital social a integralizar;0.0;N
09.305.994/0001-29;2025-06-30;1;AZUL S.A.;24112;DF Individual - Demonstração das Mutações do Patrimônio Líquido;REAL;MIL;ÚLTIMO;2025-01-01;2025-06-30;Lucros ou Prejuízos Acumulados;5.04.10;Capital social a integralizar;0.0;N
09.305.994/0001-29;2025-06-30;1;AZUL S.A.;24112;DF Individual - Demonstração das Mutações do Patrimônio Líquido;REAL;MIL;ÚLTIMO;2025-01-01;2025-06-30;Outros Resultados Abrangentes;5.04.10;Capital social a integralizar;0.0;N
09.305.994/0001-29;2025-06-30;1;AZUL S.A.;24112;DF Individual - Demonstração das Mutações do Patrimônio Líquido;REAL;MIL;ÚLTIMO;2025-01-01;2025-06-30;Patrimônio Líquido;5.04.10;Capital social a integralizar;-71034.0;N
09.305.994/0001-29;2025-06-30;1;AZUL S.A.;24112;DF Individual - Demonstração das Mutações do Patrimônio Líquido;REAL;MIL;PENÚLTIMO;2024-01-01;2024-06-30;Capital Social Integralizado;5.05;Resultado Abrangente Total;0.0;S
09.305.994/0001-29;2025-06-30;1;AZUL S.A.;24112;DF Individual - Demonstração das Mutações do Patrimônio Líquido;REAL;MIL;ÚLTIMO;2025-01-01;2025-06-30;Capital Social Integralizado;5.05;Resultado Abrangente Total;0.0;S
09.305.994/0001-29;2025-06-30;1;AZUL S.A.;24112;DF Individual - Demonstração das Mutações do Patrimônio Líquido;REAL;MIL;PENÚLTIMO;2024-01-01;2024-06-30;Reservas de Capital, Opções Outorgadas e Ações em Tesouraria;5.05;Resultado Abrangente Total;0.0;S
09.305.994/0001-29;2025-06-30;1;AZUL S.A.;24112;DF Individual - Demonstração das Mutações do Patrimônio Líquido;REAL;MIL;ÚLTIMO;2025-01-01;2025-06-30;Reservas de Capital, Opções Outorgadas e Ações em Tesouraria;5.05;Resultado Abrangente Total;0.0;S
09.305.994/0001-29;2025-06-30;1;AZUL S.A.;24112;DF Individual - Demonstração das Mutações do Patrimônio Líquido;REAL;MIL;PENÚLTIMO;2024-01-01;2024-06-30;Reservas de Lucro;5.05;Resultado Abrangente Total;0.0;S
09.305.994/0001-29;2025-06-30;1;AZUL S.A.;24112;DF Individual - Demonstração das Mutações do Patrimônio Líquido;REAL;MIL;ÚLTIMO;2025-01-01;2025-06-30;Reservas de Lucro;5.05;Resultado Abrangente Total;0.0;S
09.305.994/0001-29;2025-06-30;1;AZUL S.A.;24112;DF Individual - Demonstração das Mutações do Patrimônio Líquido;REAL;MIL;PENÚLTIMO;2024-01-01;2024-06-30;Lucros ou Prejuízos Acumulados;5.05;Resultado Abrangente Total;-4859907.0;S
09.305.994/0001-29;2025-06-30;1;AZUL S.A.;24112;DF Individual - Demonstração das Mutações do Patrimônio Líquido;REAL;MIL;ÚLTIMO;2025-01-01;2025-06-30;Lucros ou Prejuízos Acumulados;5.05;Resultado Abrangente Total;3121616.0;S
09.305.994/0001-29;2025-06-30;1;AZUL S.A.;24112;DF Individual - Demonstração das Mutações do Patrimônio Líquido;REAL;MIL;PENÚLTIMO;2024-01-01;2024-06-30;Outros Resultados Abrangentes;5.05;Resultado Abrangente Total;0.0;S
09.305.994/0001-29;2025-06-30;1;AZUL S.A.;24112;DF Individual - Demonstração das Mutações do Patrimônio Líquido;REAL;MIL;ÚLTIMO;2025-01-01;2025-06-30;Outros Resultados Abrangentes;5.05;Resultado Abrangente Total;0.0;S
09.305.994/0001-29;2025-06-30;1;AZUL S.A.;24112;DF Individual - Demonstração das Mutações do Patrimônio Líquido;REAL;MIL;PENÚLTIMO;2024-01-01;2024-06-30;Patrimônio Líquido;5.05;Resultado Abrangente Total;-4859907.0;S
09.305.994/0001-29;2025-06-30;1;AZUL S.A.;24112;DF Individual - Demonstração das Mutações do Patrimônio Líquido;REAL;MIL;ÚLTIMO;2025-01-01;2025-06-30;Patrimônio Líquido;5.05;Resultado Abrangente Total;3121616.0;S
09.305.994/0001-29;2025-06-30;1;AZUL S.A.;24112;DF Individual - Demonstração das Mutações do Patrimônio Líquido;REAL;MIL;PENÚLTIMO;2024-01-01;2024-06-30;Capital Social Integralizado;5.05.01;Lucro Líquido do Período;0.0;S
09.305.994/0001-29;2025-06-30;1;AZUL S.A.;24112;DF Individual - Demonstração das Mutações do Patrimônio Líquido;REAL;MIL;ÚLTIMO;2025-01-01;2025-06-30;Capital Social Integralizado;5.05.01;Lucro Líquido do Período;0.0;S
09.305.994/0001-29;2025-06-30;1;AZUL S.A.;24112;DF Individual - Demonstração das Mutações do Patrimônio Líquido;REAL;MIL;PENÚLTIMO;2024-01-01;2024-06-30;Reservas de Capital, Opções Outorgadas e Ações em Tesouraria;5.05.01;Lucro Líquido do Período;0.0;S
09.305.994/0001-29;2025-06-30;1;AZUL S.A.;24112;DF Individual - Demonstração das Mutações do Patrimônio Líquido;REAL;MIL;ÚLTIMO;2025-01-01;2025-06-30;Reservas de Capital, Opções Outorgadas e Ações em Tesouraria;5.05.01;Lucro Líquido do Período;0.0;S
09.305.994/0001-29;2025-06-30;1;AZUL S.A.;24112;DF Individual - Demonstração das Mutações do Patrimônio Líquido;REAL;MIL;PENÚLTIMO;2024-01-01;2024-06-30;Reservas de Lucro;5.05.01;Lucro Líquido do Período;0.0;S
09.305.994/0001-29;2025-06-30;1;AZUL S.A.;24112;DF Individual - Demonstração das Mutações do Patrimônio Líquido;REAL;MIL;ÚLTIMO;2025-01-01;2025-06-30;Reservas de Lucro;5.05.01;Lucro Líquido do Período;0.0;S
09.305.994/0001-29;2025-06-30;1;AZUL S.A.;24112;DF Individual - Demonstração das Mutações do Patrimônio Líquido;REAL;MIL;PENÚLTIMO;2024-01-01;2024-06-30;Lucros ou Prejuízos Acumulados;5.05.01;Lucro Líquido do Período;-4859907.0;S
09.305.994/0001-29;2025-06-30;1;AZUL S.A.;24112;DF Individual - Demonstração das Mutações do Patrimônio Líquido;REAL;MIL;ÚLTIMO;2025-01-01;2025-06-30;Lucros ou Prejuízos Acumulados;5.05.01;Lucro Líquido do Período;3121616.0;S
09.305.994/0001-29;2025-06-30;1;AZUL S.A.;24112;DF Individual - Demonstração das Mutações do Patrimônio Líquido;REAL;MIL;PENÚLTIMO;2024-01-01;2024-06-30;Outros Resultados Abrangentes;5.05.01;Lucro Líquido do Período;0.0;S
09.305.994/0001-29;2025-06-30;1;AZUL S.A.;24112;DF Individual - Demonstração das Mutações do Patrimônio Líquido;REAL;MIL;ÚLTIMO;2025-01-01;2025-06-30;Outros Resultados Abrangentes;5.05.01;Lucro Líquido do Período;0.0;S
09.305.994/0001-29;2025-06-30;1;AZUL S.A.;24112;DF Individual - Demonstração das Mutações do Patrimônio Líquido;REAL;MIL;PENÚLTIMO;2024-01-01;2024-06-30;Patrimônio Líquido;5.05.01;Lucro Líquido do Período;-4859907.0;S
09.305.994/0001-29;2025-06-30;1;AZUL S.A.;24112;DF Individual - Demonstração das Mutações do Patrimônio Líquido;REAL;MIL;ÚLTIMO;2025-01-01;2025-06-30;Patrimônio Líquido;5.05.01;Lucro Líquido do Período;3121616.0;S
09.305.994/0001-29;2025-06-30;1;AZUL S.A.;24112;DF Individual - Demonstração das Mutações do Patrimônio Líquido;REAL;MIL;PENÚLTIMO;2024-01-01;2024-06-30;Capital Social Integralizado;5.05.02;Outros Resultados Abrangentes;0.0;S
09.305.994/0001-29;2025-06-30;1;AZUL S.A.;24112;DF Individual - Demonstração das Mutações do Patrimônio Líquido;REAL;MIL;ÚLTIMO;2025-01-01;2025-06-30;Capital Social Integralizado;5.05.02;Outros Resultados Abrangentes;0.0;S
09.305.994/0001-29;2025-06-30;1;AZUL S.A.;24112;DF Individual - Demonstração das Mutações do Patrimônio Líquido;REAL;MIL;PENÚLTIMO;2024-01-01;2024-06-30;Reservas de Capital, Opções Outorgadas e Ações em Tesouraria;5.05.02;Outros Resultados Abrangentes;0.0;S
09.305.994/0001-29;2025-06-30;1;AZUL S.A.;24112;DF Individual - Demonstração das Mutações do Patrimônio Líquido;REAL;MIL;ÚLTIMO;2025-01-01;2025-06-30;Reservas de Capital, Opções Outorgadas e Ações em Tesouraria;5.05.02;Outros Resultados Abrangentes;0.0;S
09.305.994/0001-29;2025-06-30;1;AZUL S.A.;24112;DF Individual - Demonstração das Mutações do Patrimônio Líquido;REAL;MIL;PENÚLTIMO;2024-01-01;2024-06-30;Reservas de Lucro;5.05.02;Outros Resultados Abrangentes;0.0;S
09.305.994/0001-29;2025-06-30;1;AZUL S.A.;24112;DF Individual - Demonstração das Mutações do Patrimônio Líquido;REAL;MIL;ÚLTIMO;2025-01-01;2025-06-30;Reservas de Lucro;5.05.02;Outros Resultados Abrangentes;0.0;S
09.305.994/0001-29;2025-06-30;1;AZUL S.A.;24112;DF Individual - Demonstração das Mutações do Patrimônio Líquido;REAL;MIL;PENÚLTIMO;2024-01-01;2024-06-30;Lucros ou Prejuízos Acumulados;5.05.02;Outros Resultados Abrangentes;0.0;S
09.305.994/0001-29;2025-06-30;1;AZUL S.A.;24112;DF Individual - Demonstração das Mutações do Patrimônio Líquido;REAL;MIL;ÚLTIMO;2025-01-01;2025-06-30;Lucros ou Prejuízos Acumulados;5.05.02;Outros Resultados Abrangentes;0.0;S
09.305.994/0001-29;2025-06-30;1;AZUL S.A.;24112;DF Individual - Demonstração das Mutações do Patrimônio Líquido;REAL;MIL;PENÚLTIMO;2024-01-01;2024-06-30;Outros Resultados Abrangentes;5.05.02;Outros Resultados Abrangentes;0.0;S
09.305.994/0001-29;2025-06-30;1;AZUL S.A.;24112;DF Individual - Demonstração das Mutações do Patrimônio Líquido;REAL;MIL;ÚLTIMO;2025-01-01;2025-06-30;Outros Resultados Abrangentes;5.05.02;Outros Resultados Abrangentes;0.0;S
09.305.994/0001-29;2025-06-30;1;AZUL S.A.;24112;DF Individual - Demonstração das Mutações do Patrimônio Líquido;REAL;MIL;PENÚLTIMO;2024-01-01;2024-06-30;Patrimônio Líquido;5.05.02;Outros Resultados Abrangentes;0.0;S
09.305.994/0001-29;2025-06-30;1;AZUL S.A.;24112;DF Individual - Demonstração das Mutações do Patrimônio Líquido;REAL;MIL;ÚLTIMO;2025-01-01;2025-06-30;Patrimônio Líquido;5.05.02;Outros Resultados Abrangentes;0.0;S
09.305.994/0001-29;2025-06-30;1;AZUL S.A.;24112;DF Individual - Demonstração das Mutações do Patrimônio Líquido;REAL;MIL;PENÚLTIMO;2024-01-01;2024-06-30;Capital Social Integralizado;5.05.02.01;Ajustes de Instrumentos Financeiros;0.0;S
09.305.994/0001-29;2025-06-30;1;AZUL S.A.;24112;DF Individual - Demonstração das Mutações do Patrimônio Líquido;REAL;MIL;ÚLTIMO;2025-01-01;2025-06-30;Capital Social Integralizado;5.05.02.01;Ajustes de Instrumentos Financeiros;0.0;S
09.305.994/0001-29;2025-06-30;1;AZUL S.A.;24112;DF Individual - Demonstração das Mutações do Patrimônio Líquido;REAL;MIL;PENÚLTIMO;2024-01-01;2024-06-30;Reservas de Capital, Opções Outorgadas e Ações em Tesouraria;5.05.02.01;Ajustes de Instrumentos Financeiros;0.0;S
09.305.994/0001-29;2025-06-30;1;AZUL S.A.;24112;DF Individual - Demonstração das Mutações do Patrimônio Líquido;REAL;MIL;ÚLTIMO;2025-01-01;2025-06-30;Reservas de Capital, Opções Outorgadas e Ações em Tesouraria;5.05.02.01;Ajustes de Instrumentos Financeiros;0.0;S
09.305.994/0001-29;2025-06-30;1;AZUL S.A.;24112;DF Individual - Demonstração das Mutações do Patrimônio Líquido;REAL;MIL;PENÚLTIMO;2024-01-01;2024-06-30;Reservas de Lucro;5.05.02.01;Ajustes de Instrumentos Financeiros;0.0;S
09.305.994/0001-29;2025-06-30;1;AZUL S.A.;24112;DF Individual - Demonstração das Mutações do Patrimônio Líquido;REAL;MIL;ÚLTIMO;2025-01-01;2025-06-30;Reservas de Lucro;5.05.02.01;Ajustes de Instrumentos Financeiros;0.0;S
09.305.994/0001-29;2025-06-30;1;AZUL S.A.;24112;DF Individual - Demonstração das Mutações do Patrimônio Líquido;REAL;MIL;PENÚLTIMO;2024-01-01;2024-06-30;Lucros ou Prejuízos Acumulados;5.05.02.01;Ajustes de Instrumentos Financeiros;0.0;S
09.305.994/0001-29;2025-06-30;1;AZUL S.A.;24112;DF Individual - Demonstração das Mutações do Patrimônio Líquido;REAL;MIL;ÚLTIMO;2025-01-01;2025-06-30;Lucros ou Prejuízos Acumulados;5.05.02.01;Ajustes de Instrumentos Financeiros;0.0;S
09.305.994/0001-29;2025-06-30;1;AZUL S.A.;24112;DF Individual - Demonstração das Mutações do Patrimônio Líquido;REAL;MIL;PENÚLTIMO;2024-01-01;2024-06-30;Outros Resultados Abrangentes;5.05.02.01;Ajustes de Instrumentos Financeiros;0.0;S
09.305.994/0001-29;2025-06-30;1;AZUL S.A.;24112;DF Individual - Demonstração das Mutações do Patrimônio Líquido;REAL;MIL;ÚLTIMO;2025-01-01;2025-06-30;Outros Resultados Abrangentes;5.05.02.01;Ajustes de Instrumentos Financeiros;0.0;S
09.305.994/0001-29;2025-06-30;1;AZUL S.A.;24112;DF Individual - Demonstração das Mutações do Patrimônio Líquido;REAL;MIL;PENÚLTIMO;2024-01-01;2024-06-30;Patrimônio Líquido;5.05.02.01;Ajustes de Instrumentos Financeiros;0.0;S
09.305.994/0001-29;2025-06-30;1;AZUL S.A.;24112;DF Individual - Demonstração das Mutações do Patrimônio Líquido;REAL;MIL;ÚLTIMO;2025-01-01;2025-06-30;Patrimônio Líquido;5.05.02.01;Ajustes de Instrumentos Financeiros;0.0;S
09.305.994/0001-29;2025-06-30;1;AZUL S.A.;24112;DF Individual - Demonstração das Mutações do Patrimônio Líquido;REAL;MIL;PENÚLTIMO;2024-01-01;2024-06-30;Capital Social Integralizado;5.05.02.02;Tributos s/ Ajustes Instrumentos Financeiros;0.0;S
09.305.994/0001-29;2025-06-30;1;AZUL S.A.;24112;DF Individual - Demonstração das Mutações do Patrimônio Líquido;REAL;MIL;ÚLTIMO;2025-01-01;2025-06-30;Capital Social Integralizado;5.05.02.02;Tributos s/ Ajustes Instrumentos Financeiros;0.0;S
09.305.994/0001-29;2025-06-30;1;AZUL S.A.;24112;DF Individual - Demonstração das Mutações do Patrimônio Líquido;REAL;MIL;PENÚLTIMO;2024-01-01;2024-06-30;Reservas de Capital, Opções Outorgadas e Ações em Tesouraria;5.05.02.02;Tributos s/ Ajustes Instrumentos Financeiros;0.0;S
09.305.994/0001-29;2025-06-30;1;AZUL S.A.;24112;DF Individual - Demonstração das Mutações do Patrimônio Líquido;REAL;MIL;ÚLTIMO;2025-01-01;2025-06-30;Reservas de Capital, Opções Outorgadas e Ações em Tesouraria;5.05.02.02;Tributos s/ Ajustes Instrumentos Financeiros;0.0;S
09.305.994/0001-29;2025-06-30;1;AZUL S.A.;24112;DF Individual - Demonstração das Mutações do Patrimônio Líquido;REAL;MIL;PENÚLTIMO;2024-01-01;2024-06-30;Reservas de Lucro;5.05.02.02;Tributos s/ Ajustes Instrumentos Financeiros;0.0;S
09.305.994/0001-29;2025-06-30;1;AZUL S.A.;24112;DF Individual - Demonstração das Mutações do Patrimônio Líquido;REAL;MIL;ÚLTIMO;2025-01-01;2025-06-30;Reservas de Lucro;5.05.02.02;Tributos s/ Ajustes Instrumentos Financeiros;0.0;S
09.305.994/0001-29;2025-06-30;1;AZUL S.A.;24112;DF Individual - Demonstração das Mutações do Patrimônio Líquido;REAL;MIL;PENÚLTIMO;2024-01-01;2024-06-30;Lucros ou Prejuízos Acumulados;5.05.02.02;Tributos s/ Ajustes Instrumentos Financeiros;0.0;S
09.305.994/0001-29;2025-06-30;1;AZUL S.A.;24112;DF Individual - Demonstração das Mutações do Patrimônio Líquido;REAL;MIL;ÚLTIMO;2025-01-01;2025-06-30;Lucros ou Prejuízos Acumulados;5.05.02.02;Tributos s/ Ajustes Instrumentos Financeiros;0.0;S
09.305.994/0001-29;2025-06-30;1;AZUL S.A.;24112;DF Individual - Demonstração das Mutações do Patrimônio Líquido;REAL;MIL;PENÚLTIMO;2024-01-01;2024-06-30;Outros Resultados Abrangentes;5.05.02.02;Tributos s/ Ajustes Instrumentos Financeiros;0.0;S
09.305.994/0001-29;2025-06-30;1;AZUL S.A.;24112;DF Individual - Demonstração das Mutações do Patrimônio Líquido;REAL;MIL;ÚLTIMO;2025-01-01;2025-06-30;Outros Resultados Abrangentes;5.05.02.02;Tributos s/ Ajustes Instrumentos Financeiros;0.0;S
09.305.994/0001-29;2025-06-30;1;AZUL S.A.;24112;DF Individual - Demonstração das Mutações do Patrimônio Líquido;REAL;MIL;PENÚLTIMO;2024-01-01;2024-06-30;Patrimônio Líquido;5.05.02.02;Tributos s/ Ajustes Instrumentos Financeiros;0.0;S
09.305.994/0001-29;2025-06-30;1;AZUL S.A.;24112;DF Individual - Demonstração das Mutações do Patrimônio Líquido;REAL;MIL;ÚLTIMO;2025-01-01;2025-06-30;Patrimônio Líquido;5.05.02.02;Tributos s/ Ajustes Instrumentos Financeiros;0.0;S
09.305.994/0001-29;2025-06-30;1;AZUL S.A.;24112;DF Individual - Demonstração das Mutações do Patrimônio Líquido;REAL;MIL;PENÚLTIMO;2024-01-01;2024-06-30;Capital Social Integralizado;5.05.02.03;Equiv. Patrim. s/Result. Abrang. Controladas e Coligadas;0.0;S
09.305.994/0001-29;2025-06-30;1;AZUL S.A.;24112;DF Individual - Demonstração das Mutações do Patrimônio Líquido;REAL;MIL;ÚLTIMO;2025-01-01;2025-06-30;Capital Social Integralizado;5.05.02.03;Equiv. Patrim. s/Result. Abrang. Controladas e Coligadas;0.0;S
09.305.994/0001-29;2025-06-30;1;AZUL S.A.;24112;DF Individual - Demonstração das Mutações do Patrimônio Líquido;REAL;MIL;PENÚLTIMO;2024-01-01;2024-06-30;Reservas de Capital, Opções Outorgadas e Ações em Tesouraria;5.05.02.03;Equiv. Patrim. s/Result. Abrang. Controladas e Coligadas;0.0;S
09.305.994/0001-29;2025-06-30;1;AZUL S.A.;24112;DF Individual - Demonstração das Mutações do Patrimônio Líquido;REAL;MIL;ÚLTIMO;2025-01-01;2025-06-30;Reservas de Capital, Opções Outorgadas e Ações em Tesouraria;5.05.02.03;Equiv. Patrim. s/Result. Abrang. Controladas e Coligadas;0.0;S
09.305.994/0001-29;2025-06-30;1;AZUL S.A.;24112;DF Individual - Demonstração das Mutações do Patrimônio Líquido;REAL;MIL;PENÚLTIMO;2024-01-01;2024-06-30;Reservas de Lucro;5.05.02.03;Equiv. Patrim. s/Result. Abrang. Controladas e Coligadas;0.0;S
09.305.994/0001-29;2025-06-30;1;AZUL S.A.;24112;DF Individual - Demonstração das Mutações do Patrimônio Líquido;REAL;MIL;ÚLTIMO;2025-01-01;2025-06-30;Reservas de Lucro;5.05.02.03;Equiv. Patrim. s/Result. Abrang. Controladas e Coligadas;0.0;S
09.305.994/0001-29;2025-06-30;1;AZUL S.A.;24112;DF Individual - Demonstração das Mutações do Patrimônio Líquido;REAL;MIL;PENÚLTIMO;2024-01-01;2024-06-30;Lucros ou Prejuízos Acumulados;5.05.02.03;Equiv. Patrim. s/Result. Abrang. Controladas e Coligadas;0.0;S
09.305.994/0001-29;2025-06-30;1;AZUL S.A.;24112;DF Individual - Demonstração das Mutações do Patrimônio Líquido;REAL;MIL;ÚLTIMO;2025-01-01;2025-06-30;Lucros ou Prejuízos Acumulados;5.05.02.03;Equiv. Patrim. s/Result. Abrang. Controladas e Coligadas;0.0;S
09.305.994/0001-29;2025-06-30;1;AZUL S.A.;24112;DF Individual - Demonstração das Mutações do Patrimônio Líquido;REAL;MIL;PENÚLTIMO;2024-01-01;2024-06-30;Outros Resultados Abrangentes;5.05.02.03;Equiv. Patrim. s/Result. Abrang. Controladas e Coligadas;0.0;S
09.305.994/0001-29;2025-06-30;1;AZUL S.A.;24112;DF Individual - Demonstração das Mutações do Patrimônio Líquido;REAL;MIL;ÚLTIMO;2025-01-01;2025-06-30;Outros Resultados Abrangentes;5.05.02.03;Equiv. Patrim. s/Result. Abrang. Controladas e Coligadas;0.0;S
09.305.994/0001-29;2025-06-30;1;AZUL S.A.;24112;DF Individual - Demonstração das Mutações do Patrimônio Líquido;REAL;MIL;PENÚLTIMO;2024-01-01;2024-06-30;Patrimônio Líquido;5.05.02.03;Equiv. Patrim. s/Result. Abrang. Controladas e Coligadas;0.0;S
09.305.994/0001-29;2025-06-30;1;AZUL S.A.;24112;DF Individual - Demonstração das Mutações do Patrimônio Líquido;REAL;MIL;ÚLTIMO;2025-01-01;2025-06-30;Patrimônio Líquido;5.05.02.03;Equiv. Patrim. s/Result. Abrang. Controladas e Coligadas;0.0;S
09.305.994/0001-29;2025-06-30;1;AZUL S.A.;24112;DF Individual - Demonstração das Mutações do Patrimônio Líquido;REAL;MIL;PENÚLTIMO;2024-01-01;2024-06-30;Capital Social Integralizado;5.05.02.04;Ajustes de Conversão do Período;0.0;S
09.305.994/0001-29;2025-06-30;1;AZUL S.A.;24112;DF Individual - Demonstração das Mutações do Patrimônio Líquido;REAL;MIL;ÚLTIMO;2025-01-01;2025-06-30;Capital Social Integralizado;5.05.02.04;Ajustes de Conversão do Período;0.0;S
09.305.994/0001-29;2025-06-30;1;AZUL S.A.;24112;DF Individual - Demonstração das Mutações do Patrimônio Líquido;REAL;MIL;PENÚLTIMO;2024-01-01;2024-06-30;Reservas de Capital, Opções Outorgadas e Ações em Tesouraria;5.05.02.04;Ajustes de Conversão do Período;0.0;S
09.305.994/0001-29;2025-06-30;1;AZUL S.A.;24112;DF Individual - Demonstração das Mutações do Patrimônio Líquido;REAL;MIL;ÚLTIMO;2025-01-01;2025-06-30;Reservas de Capital, Opções Outorgadas e Ações em Tesouraria;5.05.02.04;Ajustes de Conversão do Período;0.0;S
09.305.994/0001-29;2025-06-30;1;AZUL S.A.;24112;DF Individual - Demonstração das Mutações do Patrimônio Líquido;REAL;MIL;PENÚLTIMO;2024-01-01;2024-06-30;Reservas de Lucro;5.05.02.04;Ajustes de Conversão do Período;0.0;S
09.305.994/0001-29;2025-06-30;1;AZUL S.A.;24112;DF Individual - Demonstração das Mutações do Patrimônio Líquido;REAL;MIL;ÚLTIMO;2025-01-01;2025-06-30;Reservas de Lucro;5.05.02.04;Ajustes de Conversão do Período;0.0;S
09.305.994/0001-29;2025-06-30;1;AZUL S.A.;24112;DF Individual - Demonstração das Mutações do Patrimônio Líquido;REAL;MIL;PENÚLTIMO;2024-01-01;2024-06-30;Lucros ou Prejuízos Acumulados;5.05.02.04;Ajustes de Conversão do Período;0.0;S
09.305.994/0001-29;2025-06-30;1;AZUL S.A.;24112;DF Individual - Demonstração das Mutações do Patrimônio Líquido;REAL;MIL;ÚLTIMO;2025-01-01;2025-06-30;Lucros ou Prejuízos Acumulados;5.05.02.04;Ajustes de Conversão do Período;0.0;S
09.305.994/0001-29;2025-06-30;1;AZUL S.A.;24112;DF Individual - Demonstração das Mutações do Patrimônio Líquido;REAL;MIL;PENÚLTIMO;2024-01-01;2024-06-30;Outros Resultados Abrangentes;5.05.02.04;Ajustes de Conversão do Período;0.0;S
09.305.994/0001-29;2025-06-30;1;AZUL S.A.;24112;DF Individual - Demonstração das Mutações do Patrimônio Líquido;REAL;MIL;ÚLTIMO;2025-01-01;2025-06-30;Outros Resultados Abrangentes;5.05.02.04;Ajustes de Conversão do Período;0.0;S
09.305.994/0001-29;2025-06-30;1;AZUL S.A.;24112;DF Individual - Demonstração das Mutações do Patrimônio Líquido;REAL;MIL;PENÚLTIMO;2024-01-01;2024-06-30;Patrimônio Líquido;5.05.02.04;Ajustes de Conversão do Período;0.0;S
09.305.994/0001-29;2025-06-30;1;AZUL S.A.;24112;DF Individual - Demonstração das Mutações do Patrimônio Líquido;REAL;MIL;ÚLTIMO;2025-01-01;2025-06-30;Patrimônio Líquido;5.05.02.04;Ajustes de Conversão do Período;0.0;S
09.305.994/0001-29;2025-06-30;1;AZUL S.A.;24112;DF Individual - Demonstração das Mutações do Patrimônio Líquido;REAL;MIL;PENÚLTIMO;2024-01-01;2024-06-30;Capital Social Integralizado;5.05.02.05;Tributos s/ Ajustes de Conversão do Período;0.0;S
09.305.994/0001-29;2025-06-30;1;AZUL S.A.;24112;DF Individual - Demonstração das Mutações do Patrimônio Líquido;REAL;MIL;ÚLTIMO;2025-01-01;2025-06-30;Capital Social Integralizado;5.05.02.05;Tributos s/ Ajustes de Conversão do Período;0.0;S
09.305.994/0001-29;2025-06-30;1;AZUL S.A.;24112;DF Individual - Demonstração das Mutações do Patrimônio Líquido;REAL;MIL;PENÚLTIMO;2024-01-01;2024-06-30;Reservas de Capital, Opções Outorgadas e Ações em Tesouraria;5.05.02.05;Tributos s/ Ajustes de Conversão do Período;0.0;S
09.305.994/0001-29;2025-06-30;1;AZUL S.A.;24112;DF Individual - Demonstração das Mutações do Patrimônio Líquido;REAL;MIL;ÚLTIMO;2025-01-01;2025-06-30;Reservas de Capital, Opções Outorgadas e Ações em Tesouraria;5.05.02.05;Tributos s/ Ajustes de Conversão do Período;0.0;S
09.305.994/0001-29;2025-06-30;1;AZUL S.A.;24112;DF Individual - Demonstração das Mutações do Patrimônio Líquido;REAL;MIL;PENÚLTIMO;2024-01-01;2024-06-30;Reservas de Lucro;5.05.02.05;Tributos s/ Ajustes de Conversão do Período;0.0;S
09.305.994/0001-29;2025-06-30;1;AZUL S.A.;24112;DF Individual - Demonstração das Mutações do Patrimônio Líquido;REAL;MIL;ÚLTIMO;2025-01-01;2025-06-30;Reservas de Lucro;5.05.02.05;Tributos s/ Ajustes de Conversão do Período;0.0;S
09.305.994/0001-29;2025-06-30;1;AZUL S.A.;24112;DF Individual - Demonstração das Mutações do Patrimônio Líquido;REAL;MIL;PENÚLTIMO;2024-01-01;2024-06-30;Lucros ou Prejuízos Acumulados;5.05.02.05;Tributos s/ Ajustes de Conversão do Período;0.0;S
09.305.994/0001-29;2025-06-30;1;AZUL S.A.;24112;DF Individual - Demonstração das Mutações do Patrimônio Líquido;REAL;MIL;ÚLTIMO;2025-01-01;2025-06-30;Lucros ou Prejuízos Acumulados;5.05.02.05;Tributos s/ Ajustes de Conversão do Período;0.0;S
09.305.994/0001-29;2025-06-30;1;AZUL S.A.;24112;DF Individual - Demonstração das Mutações do Patrimônio Líquido;REAL;MIL;PENÚLTIMO;2024-01-01;2024-06-30;Outros Resultados Abrangentes;5.05.02.05;Tributos s/ Ajustes de Conversão do Período;0.0;S
09.305.994/0001-29;2025-06-30;1;AZUL S.A.;24112;DF Individual - Demonstração das Mutações do Patrimônio Líquido;REAL;MIL;ÚLTIMO;2025-01-01;2025-06-30;Outros Resultados Abrangentes;5.05.02.05;Tributos s/ Ajustes de Conversão do Período;0.0;S
09.305.994/0001-29;2025-06-30;1;AZUL S.A.;24112;DF Individual - Demonstração das Mutações do Patrimônio Líquido;REAL;MIL;PENÚLTIMO;2024-01-01;2024-06-30;Patrimônio Líquido;5.05.02.05;Tributos s/ Ajustes de Conversão do Período;0.0;S
09.305.994/0001-29;2025-06-30;1;AZUL S.A.;24112;DF Individual - Demonstração das Mutações do Patrimônio Líquido;REAL;MIL;ÚLTIMO;2025-01-01;2025-06-30;Patrimônio Líquido;5.05.02.05;Tributos s/ Ajustes de Conversão do Período;0.0;S
09.305.994/0001-29;2025-06-30;1;AZUL S.A.;24112;DF Individual - Demonstração das Mutações do Patrimônio Líquido;REAL;MIL;PENÚLTIMO;2024-01-01;2024-06-30;Capital Social Integralizado;5.05.03;Reclassificações para o Resultado;0.0;S
09.305.994/0001-29;2025-06-30;1;AZUL S.A.;24112;DF Individual - Demonstração das Mutações do Patrimônio Líquido;REAL;MIL;ÚLTIMO;2025-01-01;2025-06-30;Capital Social Integralizado;5.05.03;Reclassificações para o Resultado;0.0;S
09.305.994/0001-29;2025-06-30;1;AZUL S.A.;24112;DF Individual - Demonstração das Mutações do Patrimônio Líquido;REAL;MIL;PENÚLTIMO;2024-01-01;2024-06-30;Reservas de Capital, Opções Outorgadas e Ações em Tesouraria;5.05.03;Reclassificações para o Resultado;0.0;S
09.305.994/0001-29;2025-06-30;1;AZUL S.A.;24112;DF Individual - Demonstração das Mutações do Patrimônio Líquido;REAL;MIL;ÚLTIMO;2025-01-01;2025-06-30;Reservas de Capital, Opções Outorgadas e Ações em Tesouraria;5.05.03;Reclassificações para o Resultado;0.0;S
09.305.994/0001-29;2025-06-30;1;AZUL S.A.;24112;DF Individual - Demonstração das Mutações do Patrimônio Líquido;REAL;MIL;PENÚLTIMO;2024-01-01;2024-06-30;Reservas de Lucro;5.05.03;Reclassificações para o Resultado;0.0;S
09.305.994/0001-29;2025-06-30;1;AZUL S.A.;24112;DF Individual - Demonstração das Mutações do Patrimônio Líquido;REAL;MIL;ÚLTIMO;2025-01-01;2025-06-30;Reservas de Lucro;5.05.03;Reclassificações para o Resultado;0.0;S
09.305.994/0001-29;2025-06-30;1;AZUL S.A.;24112;DF Individual - Demonstração das Mutações do Patrimônio Líquido;REAL;MIL;PENÚLTIMO;2024-01-01;2024-06-30;Lucros ou Prejuízos Acumulados;5.05.03;Reclassificações para o Resultado;0.0;S
09.305.994/0001-29;2025-06-30;1;AZUL S.A.;24112;DF Individual - Demonstração das Mutações do Patrimônio Líquido;REAL;MIL;ÚLTIMO;2025-01-01;2025-06-30;Lucros ou Prejuízos Acumulados;5.05.03;Reclassificações para o Resultado;0.0;S
09.305.994/0001-29;2025-06-30;1;AZUL S.A.;24112;DF Individual - Demonstração das Mutações do Patrimônio Líquido;REAL;MIL;PENÚLTIMO;2024-01-01;2024-06-30;Outros Resultados Abrangentes;5.05.03;Reclassificações para o Resultado;0.0;S
09.305.994/0001-29;2025-06-30;1;AZUL S.A.;24112;DF Individual - Demonstração das Mutações do Patrimônio Líquido;REAL;MIL;ÚLTIMO;2025-01-01;2025-06-30;Outros Resultados Abrangentes;5.05.03;Reclassificações para o Resultado;0.0;S
09.305.994/0001-29;2025-06-30;1;AZUL S.A.;24112;DF Individual - Demonstração das Mutações do Patrimônio Líquido;REAL;MIL;PENÚLTIMO;2024-01-01;2024-06-30;Patrimônio Líquido;5.05.03;Reclassificações para o Resultado;0.0;S
09.305.994/0001-29;2025-06-30;1;AZUL S.A.;24112;DF Individual - Demonstração das Mutações do Patrimônio Líquido;REAL;MIL;ÚLTIMO;2025-01-01;2025-06-30;Patrimônio Líquido;5.05.03;Reclassificações para o Resultado;0.0;S
09.305.994/0001-29;2025-06-30;1;AZUL S.A.;24112;DF Individual - Demonstração das Mutações do Patrimônio Líquido;REAL;MIL;PENÚLTIMO;2024-01-01;2024-06-30;Capital Social Integralizado;5.05.03.01;Ajustes de Instrumentos Financeiros;0.0;S
09.305.994/0001-29;2025-06-30;1;AZUL S.A.;24112;DF Individual - Demonstração das Mutações do Patrimônio Líquido;REAL;MIL;ÚLTIMO;2025-01-01;2025-06-30;Capital Social Integralizado;5.05.03.01;Ajustes de Instrumentos Financeiros;0.0;S
09.305.994/0001-29;2025-06-30;1;AZUL S.A.;24112;DF Individual - Demonstração das Mutações do Patrimônio Líquido;REAL;MIL;PENÚLTIMO;2024-01-01;2024-06-30;Reservas de Capital, Opções Outorgadas e Ações em Tesouraria;5.05.03.01;Ajustes de Instrumentos Financeiros;0.0;S
09.305.994/0001-29;2025-06-30;1;AZUL S.A.;24112;DF Individual - Demonstração das Mutações do Patrimônio Líquido;REAL;MIL;ÚLTIMO;2025-01-01;2025-06-30;Reservas de Capital, Opções Outorgadas e Ações em Tesouraria;5.05.03.01;Ajustes de Instrumentos Financeiros;0.0;S
09.305.994/0001-29;2025-06-30;1;AZUL S.A.;24112;DF Individual - Demonstração das Mutações do Patrimônio Líquido;REAL;MIL;PENÚLTIMO;2024-01-01;2024-06-30;Reservas de Lucro;5.05.03.01;Ajustes de Instrumentos Financeiros;0.0;S
09.305.994/0001-29;2025-06-30;1;AZUL S.A.;24112;DF Individual - Demonstração das Mutações do Patrimônio Líquido;REAL;MIL;ÚLTIMO;2025-01-01;2025-06-30;Reservas de Lucro;5.05.03.01;Ajustes de Instrumentos Financeiros;0.0;S
09.305.994/0001-29;2025-06-30;1;AZUL S.A.;24112;DF Individual - Demonstração das Mutações do Patrimônio Líquido;REAL;MIL;PENÚLTIMO;2024-01-01;2024-06-30;Lucros ou Prejuízos Acumulados;5.05.03.01;Ajustes de Instrumentos Financeiros;0.0;S
09.305.994/0001-29;2025-06-30;1;AZUL S.A.;24112;DF Individual - Demonstração das Mutações do Patrimônio Líquido;REAL;MIL;ÚLTIMO;2025-01-01;2025-06-30;Lucros ou Prejuízos Acumulados;5.05.03.01;Ajustes de Instrumentos Financeiros;0.0;S
09.305.994/0001-29;2025-06-30;1;AZUL S.A.;24112;DF Individual - Demonstração das Mutações do Patrimônio Líquido;REAL;MIL;PENÚLTIMO;2024-01-01;2024-06-30;Outros Resultados Abrangentes;5.05.03.01;Ajustes de Instrumentos Financeiros;0.0;S
09.305.994/0001-29;2025-06-30;1;AZUL S.A.;24112;DF Individual - Demonstração das Mutações do Patrimônio Líquido;REAL;MIL;ÚLTIMO;2025-01-01;2025-06-30;Outros Resultados Abrangentes;5.05.03.01;Ajustes de Instrumentos Financeiros;0.0;S
09.305.994/0001-29;2025-06-30;1;AZUL S.A.;24112;DF Individual - Demonstração das Mutações do Patrimônio Líquido;REAL;MIL;PENÚLTIMO;2024-01-01;2024-06-30;Patrimônio Líquido;5.05.03.01;Ajustes de Instrumentos Financeiros;0.0;S
09.305.994/0001-29;2025-06-30;1;AZUL S.A.;24112;DF Individual - Demonstração das Mutações do Patrimônio Líquido;REAL;MIL;ÚLTIMO;2025-01-01;2025-06-30;Patrimônio Líquido;5.05.03.01;Ajustes de Instrumentos Financeiros;0.0;S
09.305.994/0001-29;2025-06-30;1;AZUL S.A.;24112;DF Individual - Demonstração das Mutações do Patrimônio Líquido;REAL;MIL;PENÚLTIMO;2024-01-01;2024-06-30;Capital Social Integralizado;5.06;Mutações Internas do Patrimônio Líquido;0.0;S
09.305.994/0001-29;2025-06-30;1;AZUL S.A.;24112;DF Individual - Demonstração das Mutações do Patrimônio Líquido;REAL;MIL;ÚLTIMO;2025-01-01;2025-06-30;Capital Social Integralizado;5.06;Mutações Internas do Patrimônio Líquido;0.0;S
09.305.994/0001-29;2025-06-30;1;AZUL S.A.;24112;DF Individual - Demonstração das Mutações do Patrimônio Líquido;REAL;MIL;PENÚLTIMO;2024-01-01;2024-06-30;Reservas de Capital, Opções Outorgadas e Ações em Tesouraria;5.06;Mutações Internas do Patrimônio Líquido;0.0;S
09.305.994/0001-29;2025-06-30;1;AZUL S.A.;24112;DF Individual - Demonstração das Mutações do Patrimônio Líquido;REAL;MIL;ÚLTIMO;2025-01-01;2025-06-30;Reservas de Capital, Opções Outorgadas e Ações em Tesouraria;5.06;Mutações Internas do Patrimônio Líquido;0.0;S
09.305.994/0001-29;2025-06-30;1;AZUL S.A.;24112;DF Individual - Demonstração das Mutações do Patrimônio Líquido;REAL;MIL;PENÚLTIMO;2024-01-01;2024-06-30;Reservas de Lucro;5.06;Mutações Internas do Patrimônio Líquido;0.0;S
09.305.994/0001-29;2025-06-30;1;AZUL S.A.;24112;DF Individual - Demonstração das Mutações do Patrimônio Líquido;REAL;MIL;ÚLTIMO;2025-01-01;2025-06-30;Reservas de Lucro;5.06;Mutações Internas do Patrimônio Líquido;0.0;S
09.305.994/0001-29;2025-06-30;1;AZUL S.A.;24112;DF Individual - Demonstração das Mutações do Patrimônio Líquido;REAL;MIL;PENÚLTIMO;2024-01-01;2024-06-30;Lucros ou Prejuízos Acumulados;5.06;Mutações Internas do Patrimônio Líquido;0.0;S
09.305.994/0001-29;2025-06-30;1;AZUL S.A.;24112;DF Individual - Demonstração das Mutações do Patrimônio Líquido;REAL;MIL;ÚLTIMO;2025-01-01;2025-06-30;Lucros ou Prejuízos Acumulados;5.06;Mutações Internas do Patrimônio Líquido;0.0;S
09.305.994/0001-29;2025-06-30;1;AZUL S.A.;24112;DF Individual - Demonstração das Mutações do Patrimônio Líquido;REAL;MIL;PENÚLTIMO;2024-01-01;2024-06-30;Outros Resultados Abrangentes;5.06;Mutações Internas do Patrimônio Líquido;0.0;S
09.305.994/0001-29;2025-06-30;1;AZUL S.A.;24112;DF Individual - Demonstração das Mutações do Patrimônio Líquido;REAL;MIL;ÚLTIMO;2025-01-01;2025-06-30;Outros Resultados Abrangentes;5.06;Mutações Internas do Patrimônio Líquido;0.0;S
09.305.994/0001-29;2025-06-30;1;AZUL S.A.;24112;DF Individual - Demonstração das Mutações do Patrimônio Líquido;REAL;MIL;PENÚLTIMO;2024-01-01;2024-06-30;Patrimônio Líquido;5.06;Mutações Internas do Patrimônio Líquido;0.0;S
09.305.994/0001-29;2025-06-30;1;AZUL S.A.;24112;DF Individual - Demonstração das Mutações do Patrimônio Líquido;REAL;MIL;ÚLTIMO;2025-01-01;2025-06-30;Patrimônio Líquido;5.06;Mutações Internas do Patrimônio Líquido;0.0;S
09.305.994/0001-29;2025-06-30;1;AZUL S.A.;24112;DF Individual - Demonstração das Mutações do Patrimônio Líquido;REAL;MIL;PENÚLTIMO;2024-01-01;2024-06-30;Capital Social Integralizado;5.06.01;Constituição de Reservas;0.0;S
09.305.994/0001-29;2025-06-30;1;AZUL S.A.;24112;DF Individual - Demonstração das Mutações do Patrimônio Líquido;REAL;MIL;ÚLTIMO;2025-01-01;2025-06-30;Capital Social Integralizado;5.06.01;Constituição de Reservas;0.0;S
09.305.994/0001-29;2025-06-30;1;AZUL S.A.;24112;DF Individual - Demonstração das Mutações do Patrimônio Líquido;REAL;MIL;PENÚLTIMO;2024-01-01;2024-06-30;Reservas de Capital, Opções Outorgadas e Ações em Tesouraria;5.06.01;Constituição de Reservas;0.0;S
09.305.994/0001-29;2025-06-30;1;AZUL S.A.;24112;DF Individual - Demonstração das Mutações do Patrimônio Líquido;REAL;MIL;ÚLTIMO;2025-01-01;2025-06-30;Reservas de Capital, Opções Outorgadas e Ações em Tesouraria;5.06.01;Constituição de Reservas;0.0;S
09.305.994/0001-29;2025-06-30;1;AZUL S.A.;24112;DF Individual - Demonstração das Mutações do Patrimônio Líquido;REAL;MIL;PENÚLTIMO;2024-01-01;2024-06-30;Reservas de Lucro;5.06.01;Constituição de Reservas;0.0;S
09.305.994/0001-29;2025-06-30;1;AZUL S.A.;24112;DF Individual - Demonstração das Mutações do Patrimônio Líquido;REAL;MIL;ÚLTIMO;2025-01-01;2025-06-30;Reservas de Lucro;5.06.01;Constituição de Reservas;0.0;S
09.305.994/0001-29;2025-06-30;1;AZUL S.A.;24112;DF Individual - Demonstração das Mutações do Patrimônio Líquido;REAL;MIL;PENÚLTIMO;2024-01-01;2024-06-30;Lucros ou Prejuízos Acumulados;5.06.01;Constituição de Reservas;0.0;S
09.305.994/0001-29;2025-06-30;1;AZUL S.A.;24112;DF Individual - Demonstração das Mutações do Patrimônio Líquido;REAL;MIL;ÚLTIMO;2025-01-01;2025-06-30;Lucros ou Prejuízos Acumulados;5.06.01;Constituição de Reservas;0.0;S
09.305.994/0001-29;2025-06-30;1;AZUL S.A.;24112;DF Individual - Demonstração das Mutações do Patrimônio Líquido;REAL;MIL;PENÚLTIMO;2024-01-01;2024-06-30;Outros Resultados Abrangentes;5.06.01;Constituição de Reservas;0.0;S
09.305.994/0001-29;2025-06-30;1;AZUL S.A.;24112;DF Individual - Demonstração das Mutações do Patrimônio Líquido;REAL;MIL;ÚLTIMO;2025-01-01;2025-06-30;Outros Resultados Abrangentes;5.06.01;Constituição de Reservas;0.0;S
09.305.994/0001-29;2025-06-30;1;AZUL S.A.;24112;DF Individual - Demonstração das Mutações do Patrimônio Líquido;REAL;MIL;PENÚLTIMO;2024-01-01;2024-06-30;Patrimônio Líquido;5.06.01;Constituição de Reservas;0.0;S
09.305.994/0001-29;2025-06-30;1;AZUL S.A.;24112;DF Individual - Demonstração das Mutações do Patrimônio Líquido;REAL;MIL;ÚLTIMO;2025-01-01;2025-06-30;Patrimônio Líquido;5.06.01;Constituição de Reservas;0.0;S
09.305.994/0001-29;2025-06-30;1;AZUL S.A.;24112;DF Individual - Demonstração das Mutações do Patrimônio Líquido;REAL;MIL;PENÚLTIMO;2024-01-01;2024-06-30;Capital Social Integralizado;5.06.02;Realização da Reserva Reavaliação;0.0;S
09.305.994/0001-29;2025-06-30;1;AZUL S.A.;24112;DF Individual - Demonstração das Mutações do Patrimônio Líquido;REAL;MIL;ÚLTIMO;2025-01-01;2025-06-30;Capital Social Integralizado;5.06.02;Realização da Reserva Reavaliação;0.0;S
09.305.994/0001-29;2025-06-30;1;AZUL S.A.;24112;DF Individual - Demonstração das Mutações do Patrimônio Líquido;REAL;MIL;PENÚLTIMO;2024-01-01;2024-06-30;Reservas de Capital, Opções Outorgadas e Ações em Tesouraria;5.06.02;Realização da Reserva Reavaliação;0.0;S
09.305.994/0001-29;2025-06-30;1;AZUL S.A.;24112;DF Individual - Demonstração das Mutações do Patrimônio Líquido;REAL;MIL;ÚLTIMO;2025-01-01;2025-06-30;Reservas de Capital, Opções Outorgadas e Ações em Tesouraria;5.06.02;Realização da Reserva Reavaliação;0.0;S
09.305.994/0001-29;2025-06-30;1;AZUL S.A.;24112;DF Individual - Demonstração das Mutações do Patrimônio Líquido;REAL;MIL;PENÚLTIMO;2024-01-01;2024-06-30;Reservas de Lucro;5.06.02;Realização da Reserva Reavaliação;0.0;S
09.305.994/0001-29;2025-06-30;1;AZUL S.A.;24112;DF Individual - Demonstração das Mutações do Patrimônio Líquido;REAL;MIL;ÚLTIMO;2025-01-01;2025-06-30;Reservas de Lucro;5.06.02;Realização da Reserva Reavaliação;0.0;S
09.305.994/0001-29;2025-06-30;1;AZUL S.A.;24112;DF Individual - Demonstração das Mutações do Patrimônio Líquido;REAL;MIL;PENÚLTIMO;2024-01-01;2024-06-30;Lucros ou Prejuízos Acumulados;5.06.02;Realização da Reserva Reavaliação;0.0;S
09.305.994/0001-29;2025-06-30;1;AZUL S.A.;24112;DF Individual - Demonstração das Mutações do Patrimônio Líquido;REAL;MIL;ÚLTIMO;2025-01-01;2025-06-30;Lucros ou Prejuízos Acumulados;5.06.02;Realização da Reserva Reavaliação;0.0;S
09.305.994/0001-29;2025-06-30;1;AZUL S.A.;24112;DF Individual - Demonstração das Mutações do Patrimônio Líquido;REAL;MIL;PENÚLTIMO;2024-01-01;2024-06-30;Outros Resultados Abrangentes;5.06.02;Realização da Reserva Reavaliação;0.0;S
09.305.994/0001-29;2025-06-30;1;AZUL S.A.;24112;DF Individual - Demonstração das Mutações do Patrimônio Líquido;REAL;MIL;ÚLTIMO;2025-01-01;2025-06-30;Outros Resultados Abrangentes;5.06.02;Realização da Reserva Reavaliação;0.0;S
09.305.994/0001-29;2025-06-30;1;AZUL S.A.;24112;DF Individual - Demonstração das Mutações do Patrimônio Líquido;REAL;MIL;PENÚLTIMO;2024-01-01;2024-06-30;Patrimônio Líquido;5.06.02;Realização da Reserva Reavaliação;0.0;S
09.305.994/0001-29;2025-06-30;1;AZUL S.A.;24112;DF Individual - Demonstração das Mutações do Patrimônio Líquido;REAL;MIL;ÚLTIMO;2025-01-01;2025-06-30;Patrimônio Líquido;5.06.02;Realização da Reserva Reavaliação;0.0;S
09.305.994/0001-29;2025-06-30;1;AZUL S.A.;24112;DF Individual - Demonstração das Mutações do Patrimônio Líquido;REAL;MIL;PENÚLTIMO;2024-01-01;2024-06-30;Capital Social Integralizado;5.06.03;Tributos sobre a Realização da Reserva de Reavaliação;0.0;S
09.305.994/0001-29;2025-06-30;1;AZUL S.A.;24112;DF Individual - Demonstração das Mutações do Patrimônio Líquido;REAL;MIL;ÚLTIMO;2025-01-01;2025-06-30;Capital Social Integralizado;5.06.03;Tributos sobre a Realização da Reserva de Reavaliação;0.0;S
09.305.994/0001-29;2025-06-30;1;AZUL S.A.;24112;DF Individual - Demonstração das Mutações do Patrimônio Líquido;REAL;MIL;PENÚLTIMO;2024-01-01;2024-06-30;Reservas de Capital, Opções Outorgadas e Ações em Tesouraria;5.06.03;Tributos sobre a Realização da Reserva de Reavaliação;0.0;S
09.305.994/0001-29;2025-06-30;1;AZUL S.A.;24112;DF Individual - Demonstração das Mutações do Patrimônio Líquido;REAL;MIL;ÚLTIMO;2025-01-01;2025-06-30;Reservas de Capital, Opções Outorgadas e Ações em Tesouraria;5.06.03;Tributos sobre a Realização da Reserva de Reavaliação;0.0;S
09.305.994/0001-29;2025-06-30;1;AZUL S.A.;24112;DF Individual - Demonstração das Mutações do Patrimônio Líquido;REAL;MIL;PENÚLTIMO;2024-01-01;2024-06-30;Reservas de Lucro;5.06.03;Tributos sobre a Realização da Reserva de Reavaliação;0.0;S
09.305.994/0001-29;2025-06-30;1;AZUL S.A.;24112;DF Individual - Demonstração das Mutações do Patrimônio Líquido;REAL;MIL;ÚLTIMO;2025-01-01;2025-06-30;Reservas de Lucro;5.06.03;Tributos sobre a Realização da Reserva de Reavaliação;0.0;S
09.305.994/0001-29;2025-06-30;1;AZUL S.A.;24112;DF Individual - Demonstração das Mutações do Patrimônio Líquido;REAL;MIL;PENÚLTIMO;2024-01-01;2024-06-30;Lucros ou Prejuízos Acumulados;5.06.03;Tributos sobre a Realização da Reserva de Reavaliação;0.0;S
09.305.994/0001-29;2025-06-30;1;AZUL S.A.;24112;DF Individual - Demonstração das Mutações do Patrimônio Líquido;REAL;MIL;ÚLTIMO;2025-01-01;2025-06-30;Lucros ou Prejuízos Acumulados;5.06.03;Tributos sobre a Realização da Reserva de Reavaliação;0.0;S
09.305.994/0001-29;2025-06-30;1;AZUL S.A.;24112;DF Individual - Demonstração das Mutações do Patrimônio Líquido;REAL;MIL;PENÚLTIMO;2024-01-01;2024-06-30;Outros Resultados Abrangentes;5.06.03;Tributos sobre a Realização da Reserva de Reavaliação;0.0;S
09.305.994/0001-29;2025-06-30;1;AZUL S.A.;24112;DF Individual - Demonstração das Mutações do Patrimônio Líquido;REAL;MIL;ÚLTIMO;2025-01-01;2025-06-30;Outros Resultados Abrangentes;5.06.03;Tributos sobre a Realização da Reserva de Reavaliação;0.0;S
09.305.994/0001-29;2025-06-30;1;AZUL S.A.;24112;DF Individual - Demonstração das Mutações do Patrimônio Líquido;REAL;MIL;PENÚLTIMO;2024-01-01;2024-06-30;Patrimônio Líquido;5.06.03;Tributos sobre a Realização da Reserva de Reavaliação;0.0;S
09.305.994/0001-29;2025-06-30;1;AZUL S.A.;24112;DF Individual - Demonstração das Mutações do Patrimônio Líquido;REAL;MIL;ÚLTIMO;2025-01-01;2025-06-30;Patrimônio Líquido;5.06.03;Tributos sobre a Realização da Reserva de Reavaliação;0.0;S
09.305.994/0001-29;2025-06-30;1;AZUL S.A.;24112;DF Individual - Demonstração das Mutações do Patrimônio Líquido;REAL;MIL;PENÚLTIMO;2024-01-01;2024-06-30;Capital Social Integralizado;5.07;Saldos Finais;2315628.0;S
09.305.994/0001-29;2025-06-30;1;AZUL S.A.;24112;DF Individual - Demonstração das Mutações do Patrimônio Líquido;REAL;MIL;ÚLTIMO;2025-01-01;2025-06-30;Capital Social Integralizado;5.07;Saldos Finais;7060825.0;S
09.305.994/0001-29;2025-06-30;1;AZUL S.A.;24112;DF Individual - Demonstração das Mutações do Patrimônio Líquido;REAL;MIL;PENÚLTIMO;2024-01-01;2024-06-30;Reservas de Capital, Opções Outorgadas e Ações em Tesouraria;5.07;Saldos Finais;2041740.0;S
09.305.994/0001-29;2025-06-30;1;AZUL S.A.;24112;DF Individual - Demonstração das Mutações do Patrimônio Líquido;REAL;MIL;ÚLTIMO;2025-01-01;2025-06-30;Reservas de Capital, Opções Outorgadas e Ações em Tesouraria;5.07;Saldos Finais;-1410311.0;S
09.305.994/0001-29;2025-06-30;1;AZUL S.A.;24112;DF Individual - Demonstração das Mutações do Patrimônio Líquido;REAL;MIL;PENÚLTIMO;2024-01-01;2024-06-30;Reservas de Lucro;5.07;Saldos Finais;0.0;S
09.305.994/0001-29;2025-06-30;1;AZUL S.A.;24112;DF Individual - Demonstração das Mutações do Patrimônio Líquido;REAL;MIL;ÚLTIMO;2025-01-01;2025-06-30;Reservas de Lucro;5.07;Saldos Finais;0.0;S
09.305.994/0001-29;2025-06-30;1;AZUL S.A.;24112;DF Individual - Demonstração das Mutações do Patrimônio Líquido;REAL;MIL;PENÚLTIMO;2024-01-01;2024-06-30;Lucros ou Prejuízos Acumulados;5.07;Saldos Finais;-30527040.0;S
09.305.994/0001-29;2025-06-30;1;AZUL S.A.;24112;DF Individual - Demonstração das Mutações do Patrimônio Líquido;REAL;MIL;ÚLTIMO;2025-01-01;2025-06-30;Lucros ou Prejuízos Acumulados;5.07;Saldos Finais;-31696888.0;S
09.305.994/0001-29;2025-06-30;1;AZUL S.A.;24112;DF Individual - Demonstração das Mutações do Patrimônio Líquido;REAL;MIL;PENÚLTIMO;2024-01-01;2024-06-30;Outros Resultados Abrangentes;5.07;Saldos Finais;3106.0;S
09.305.994/0001-29;2025-06-30;1;AZUL S.A.;24112;DF Individual - Demonstração das Mutações do Patrimônio Líquido;REAL;MIL;ÚLTIMO;2025-01-01;2025-06-30;Outros Resultados Abrangentes;5.07;Saldos Finais;5917.0;S
09.305.994/0001-29;2025-06-30;1;AZUL S.A.;24112;DF Individual - Demonstração das Mutações do Patrimônio Líquido;REAL;MIL;PENÚLTIMO;2024-01-01;2024-06-30;Patrimônio Líquido;5.07;Saldos Finais;-26166566.0;S
09.305.994/0001-29;2025-06-30;1;AZUL S.A.;24112;DF Individual - Demonstração das Mutações do Patrimônio Líquido;REAL;MIL;ÚLTIMO;2025-01-01;2025-06-30;Patrimônio Líquido;5.07;Saldos Finais;-26040457.0;S
09.305.994/0001-29;2025-09-30;1;AZUL S.A.;24112;DF Individual - Demonstração das Mutações do Patrimônio Líquido;REAL;MIL;PENÚLTIMO;2024-01-01;2024-09-30;Capital Social Integralizado;5.01;Saldos Iniciais;2315610.0;S
09.305.994/0001-29;2025-09-30;1;AZUL S.A.;24112;DF Individual - Demonstração das Mutações do Patrimônio Líquido;REAL;MIL;ÚLTIMO;2025-01-01;2025-09-30;Capital Social Integralizado;5.01;Saldos Iniciais;2315628.0;S
09.305.994/0001-29;2025-09-30;1;AZUL S.A.;24112;DF Individual - Demonstração das Mutações do Patrimônio Líquido;REAL;MIL;PENÚLTIMO;2024-01-01;2024-09-30;Reservas de Capital, Opções Outorgadas e Ações em Tesouraria;5.01;Saldos Iniciais;2020569.0;S
09.305.994/0001-29;2025-09-30;1;AZUL S.A.;24112;DF Individual - Demonstração das Mutações do Patrimônio Líquido;REAL;MIL;ÚLTIMO;2025-01-01;2025-09-30;Reservas de Capital, Opções Outorgadas e Ações em Tesouraria;5.01;Saldos Iniciais;2061689.0;S
09.305.994/0001-29;2025-09-30;1;AZUL S.A.;24112;DF Individual - Demonstração das Mutações do Patrimônio Líquido;REAL;MIL;PENÚLTIMO;2024-01-01;2024-09-30;Reservas de Lucro;5.01;Saldos Iniciais;0.0;S
09.305.994/0001-29;2025-09-30;1;AZUL S.A.;24112;DF Individual - Demonstração das Mutações do Patrimônio Líquido;REAL;MIL;ÚLTIMO;2025-01-01;2025-09-30;Reservas de Lucro;5.01;Saldos Iniciais;0.0;S
09.305.994/0001-29;2025-09-30;1;AZUL S.A.;24112;DF Individual - Demonstração das Mutações do Patrimônio Líquido;REAL;MIL;PENÚLTIMO;2024-01-01;2024-09-30;Lucros ou Prejuízos Acumulados;5.01;Saldos Iniciais;-25667133.0;S
09.305.994/0001-29;2025-09-30;1;AZUL S.A.;24112;DF Individual - Demonstração das Mutações do Patrimônio Líquido;REAL;MIL;ÚLTIMO;2025-01-01;2025-09-30;Lucros ou Prejuízos Acumulados;5.01;Saldos Iniciais;-34818504.0;S
09.305.994/0001-29;2025-09-30;1;AZUL S.A.;24112;DF Individual - Demonstração das Mutações do Patrimônio Líquido;REAL;MIL;PENÚLTIMO;2024-01-01;2024-09-30;Outros Resultados Abrangentes;5.01;Saldos Iniciais;3106.0;S
09.305.994/0001-29;2025-09-30;1;AZUL S.A.;24112;DF Individual - Demonstração das Mutações do Patrimônio Líquido;REAL;MIL;ÚLTIMO;2025-01-01;2025-09-30;Outros Resultados Abrangentes;5.01;Saldos Iniciais;5917.0;S
09.305.994/0001-29;2025-09-30;1;AZUL S.A.;24112;DF Individual - Demonstração das Mutações do Patrimônio Líquido;REAL;MIL;PENÚLTIMO;2024-01-01;2024-09-30;Patrimônio Líquido;5.01;Saldos Iniciais;-21327848.0;S
09.305.994/0001-29;2025-09-30;1;AZUL S.A.;24112;DF Individual - Demonstração das Mutações do Patrimônio Líquido;REAL;MIL;ÚLTIMO;2025-01-01;2025-09-30;Patrimônio Líquido;5.01;Saldos Iniciais;-30435270.0;S
09.305.994/0001-29;2025-09-30;1;AZUL S.A.;24112;DF Individual - Demonstração das Mutações do Patrimônio Líquido;REAL;MIL;PENÚLTIMO;2024-01-01;2024-09-30;Capital Social Integralizado;5.02;Ajustes de Exercícios Anteriores;0.0;S
09.305.994/0001-29;2025-09-30;1;AZUL S.A.;24112;DF Individual - Demonstração das Mutações do Patrimônio Líquido;REAL;MIL;ÚLTIMO;2025-01-01;2025-09-30;Capital Social Integralizado;5.02;Ajustes de Exercícios Anteriores;0.0;S
09.305.994/0001-29;2025-09-30;1;AZUL S.A.;24112;DF Individual - Demonstração das Mutações do Patrimônio Líquido;REAL;MIL;PENÚLTIMO;2024-01-01;2024-09-30;Reservas de Capital, Opções Outorgadas e Ações em Tesouraria;5.02;Ajustes de Exercícios Anteriores;0.0;S
09.305.994/0001-29;2025-09-30;1;AZUL S.A.;24112;DF Individual - Demonstração das Mutações do Patrimônio Líquido;REAL;MIL;ÚLTIMO;2025-01-01;2025-09-30;Reservas de Capital, Opções Outorgadas e Ações em Tesouraria;5.02;Ajustes de Exercícios Anteriores;0.0;S
09.305.994/0001-29;2025-09-30;1;AZUL S.A.;24112;DF Individual - Demonstração das Mutações do Patrimônio Líquido;REAL;MIL;PENÚLTIMO;2024-01-01;2024-09-30;Reservas de Lucro;5.02;Ajustes de Exercícios Anteriores;0.0;S
09.305.994/0001-29;2025-09-30;1;AZUL S.A.;24112;DF Individual - Demonstração das Mutações do Patrimônio Líquido;REAL;MIL;ÚLTIMO;2025-01-01;2025-09-30;Reservas de Lucro;5.02;Ajustes de Exercícios Anteriores;0.0;S
09.305.994/0001-29;2025-09-30;1;AZUL S.A.;24112;DF Individual - Demonstração das Mutações do Patrimônio Líquido;REAL;MIL;PENÚLTIMO;2024-01-01;2024-09-30;Lucros ou Prejuízos Acumulados;5.02;Ajustes de Exercícios Anteriores;0.0;S
09.305.994/0001-29;2025-09-30;1;AZUL S.A.;24112;DF Individual - Demonstração das Mutações do Patrimônio Líquido;REAL;MIL;ÚLTIMO;2025-01-01;2025-09-30;Lucros ou Prejuízos Acumulados;5.02;Ajustes de Exercícios Anteriores;0.0;S
09.305.994/0001-29;2025-09-30;1;AZUL S.A.;24112;DF Individual - Demonstração das Mutações do Patrimônio Líquido;REAL;MIL;PENÚLTIMO;2024-01-01;2024-09-30;Outros Resultados Abrangentes;5.02;Ajustes de Exercícios Anteriores;0.0;S
09.305.994/0001-29;2025-09-30;1;AZUL S.A.;24112;DF Individual - Demonstração das Mutações do Patrimônio Líquido;REAL;MIL;ÚLTIMO;2025-01-01;2025-09-30;Outros Resultados Abrangentes;5.02;Ajustes de Exercícios Anteriores;0.0;S
09.305.994/0001-29;2025-09-30;1;AZUL S.A.;24112;DF Individual - Demonstração das Mutações do Patrimônio Líquido;REAL;MIL;PENÚLTIMO;2024-01-01;2024-09-30;Patrimônio Líquido;5.02;Ajustes de Exercícios Anteriores;0.0;S
09.305.994/0001-29;2025-09-30;1;AZUL S.A.;24112;DF Individual - Demonstração das Mutações do Patrimônio Líquido;REAL;MIL;ÚLTIMO;2025-01-01;2025-09-30;Patrimônio Líquido;5.02;Ajustes de Exercícios Anteriores;0.0;S
09.305.994/0001-29;2025-09-30;1;AZUL S.A.;24112;DF Individual - Demonstração das Mutações do Patrimônio Líquido;REAL;MIL;PENÚLTIMO;2024-01-01;2024-09-30;Capital Social Integralizado;5.03;Saldos Iniciais Ajustados;2315610.0;S
09.305.994/0001-29;2025-09-30;1;AZUL S.A.;24112;DF Individual - Demonstração das Mutações do Patrimônio Líquido;REAL;MIL;ÚLTIMO;2025-01-01;2025-09-30;Capital Social Integralizado;5.03;Saldos Iniciais Ajustados;2315628.0;S
09.305.994/0001-29;2025-09-30;1;AZUL S.A.;24112;DF Individual - Demonstração das Mutações do Patrimônio Líquido;REAL;MIL;PENÚLTIMO;2024-01-01;2024-09-30;Reservas de Capital, Opções Outorgadas e Ações em Tesouraria;5.03;Saldos Iniciais Ajustados;2020569.0;S
09.305.994/0001-29;2025-09-30;1;AZUL S.A.;24112;DF Individual - Demonstração das Mutações do Patrimônio Líquido;REAL;MIL;ÚLTIMO;2025-01-01;2025-09-30;Reservas de Capital, Opções Outorgadas e Ações em Tesouraria;5.03;Saldos Iniciais Ajustados;2061689.0;S
09.305.994/0001-29;2025-09-30;1;AZUL S.A.;24112;DF Individual - Demonstração das Mutações do Patrimônio Líquido;REAL;MIL;PENÚLTIMO;2024-01-01;2024-09-30;Reservas de Lucro;5.03;Saldos Iniciais Ajustados;0.0;S
09.305.994/0001-29;2025-09-30;1;AZUL S.A.;24112;DF Individual - Demonstração das Mutações do Patrimônio Líquido;REAL;MIL;ÚLTIMO;2025-01-01;2025-09-30;Reservas de Lucro;5.03;Saldos Iniciais Ajustados;0.0;S
09.305.994/0001-29;2025-09-30;1;AZUL S.A.;24112;DF Individual - Demonstração das Mutações do Patrimônio Líquido;REAL;MIL;PENÚLTIMO;2024-01-01;2024-09-30;Lucros ou Prejuízos Acumulados;5.03;Saldos Iniciais Ajustados;-25667133.0;S
09.305.994/0001-29;2025-09-30;1;AZUL S.A.;24112;DF Individual - Demonstração das Mutações do Patrimônio Líquido;REAL;MIL;ÚLTIMO;2025-01-01;2025-09-30;Lucros ou Prejuízos Acumulados;5.03;Saldos Iniciais Ajustados;-34818504.0;S
09.305.994/0001-29;2025-09-30;1;AZUL S.A.;24112;DF Individual - Demonstração das Mutações do Patrimônio Líquido;REAL;MIL;PENÚLTIMO;2024-01-01;2024-09-30;Outros Resultados Abrangentes;5.03;Saldos Iniciais Ajustados;3106.0;S
09.305.994/0001-29;2025-09-30;1;AZUL S.A.;24112;DF Individual - Demonstração das Mutações do Patrimônio Líquido;REAL;MIL;ÚLTIMO;2025-01-01;2025-09-30;Outros Resultados Abrangentes;5.03;Saldos Iniciais Ajustados;5917.0;S
09.305.994/0001-29;2025-09-30;1;AZUL S.A.;24112;DF Individual - Demonstração das Mutações do Patrimônio Líquido;REAL;MIL;PENÚLTIMO;2024-01-01;2024-09-30;Patrimônio Líquido;5.03;Saldos Iniciais Ajustados;-21327848.0;S
09.305.994/0001-29;2025-09-30;1;AZUL S.A.;24112;DF Individual - Demonstração das Mutações do Patrimônio Líquido;REAL;MIL;ÚLTIMO;2025-01-01;2025-09-30;Patrimônio Líquido;5.03;Saldos Iniciais Ajustados;-30435270.0;S
09.305.994/0001-29;2025-09-30;1;AZUL S.A.;24112;DF Individual - Demonstração das Mutações do Patrimônio Líquido;REAL;MIL;PENÚLTIMO;2024-01-01;2024-09-30;Capital Social Integralizado;5.04;Transações de Capital com os Sócios;18.0;S
09.305.994/0001-29;2025-09-30;1;AZUL S.A.;24112;DF Individual - Demonstração das Mutações do Patrimônio Líquido;REAL;MIL;ÚLTIMO;2025-01-01;2025-09-30;Capital Social Integralizado;5.04;Transações de Capital com os Sócios;4745197.0;S
09.305.994/0001-29;2025-09-30;1;AZUL S.A.;24112;DF Individual - Demonstração das Mutações do Patrimônio Líquido;REAL;MIL;PENÚLTIMO;2024-01-01;2024-09-30;Reservas de Capital, Opções Outorgadas e Ações em Tesouraria;5.04;Transações de Capital com os Sócios;30559.0;S
09.305.994/0001-29;2025-09-30;1;AZUL S.A.;24112;DF Individual - Demonstração das Mutações do Patrimônio Líquido;REAL;MIL;ÚLTIMO;2025-01-01;2025-09-30;Reservas de Capital, Opções Outorgadas e Ações em Tesouraria;5.04;Transações de Capital com os Sócios;-3471828.0;S
09.305.994/0001-29;2025-09-30;1;AZUL S.A.;24112;DF Individual - Demonstração das Mutações do Patrimônio Líquido;REAL;MIL;PENÚLTIMO;2024-01-01;2024-09-30;Reservas de Lucro;5.04;Transações de Capital com os Sócios;0.0;S
09.305.994/0001-29;2025-09-30;1;AZUL S.A.;24112;DF Individual - Demonstração das Mutações do Patrimônio Líquido;REAL;MIL;ÚLTIMO;2025-01-01;2025-09-30;Reservas de Lucro;5.04;Transações de Capital com os Sócios;0.0;S
09.305.994/0001-29;2025-09-30;1;AZUL S.A.;24112;DF Individual - Demonstração das Mutações do Patrimônio Líquido;REAL;MIL;PENÚLTIMO;2024-01-01;2024-09-30;Lucros ou Prejuízos Acumulados;5.04;Transações de Capital com os Sócios;0.0;S
09.305.994/0001-29;2025-09-30;1;AZUL S.A.;24112;DF Individual - Demonstração das Mutações do Patrimônio Líquido;REAL;MIL;ÚLTIMO;2025-01-01;2025-09-30;Lucros ou Prejuízos Acumulados;5.04;Transações de Capital com os Sócios;0.0;S
09.305.994/0001-29;2025-09-30;1;AZUL S.A.;24112;DF Individual - Demonstração das Mutações do Patrimônio Líquido;REAL;MIL;PENÚLTIMO;2024-01-01;2024-09-30;Outros Resultados Abrangentes;5.04;Transações de Capital com os Sócios;0.0;S
09.305.994/0001-29;2025-09-30;1;AZUL S.A.;24112;DF Individual - Demonstração das Mutações do Patrimônio Líquido;REAL;MIL;ÚLTIMO;2025-01-01;2025-09-30;Outros Resultados Abrangentes;5.04;Transações de Capital com os Sócios;0.0;S
09.305.994/0001-29;2025-09-30;1;AZUL S.A.;24112;DF Individual - Demonstração das Mutações do Patrimônio Líquido;REAL;MIL;PENÚLTIMO;2024-01-01;2024-09-30;Patrimônio Líquido;5.04;Transações de Capital com os Sócios;30577.0;S
09.305.994/0001-29;2025-09-30;1;AZUL S.A.;24112;DF Individual - Demonstração das Mutações do Patrimônio Líquido;REAL;MIL;ÚLTIMO;2025-01-01;2025-09-30;Patrimônio Líquido;5.04;Transações de Capital com os Sócios;1273369.0;S
09.305.994/0001-29;2025-09-30;1;AZUL S.A.;24112;DF Individual - Demonstração das Mutações do Patrimônio Líquido;REAL;MIL;PENÚLTIMO;2024-01-01;2024-09-30;Capital Social Integralizado;5.04.01;Aumentos de Capital;0.0;S
09.305.994/0001-29;2025-09-30;1;AZUL S.A.;24112;DF Individual - Demonstração das Mutações do Patrimônio Líquido;REAL;MIL;ÚLTIMO;2025-01-01;2025-09-30;Capital Social Integralizado;5.04.01;Aumentos de Capital;4816231.0;S
09.305.994/0001-29;2025-09-30;1;AZUL S.A.;24112;DF Individual - Demonstração das Mutações do Patrimônio Líquido;REAL;MIL;PENÚLTIMO;2024-01-01;2024-09-30;Reservas de Capital, Opções Outorgadas e Ações em Tesouraria;5.04.01;Aumentos de Capital;0.0;S
09.305.994/0001-29;2025-09-30;1;AZUL S.A.;24112;DF Individual - Demonstração das Mutações do Patrimônio Líquido;REAL;MIL;ÚLTIMO;2025-01-01;2025-09-30;Reservas de Capital, Opções Outorgadas e Ações em Tesouraria;5.04.01;Aumentos de Capital;0.0;S
09.305.994/0001-29;2025-09-30;1;AZUL S.A.;24112;DF Individual - Demonstração das Mutações do Patrimônio Líquido;REAL;MIL;PENÚLTIMO;2024-01-01;2024-09-30;Reservas de Lucro;5.04.01;Aumentos de Capital;0.0;S
09.305.994/0001-29;2025-09-30;1;AZUL S.A.;24112;DF Individual - Demonstração das Mutações do Patrimônio Líquido;REAL;MIL;ÚLTIMO;2025-01-01;2025-09-30;Reservas de Lucro;5.04.01;Aumentos de Capital;0.0;S
09.305.994/0001-29;2025-09-30;1;AZUL S.A.;24112;DF Individual - Demonstração das Mutações do Patrimônio Líquido;REAL;MIL;PENÚLTIMO;2024-01-01;2024-09-30;Lucros ou Prejuízos Acumulados;5.04.01;Aumentos de Capital;0.0;S
09.305.994/0001-29;2025-09-30;1;AZUL S.A.;24112;DF Individual - Demonstração das Mutações do Patrimônio Líquido;REAL;MIL;ÚLTIMO;2025-01-01;2025-09-30;Lucros ou Prejuízos Acumulados;5.04.01;Aumentos de Capital;0.0;S
09.305.994/0001-29;2025-09-30;1;AZUL S.A.;24112;DF Individual - Demonstração das Mutações do Patrimônio Líquido;REAL;MIL;PENÚLTIMO;2024-01-01;2024-09-30;Outros Resultados Abrangentes;5.04.01;Aumentos de Capital;0.0;S
09.305.994/0001-29;2025-09-30;1;AZUL S.A.;24112;DF Individual - Demonstração das Mutações do Patrimônio Líquido;REAL;MIL;ÚLTIMO;2025-01-01;2025-09-30;Outros Resultados Abrangentes;5.04.01;Aumentos de Capital;0.0;S
09.305.994/0001-29;2025-09-30;1;AZUL S.A.;24112;DF Individual - Demonstração das Mutações do Patrimônio Líquido;REAL;MIL;PENÚLTIMO;2024-01-01;2024-09-30;Patrimônio Líquido;5.04.01;Aumentos de Capital;0.0;S
09.305.994/0001-29;2025-09-30;1;AZUL S.A.;24112;DF Individual - Demonstração das Mutações do Patrimônio Líquido;REAL;MIL;ÚLTIMO;2025-01-01;2025-09-30;Patrimônio Líquido;5.04.01;Aumentos de Capital;4816231.0;S
09.305.994/0001-29;2025-09-30;1;AZUL S.A.;24112;DF Individual - Demonstração das Mutações do Patrimônio Líquido;REAL;MIL;PENÚLTIMO;2024-01-01;2024-09-30;Capital Social Integralizado;5.04.02;Gastos com Emissão de Ações;0.0;S
09.305.994/0001-29;2025-09-30;1;AZUL S.A.;24112;DF Individual - Demonstração das Mutações do Patrimônio Líquido;REAL;MIL;ÚLTIMO;2025-01-01;2025-09-30;Capital Social Integralizado;5.04.02;Gastos com Emissão de Ações;0.0;S
09.305.994/0001-29;2025-09-30;1;AZUL S.A.;24112;DF Individual - Demonstração das Mutações do Patrimônio Líquido;REAL;MIL;PENÚLTIMO;2024-01-01;2024-09-30;Reservas de Capital, Opções Outorgadas e Ações em Tesouraria;5.04.02;Gastos com Emissão de Ações;0.0;S
09.305.994/0001-29;2025-09-30;1;AZUL S.A.;24112;DF Individual - Demonstração das Mutações do Patrimônio Líquido;REAL;MIL;ÚLTIMO;2025-01-01;2025-09-30;Reservas de Capital, Opções Outorgadas e Ações em Tesouraria;5.04.02;Gastos com Emissão de Ações;-43048.0;S
09.305.994/0001-29;2025-09-30;1;AZUL S.A.;24112;DF Individual - Demonstração das Mutações do Patrimônio Líquido;REAL;MIL;PENÚLTIMO;2024-01-01;2024-09-30;Reservas de Lucro;5.04.02;Gastos com Emissão de Ações;0.0;S
09.305.994/0001-29;2025-09-30;1;AZUL S.A.;24112;DF Individual - Demonstração das Mutações do Patrimônio Líquido;REAL;MIL;ÚLTIMO;2025-01-01;2025-09-30;Reservas de Lucro;5.04.02;Gastos com Emissão de Ações;0.0;S
09.305.994/0001-29;2025-09-30;1;AZUL S.A.;24112;DF Individual - Demonstração das Mutações do Patrimônio Líquido;REAL;MIL;PENÚLTIMO;2024-01-01;2024-09-30;Lucros ou Prejuízos Acumulados;5.04.02;Gastos com Emissão de Ações;0.0;S
09.305.994/0001-29;2025-09-30;1;AZUL S.A.;24112;DF Individual - Demonstração das Mutações do Patrimônio Líquido;REAL;MIL;ÚLTIMO;2025-01-01;2025-09-30;Lucros ou Prejuízos Acumulados;5.04.02;Gastos com Emissão de Ações;0.0;S
09.305.994/0001-29;2025-09-30;1;AZUL S.A.;24112;DF Individual - Demonstração das Mutações do Patrimônio Líquido;REAL;MIL;PENÚLTIMO;2024-01-01;2024-09-30;Outros Resultados Abrangentes;5.04.02;Gastos com Emissão de Ações;0.0;S
09.305.994/0001-29;2025-09-30;1;AZUL S.A.;24112;DF Individual - Demonstração das Mutações do Patrimônio Líquido;REAL;MIL;ÚLTIMO;2025-01-01;2025-09-30;Outros Resultados Abrangentes;5.04.02;Gastos com Emissão de Ações;0.0;S
09.305.994/0001-29;2025-09-30;1;AZUL S.A.;24112;DF Individual - Demonstração das Mutações do Patrimônio Líquido;REAL;MIL;PENÚLTIMO;2024-01-01;2024-09-30;Patrimônio Líquido;5.04.02;Gastos com Emissão de Ações;0.0;S
09.305.994/0001-29;2025-09-30;1;AZUL S.A.;24112;DF Individual - Demonstração das Mutações do Patrimônio Líquido;REAL;MIL;ÚLTIMO;2025-01-01;2025-09-30;Patrimônio Líquido;5.04.02;Gastos com Emissão de Ações;-43048.0;S
09.305.994/0001-29;2025-09-30;1;AZUL S.A.;24112;DF Individual - Demonstração das Mutações do Patrimônio Líquido;REAL;MIL;PENÚLTIMO;2024-01-01;2024-09-30;Capital Social Integralizado;5.04.03;Opções Outorgadas Reconhecidas;18.0;S
09.305.994/0001-29;2025-09-30;1;AZUL S.A.;24112;DF Individual - Demonstração das Mutações do Patrimônio Líquido;REAL;MIL;ÚLTIMO;2025-01-01;2025-09-30;Capital Social Integralizado;5.04.03;Opções Outorgadas Reconhecidas;0.0;S
09.305.994/0001-29;2025-09-30;1;AZUL S.A.;24112;DF Individual - Demonstração das Mutações do Patrimônio Líquido;REAL;MIL;PENÚLTIMO;2024-01-01;2024-09-30;Reservas de Capital, Opções Outorgadas e Ações em Tesouraria;5.04.03;Opções Outorgadas Reconhecidas;33155.0;S
09.305.994/0001-29;2025-09-30;1;AZUL S.A.;24112;DF Individual - Demonstração das Mutações do Patrimônio Líquido;REAL;MIL;ÚLTIMO;2025-01-01;2025-09-30;Reservas de Capital, Opções Outorgadas e Ações em Tesouraria;5.04.03;Opções Outorgadas Reconhecidas;70723.0;S
09.305.994/0001-29;2025-09-30;1;AZUL S.A.;24112;DF Individual - Demonstração das Mutações do Patrimônio Líquido;REAL;MIL;PENÚLTIMO;2024-01-01;2024-09-30;Reservas de Lucro;5.04.03;Opções Outorgadas Reconhecidas;0.0;S
09.305.994/0001-29;2025-09-30;1;AZUL S.A.;24112;DF Individual - Demonstração das Mutações do Patrimônio Líquido;REAL;MIL;ÚLTIMO;2025-01-01;2025-09-30;Reservas de Lucro;5.04.03;Opções Outorgadas Reconhecidas;0.0;S
09.305.994/0001-29;2025-09-30;1;AZUL S.A.;24112;DF Individual - Demonstração das Mutações do Patrimônio Líquido;REAL;MIL;PENÚLTIMO;2024-01-01;2024-09-30;Lucros ou Prejuízos Acumulados;5.04.03;Opções Outorgadas Reconhecidas;0.0;S
09.305.994/0001-29;2025-09-30;1;AZUL S.A.;24112;DF Individual - Demonstração das Mutações do Patrimônio Líquido;REAL;MIL;ÚLTIMO;2025-01-01;2025-09-30;Lucros ou Prejuízos Acumulados;5.04.03;Opções Outorgadas Reconhecidas;0.0;S
09.305.994/0001-29;2025-09-30;1;AZUL S.A.;24112;DF Individual - Demonstração das Mutações do Patrimônio Líquido;REAL;MIL;PENÚLTIMO;2024-01-01;2024-09-30;Outros Resultados Abrangentes;5.04.03;Opções Outorgadas Reconhecidas;0.0;S
09.305.994/0001-29;2025-09-30;1;AZUL S.A.;24112;DF Individual - Demonstração das Mutações do Patrimônio Líquido;REAL;MIL;ÚLTIMO;2025-01-01;2025-09-30;Outros Resultados Abrangentes;5.04.03;Opções Outorgadas Reconhecidas;0.0;S
09.305.994/0001-29;2025-09-30;1;AZUL S.A.;24112;DF Individual - Demonstração das Mutações do Patrimônio Líquido;REAL;MIL;PENÚLTIMO;2024-01-01;2024-09-30;Patrimônio Líquido;5.04.03;Opções Outorgadas Reconhecidas;33173.0;S
09.305.994/0001-29;2025-09-30;1;AZUL S.A.;24112;DF Individual - Demonstração das Mutações do Patrimônio Líquido;REAL;MIL;ÚLTIMO;2025-01-01;2025-09-30;Patrimônio Líquido;5.04.03;Opções Outorgadas Reconhecidas;70723.0;S
09.305.994/0001-29;2025-09-30;1;AZUL S.A.;24112;DF Individual - Demonstração das Mutações do Patrimônio Líquido;REAL;MIL;PENÚLTIMO;2024-01-01;2024-09-30;Capital Social Integralizado;5.04.04;Ações em Tesouraria Adquiridas;0.0;S
09.305.994/0001-29;2025-09-30;1;AZUL S.A.;24112;DF Individual - Demonstração das Mutações do Patrimônio Líquido;REAL;MIL;ÚLTIMO;2025-01-01;2025-09-30;Capital Social Integralizado;5.04.04;Ações em Tesouraria Adquiridas;0.0;S
09.305.994/0001-29;2025-09-30;1;AZUL S.A.;24112;DF Individual - Demonstração das Mutações do Patrimônio Líquido;REAL;MIL;PENÚLTIMO;2024-01-01;2024-09-30;Reservas de Capital, Opções Outorgadas e Ações em Tesouraria;5.04.04;Ações em Tesouraria Adquiridas;-2596.0;S
09.305.994/0001-29;2025-09-30;1;AZUL S.A.;24112;DF Individual - Demonstração das Mutações do Patrimônio Líquido;REAL;MIL;ÚLTIMO;2025-01-01;2025-09-30;Reservas de Capital, Opções Outorgadas e Ações em Tesouraria;5.04.04;Ações em Tesouraria Adquiridas;-4.0;S
09.305.994/0001-29;2025-09-30;1;AZUL S.A.;24112;DF Individual - Demonstração das Mutações do Patrimônio Líquido;REAL;MIL;PENÚLTIMO;2024-01-01;2024-09-30;Reservas de Lucro;5.04.04;Ações em Tesouraria Adquiridas;0.0;S
09.305.994/0001-29;2025-09-30;1;AZUL S.A.;24112;DF Individual - Demonstração das Mutações do Patrimônio Líquido;REAL;MIL;ÚLTIMO;2025-01-01;2025-09-30;Reservas de Lucro;5.04.04;Ações em Tesouraria Adquiridas;0.0;S
09.305.994/0001-29;2025-09-30;1;AZUL S.A.;24112;DF Individual - Demonstração das Mutações do Patrimônio Líquido;REAL;MIL;PENÚLTIMO;2024-01-01;2024-09-30;Lucros ou Prejuízos Acumulados;5.04.04;Ações em Tesouraria Adquiridas;0.0;S
09.305.994/0001-29;2025-09-30;1;AZUL S.A.;24112;DF Individual - Demonstração das Mutações do Patrimônio Líquido;REAL;MIL;ÚLTIMO;2025-01-01;2025-09-30;Lucros ou Prejuízos Acumulados;5.04.04;Ações em Tesouraria Adquiridas;0.0;S
09.305.994/0001-29;2025-09-30;1;AZUL S.A.;24112;DF Individual - Demonstração das Mutações do Patrimônio Líquido;REAL;MIL;PENÚLTIMO;2024-01-01;2024-09-30;Outros Resultados Abrangentes;5.04.04;Ações em Tesouraria Adquiridas;0.0;S
09.305.994/0001-29;2025-09-30;1;AZUL S.A.;24112;DF Individual - Demonstração das Mutações do Patrimônio Líquido;REAL;MIL;ÚLTIMO;2025-01-01;2025-09-30;Outros Resultados Abrangentes;5.04.04;Ações em Tesouraria Adquiridas;0.0;S
09.305.994/0001-29;2025-09-30;1;AZUL S.A.;24112;DF Individual - Demonstração das Mutações do Patrimônio Líquido;REAL;MIL;PENÚLTIMO;2024-01-01;2024-09-30;Patrimônio Líquido;5.04.04;Ações em Tesouraria Adquiridas;-2596.0;S
09.305.994/0001-29;2025-09-30;1;AZUL S.A.;24112;DF Individual - Demonstração das Mutações do Patrimônio Líquido;REAL;MIL;ÚLTIMO;2025-01-01;2025-09-30;Patrimônio Líquido;5.04.04;Ações em Tesouraria Adquiridas;-4.0;S
09.305.994/0001-29;2025-09-30;1;AZUL S.A.;24112;DF Individual - Demonstração das Mutações do Patrimônio Líquido;REAL;MIL;PENÚLTIMO;2024-01-01;2024-09-30;Capital Social Integralizado;5.04.05;Ações em Tesouraria Vendidas;0.0;S
09.305.994/0001-29;2025-09-30;1;AZUL S.A.;24112;DF Individual - Demonstração das Mutações do Patrimônio Líquido;REAL;MIL;ÚLTIMO;2025-01-01;2025-09-30;Capital Social Integralizado;5.04.05;Ações em Tesouraria Vendidas;0.0;S
09.305.994/0001-29;2025-09-30;1;AZUL S.A.;24112;DF Individual - Demonstração das Mutações do Patrimônio Líquido;REAL;MIL;PENÚLTIMO;2024-01-01;2024-09-30;Reservas de Capital, Opções Outorgadas e Ações em Tesouraria;5.04.05;Ações em Tesouraria Vendidas;0.0;S
09.305.994/0001-29;2025-09-30;1;AZUL S.A.;24112;DF Individual - Demonstração das Mutações do Patrimônio Líquido;REAL;MIL;ÚLTIMO;2025-01-01;2025-09-30;Reservas de Capital, Opções Outorgadas e Ações em Tesouraria;5.04.05;Ações em Tesouraria Vendidas;0.0;S
09.305.994/0001-29;2025-09-30;1;AZUL S.A.;24112;DF Individual - Demonstração das Mutações do Patrimônio Líquido;REAL;MIL;PENÚLTIMO;2024-01-01;2024-09-30;Reservas de Lucro;5.04.05;Ações em Tesouraria Vendidas;0.0;S
09.305.994/0001-29;2025-09-30;1;AZUL S.A.;24112;DF Individual - Demonstração das Mutações do Patrimônio Líquido;REAL;MIL;ÚLTIMO;2025-01-01;2025-09-30;Reservas de Lucro;5.04.05;Ações em Tesouraria Vendidas;0.0;S
09.305.994/0001-29;2025-09-30;1;AZUL S.A.;24112;DF Individual - Demonstração das Mutações do Patrimônio Líquido;REAL;MIL;PENÚLTIMO;2024-01-01;2024-09-30;Lucros ou Prejuízos Acumulados;5.04.05;Ações em Tesouraria Vendidas;0.0;S
09.305.994/0001-29;2025-09-30;1;AZUL S.A.;24112;DF Individual - Demonstração das Mutações do Patrimônio Líquido;REAL;MIL;ÚLTIMO;2025-01-01;2025-09-30;Lucros ou Prejuízos Acumulados;5.04.05;Ações em Tesouraria Vendidas;0.0;S
09.305.994/0001-29;2025-09-30;1;AZUL S.A.;24112;DF Individual - Demonstração das Mutações do Patrimônio Líquido;REAL;MIL;PENÚLTIMO;2024-01-01;2024-09-30;Outros Resultados Abrangentes;5.04.05;Ações em Tesouraria Vendidas;0.0;S
09.305.994/0001-29;2025-09-30;1;AZUL S.A.;24112;DF Individual - Demonstração das Mutações do Patrimônio Líquido;REAL;MIL;ÚLTIMO;2025-01-01;2025-09-30;Outros Resultados Abrangentes;5.04.05;Ações em Tesouraria Vendidas;0.0;S
09.305.994/0001-29;2025-09-30;1;AZUL S.A.;24112;DF Individual - Demonstração das Mutações do Patrimônio Líquido;REAL;MIL;PENÚLTIMO;2024-01-01;2024-09-30;Patrimônio Líquido;5.04.05;Ações em Tesouraria Vendidas;0.0;S
09.305.994/0001-29;2025-09-30;1;AZUL S.A.;24112;DF Individual - Demonstração das Mutações do Patrimônio Líquido;REAL;MIL;ÚLTIMO;2025-01-01;2025-09-30;Patrimônio Líquido;5.04.05;Ações em Tesouraria Vendidas;0.0;S
09.305.994/0001-29;2025-09-30;1;AZUL S.A.;24112;DF Individual - Demonstração das Mutações do Patrimônio Líquido;REAL;MIL;PENÚLTIMO;2024-01-01;2024-09-30;Capital Social Integralizado;5.04.06;Dividendos;0.0;S
09.305.994/0001-29;2025-09-30;1;AZUL S.A.;24112;DF Individual - Demonstração das Mutações do Patrimônio Líquido;REAL;MIL;ÚLTIMO;2025-01-01;2025-09-30;Capital Social Integralizado;5.04.06;Dividendos;0.0;S
09.305.994/0001-29;2025-09-30;1;AZUL S.A.;24112;DF Individual - Demonstração das Mutações do Patrimônio Líquido;REAL;MIL;PENÚLTIMO;2024-01-01;2024-09-30;Reservas de Capital, Opções Outorgadas e Ações em Tesouraria;5.04.06;Dividendos;0.0;S
09.305.994/0001-29;2025-09-30;1;AZUL S.A.;24112;DF Individual - Demonstração das Mutações do Patrimônio Líquido;REAL;MIL;ÚLTIMO;2025-01-01;2025-09-30;Reservas de Capital, Opções Outorgadas e Ações em Tesouraria;5.04.06;Dividendos;0.0;S
09.305.994/0001-29;2025-09-30;1;AZUL S.A.;24112;DF Individual - Demonstração das Mutações do Patrimônio Líquido;REAL;MIL;PENÚLTIMO;2024-01-01;2024-09-30;Reservas de Lucro;5.04.06;Dividendos;0.0;S
09.305.994/0001-29;2025-09-30;1;AZUL S.A.;24112;DF Individual - Demonstração das Mutações do Patrimônio Líquido;REAL;MIL;ÚLTIMO;2025-01-01;2025-09-30;Reservas de Lucro;5.04.06;Dividendos;0.0;S
09.305.994/0001-29;2025-09-30;1;AZUL S.A.;24112;DF Individual - Demonstração das Mutações do Patrimônio Líquido;REAL;MIL;PENÚLTIMO;2024-01-01;2024-09-30;Lucros ou Prejuízos Acumulados;5.04.06;Dividendos;0.0;S
09.305.994/0001-29;2025-09-30;1;AZUL S.A.;24112;DF Individual - Demonstração das Mutações do Patrimônio Líquido;REAL;MIL;ÚLTIMO;2025-01-01;2025-09-30;Lucros ou Prejuízos Acumulados;5.04.06;Dividendos;0.0;S
09.305.994/0001-29;2025-09-30;1;AZUL S.A.;24112;DF Individual - Demonstração das Mutações do Patrimônio Líquido;REAL;MIL;PENÚLTIMO;2024-01-01;2024-09-30;Outros Resultados Abrangentes;5.04.06;Dividendos;0.0;S
09.305.994/0001-29;2025-09-30;1;AZUL S.A.;24112;DF Individual - Demonstração das Mutações do Patrimônio Líquido;REAL;MIL;ÚLTIMO;2025-01-01;2025-09-30;Outros Resultados Abrangentes;5.04.06;Dividendos;0.0;S
09.305.994/0001-29;2025-09-30;1;AZUL S.A.;24112;DF Individual - Demonstração das Mutações do Patrimônio Líquido;REAL;MIL;PENÚLTIMO;2024-01-01;2024-09-30;Patrimônio Líquido;5.04.06;Dividendos;0.0;S
09.305.994/0001-29;2025-09-30;1;AZUL S.A.;24112;DF Individual - Demonstração das Mutações do Patrimônio Líquido;REAL;MIL;ÚLTIMO;2025-01-01;2025-09-30;Patrimônio Líquido;5.04.06;Dividendos;0.0;S
09.305.994/0001-29;2025-09-30;1;AZUL S.A.;24112;DF Individual - Demonstração das Mutações do Patrimônio Líquido;REAL;MIL;PENÚLTIMO;2024-01-01;2024-09-30;Capital Social Integralizado;5.04.07;Juros sobre Capital Próprio;0.0;S
09.305.994/0001-29;2025-09-30;1;AZUL S.A.;24112;DF Individual - Demonstração das Mutações do Patrimônio Líquido;REAL;MIL;ÚLTIMO;2025-01-01;2025-09-30;Capital Social Integralizado;5.04.07;Juros sobre Capital Próprio;0.0;S
09.305.994/0001-29;2025-09-30;1;AZUL S.A.;24112;DF Individual - Demonstração das Mutações do Patrimônio Líquido;REAL;MIL;PENÚLTIMO;2024-01-01;2024-09-30;Reservas de Capital, Opções Outorgadas e Ações em Tesouraria;5.04.07;Juros sobre Capital Próprio;0.0;S
09.305.994/0001-29;2025-09-30;1;AZUL S.A.;24112;DF Individual - Demonstração das Mutações do Patrimônio Líquido;REAL;MIL;ÚLTIMO;2025-01-01;2025-09-30;Reservas de Capital, Opções Outorgadas e Ações em Tesouraria;5.04.07;Juros sobre Capital Próprio;0.0;S
09.305.994/0001-29;2025-09-30;1;AZUL S.A.;24112;DF Individual - Demonstração das Mutações do Patrimônio Líquido;REAL;MIL;PENÚLTIMO;2024-01-01;2024-09-30;Reservas de Lucro;5.04.07;Juros sobre Capital Próprio;0.0;S
09.305.994/0001-29;2025-09-30;1;AZUL S.A.;24112;DF Individual - Demonstração das Mutações do Patrimônio Líquido;REAL;MIL;ÚLTIMO;2025-01-01;2025-09-30;Reservas de Lucro;5.04.07;Juros sobre Capital Próprio;0.0;S
09.305.994/0001-29;2025-09-30;1;AZUL S.A.;24112;DF Individual - Demonstração das Mutações do Patrimônio Líquido;REAL;MIL;PENÚLTIMO;2024-01-01;2024-09-30;Lucros ou Prejuízos Acumulados;5.04.07;Juros sobre Capital Próprio;0.0;S
09.305.994/0001-29;2025-09-30;1;AZUL S.A.;24112;DF Individual - Demonstração das Mutações do Patrimônio Líquido;REAL;MIL;ÚLTIMO;2025-01-01;2025-09-30;Lucros ou Prejuízos Acumulados;5.04.07;Juros sobre Capital Próprio;0.0;S
09.305.994/0001-29;2025-09-30;1;AZUL S.A.;24112;DF Individual - Demonstração das Mutações do Patrimônio Líquido;REAL;MIL;PENÚLTIMO;2024-01-01;2024-09-30;Outros Resultados Abrangentes;5.04.07;Juros sobre Capital Próprio;0.0;S
09.305.994/0001-29;2025-09-30;1;AZUL S.A.;24112;DF Individual - Demonstração das Mutações do Patrimônio Líquido;REAL;MIL;ÚLTIMO;2025-01-01;2025-09-30;Outros Resultados Abrangentes;5.04.07;Juros sobre Capital Próprio;0.0;S
09.305.994/0001-29;2025-09-30;1;AZUL S.A.;24112;DF Individual - Demonstração das Mutações do Patrimônio Líquido;REAL;MIL;PENÚLTIMO;2024-01-01;2024-09-30;Patrimônio Líquido;5.04.07;Juros sobre Capital Próprio;0.0;S
09.305.994/0001-29;2025-09-30;1;AZUL S.A.;24112;DF Individual - Demonstração das Mutações do Patrimônio Líquido;REAL;MIL;ÚLTIMO;2025-01-01;2025-09-30;Patrimônio Líquido;5.04.07;Juros sobre Capital Próprio;0.0;S
09.305.994/0001-29;2025-09-30;1;AZUL S.A.;24112;DF Individual - Demonstração das Mutações do Patrimônio Líquido;REAL;MIL;ÚLTIMO;2025-01-01;2025-09-30;Capital Social Integralizado;5.04.08;Efeito do valor justo das ações emitidas;0.0;N
09.305.994/0001-29;2025-09-30;1;AZUL S.A.;24112;DF Individual - Demonstração das Mutações do Patrimônio Líquido;REAL;MIL;ÚLTIMO;2025-01-01;2025-09-30;Reservas de Capital, Opções Outorgadas e Ações em Tesouraria;5.04.08;Efeito do valor justo das ações emitidas;-3499499.0;N
09.305.994/0001-29;2025-09-30;1;AZUL S.A.;24112;DF Individual - Demonstração das Mutações do Patrimônio Líquido;REAL;MIL;ÚLTIMO;2025-01-01;2025-09-30;Reservas de Lucro;5.04.08;Efeito do valor justo das ações emitidas;0.0;N
09.305.994/0001-29;2025-09-30;1;AZUL S.A.;24112;DF Individual - Demonstração das Mutações do Patrimônio Líquido;REAL;MIL;ÚLTIMO;2025-01-01;2025-09-30;Lucros ou Prejuízos Acumulados;5.04.08;Efeito do valor justo das ações emitidas;0.0;N
09.305.994/0001-29;2025-09-30;1;AZUL S.A.;24112;DF Individual - Demonstração das Mutações do Patrimônio Líquido;REAL;MIL;ÚLTIMO;2025-01-01;2025-09-30;Outros Resultados Abrangentes;5.04.08;Efeito do valor justo das ações emitidas;0.0;N
09.305.994/0001-29;2025-09-30;1;AZUL S.A.;24112;DF Individual - Demonstração das Mutações do Patrimônio Líquido;REAL;MIL;ÚLTIMO;2025-01-01;2025-09-30;Patrimônio Líquido;5.04.08;Efeito do valor justo das ações emitidas;-3499499.0;N
09.305.994/0001-29;2025-09-30;1;AZUL S.A.;24112;DF Individual - Demonstração das Mutações do Patrimônio Líquido;REAL;MIL;ÚLTIMO;2025-01-01;2025-09-30;Capital Social Integralizado;5.04.09;Adiantamento para Futuro Aumento de Capital;-71034.0;N
09.305.994/0001-29;2025-09-30;1;AZUL S.A.;24112;DF Individual - Demonstração das Mutações do Patrimônio Líquido;REAL;MIL;ÚLTIMO;2025-01-01;2025-09-30;Reservas de Capital, Opções Outorgadas e Ações em Tesouraria;5.04.09;Adiantamento para Futuro Aumento de Capital;0.0;N
09.305.994/0001-29;2025-09-30;1;AZUL S.A.;24112;DF Individual - Demonstração das Mutações do Patrimônio Líquido;REAL;MIL;ÚLTIMO;2025-01-01;2025-09-30;Reservas de Lucro;5.04.09;Adiantamento para Futuro Aumento de Capital;0.0;N
09.305.994/0001-29;2025-09-30;1;AZUL S.A.;24112;DF Individual - Demonstração das Mutações do Patrimônio Líquido;REAL;MIL;ÚLTIMO;2025-01-01;2025-09-30;Lucros ou Prejuízos Acumulados;5.04.09;Adiantamento para Futuro Aumento de Capital;0.0;N
09.305.994/0001-29;2025-09-30;1;AZUL S.A.;24112;DF Individual - Demonstração das Mutações do Patrimônio Líquido;REAL;MIL;ÚLTIMO;2025-01-01;2025-09-30;Outros Resultados Abrangentes;5.04.09;Adiantamento para Futuro Aumento de Capital;0.0;N
09.305.994/0001-29;2025-09-30;1;AZUL S.A.;24112;DF Individual - Demonstração das Mutações do Patrimônio Líquido;REAL;MIL;ÚLTIMO;2025-01-01;2025-09-30;Patrimônio Líquido;5.04.09;Adiantamento para Futuro Aumento de Capital;-71034.0;N
09.305.994/0001-29;2025-09-30;1;AZUL S.A.;24112;DF Individual - Demonstração das Mutações do Patrimônio Líquido;REAL;MIL;PENÚLTIMO;2024-01-01;2024-09-30;Capital Social Integralizado;5.05;Resultado Abrangente Total;0.0;S
09.305.994/0001-29;2025-09-30;1;AZUL S.A.;24112;DF Individual - Demonstração das Mutações do Patrimônio Líquido;REAL;MIL;ÚLTIMO;2025-01-01;2025-09-30;Capital Social Integralizado;5.05;Resultado Abrangente Total;0.0;S
09.305.994/0001-29;2025-09-30;1;AZUL S.A.;24112;DF Individual - Demonstração das Mutações do Patrimônio Líquido;REAL;MIL;PENÚLTIMO;2024-01-01;2024-09-30;Reservas de Capital, Opções Outorgadas e Ações em Tesouraria;5.05;Resultado Abrangente Total;0.0;S
09.305.994/0001-29;2025-09-30;1;AZUL S.A.;24112;DF Individual - Demonstração das Mutações do Patrimônio Líquido;REAL;MIL;ÚLTIMO;2025-01-01;2025-09-30;Reservas de Capital, Opções Outorgadas e Ações em Tesouraria;5.05;Resultado Abrangente Total;0.0;S
09.305.994/0001-29;2025-09-30;1;AZUL S.A.;24112;DF Individual - Demonstração das Mutações do Patrimônio Líquido;REAL;MIL;PENÚLTIMO;2024-01-01;2024-09-30;Reservas de Lucro;5.05;Resultado Abrangente Total;0.0;S
09.305.994/0001-29;2025-09-30;1;AZUL S.A.;24112;DF Individual - Demonstração das Mutações do Patrimônio Líquido;REAL;MIL;ÚLTIMO;2025-01-01;2025-09-30;Reservas de Lucro;5.05;Resultado Abrangente Total;0.0;S
09.305.994/0001-29;2025-09-30;1;AZUL S.A.;24112;DF Individual - Demonstração das Mutações do Patrimônio Líquido;REAL;MIL;PENÚLTIMO;2024-01-01;2024-09-30;Lucros ou Prejuízos Acumulados;5.05;Resultado Abrangente Total;-4738724.0;S
09.305.994/0001-29;2025-09-30;1;AZUL S.A.;24112;DF Individual - Demonstração das Mutações do Patrimônio Líquido;REAL;MIL;ÚLTIMO;2025-01-01;2025-09-30;Lucros ou Prejuízos Acumulados;5.05;Resultado Abrangente Total;1755161.0;S
09.305.994/0001-29;2025-09-30;1;AZUL S.A.;24112;DF Individual - Demonstração das Mutações do Patrimônio Líquido;REAL;MIL;PENÚLTIMO;2024-01-01;2024-09-30;Outros Resultados Abrangentes;5.05;Resultado Abrangente Total;0.0;S
09.305.994/0001-29;2025-09-30;1;AZUL S.A.;24112;DF Individual - Demonstração das Mutações do Patrimônio Líquido;REAL;MIL;ÚLTIMO;2025-01-01;2025-09-30;Outros Resultados Abrangentes;5.05;Resultado Abrangente Total;0.0;S
09.305.994/0001-29;2025-09-30;1;AZUL S.A.;24112;DF Individual - Demonstração das Mutações do Patrimônio Líquido;REAL;MIL;PENÚLTIMO;2024-01-01;2024-09-30;Patrimônio Líquido;5.05;Resultado Abrangente Total;-4738724.0;S
09.305.994/0001-29;2025-09-30;1;AZUL S.A.;24112;DF Individual - Demonstração das Mutações do Patrimônio Líquido;REAL;MIL;ÚLTIMO;2025-01-01;2025-09-30;Patrimônio Líquido;5.05;Resultado Abrangente Total;1755161.0;S
09.305.994/0001-29;2025-09-30;1;AZUL S.A.;24112;DF Individual - Demonstração das Mutações do Patrimônio Líquido;REAL;MIL;PENÚLTIMO;2024-01-01;2024-09-30;Capital Social Integralizado;5.05.01;Lucro Líquido do Período;0.0;S
09.305.994/0001-29;2025-09-30;1;AZUL S.A.;24112;DF Individual - Demonstração das Mutações do Patrimônio Líquido;REAL;MIL;ÚLTIMO;2025-01-01;2025-09-30;Capital Social Integralizado;5.05.01;Lucro Líquido do Período;0.0;S
09.305.994/0001-29;2025-09-30;1;AZUL S.A.;24112;DF Individual - Demonstração das Mutações do Patrimônio Líquido;REAL;MIL;PENÚLTIMO;2024-01-01;2024-09-30;Reservas de Capital, Opções Outorgadas e Ações em Tesouraria;5.05.01;Lucro Líquido do Período;0.0;S
09.305.994/0001-29;2025-09-30;1;AZUL S.A.;24112;DF Individual - Demonstração das Mutações do Patrimônio Líquido;REAL;MIL;ÚLTIMO;2025-01-01;2025-09-30;Reservas de Capital, Opções Outorgadas e Ações em Tesouraria;5.05.01;Lucro Líquido do Período;0.0;S
09.305.994/0001-29;2025-09-30;1;AZUL S.A.;24112;DF Individual - Demonstração das Mutações do Patrimônio Líquido;REAL;MIL;PENÚLTIMO;2024-01-01;2024-09-30;Reservas de Lucro;5.05.01;Lucro Líquido do Período;0.0;S
09.305.994/0001-29;2025-09-30;1;AZUL S.A.;24112;DF Individual - Demonstração das Mutações do Patrimônio Líquido;REAL;MIL;ÚLTIMO;2025-01-01;2025-09-30;Reservas de Lucro;5.05.01;Lucro Líquido do Período;0.0;S
09.305.994/0001-29;2025-09-30;1;AZUL S.A.;24112;DF Individual - Demonstração das Mutações do Patrimônio Líquido;REAL;MIL;PENÚLTIMO;2024-01-01;2024-09-30;Lucros ou Prejuízos Acumulados;5.05.01;Lucro Líquido do Período;-4738724.0;S
09.305.994/0001-29;2025-09-30;1;AZUL S.A.;24112;DF Individual - Demonstração das Mutações do Patrimônio Líquido;REAL;MIL;ÚLTIMO;2025-01-01;2025-09-30;Lucros ou Prejuízos Acumulados;5.05.01;Lucro Líquido do Período;1755161.0;S
09.305.994/0001-29;2025-09-30;1;AZUL S.A.;24112;DF Individual - Demonstração das Mutações do Patrimônio Líquido;REAL;MIL;PENÚLTIMO;2024-01-01;2024-09-30;Outros Resultados Abrangentes;5.05.01;Lucro Líquido do Período;0.0;S
09.305.994/0001-29;2025-09-30;1;AZUL S.A.;24112;DF Individual - Demonstração das Mutações do Patrimônio Líquido;REAL;MIL;ÚLTIMO;2025-01-01;2025-09-30;Outros Resultados Abrangentes;5.05.01;Lucro Líquido do Período;0.0;S
09.305.994/0001-29;2025-09-30;1;AZUL S.A.;24112;DF Individual - Demonstração das Mutações do Patrimônio Líquido;REAL;MIL;PENÚLTIMO;2024-01-01;2024-09-30;Patrimônio Líquido;5.05.01;Lucro Líquido do Período;-4738724.0;S
09.305.994/0001-29;2025-09-30;1;AZUL S.A.;24112;DF Individual - Demonstração das Mutações do Patrimônio Líquido;REAL;MIL;ÚLTIMO;2025-01-01;2025-09-30;Patrimônio Líquido;5.05.01;Lucro Líquido do Período;1755161.0;S
09.305.994/0001-29;2025-09-30;1;AZUL S.A.;24112;DF Individual - Demonstração das Mutações do Patrimônio Líquido;REAL;MIL;PENÚLTIMO;2024-01-01;2024-09-30;Capital Social Integralizado;5.05.02;Outros Resultados Abrangentes;0.0;S
09.305.994/0001-29;2025-09-30;1;AZUL S.A.;24112;DF Individual - Demonstração das Mutações do Patrimônio Líquido;REAL;MIL;ÚLTIMO;2025-01-01;2025-09-30;Capital Social Integralizado;5.05.02;Outros Resultados Abrangentes;0.0;S
09.305.994/0001-29;2025-09-30;1;AZUL S.A.;24112;DF Individual - Demonstração das Mutações do Patrimônio Líquido;REAL;MIL;PENÚLTIMO;2024-01-01;2024-09-30;Reservas de Capital, Opções Outorgadas e Ações em Tesouraria;5.05.02;Outros Resultados Abrangentes;0.0;S
09.305.994/0001-29;2025-09-30;1;AZUL S.A.;24112;DF Individual - Demonstração das Mutações do Patrimônio Líquido;REAL;MIL;ÚLTIMO;2025-01-01;2025-09-30;Reservas de Capital, Opções Outorgadas e Ações em Tesouraria;5.05.02;Outros Resultados Abrangentes;0.0;S
09.305.994/0001-29;2025-09-30;1;AZUL S.A.;24112;DF Individual - Demonstração das Mutações do Patrimônio Líquido;REAL;MIL;PENÚLTIMO;2024-01-01;2024-09-30;Reservas de Lucro;5.05.02;Outros Resultados Abrangentes;0.0;S
09.305.994/0001-29;2025-09-30;1;AZUL S.A.;24112;DF Individual - Demonstração das Mutações do Patrimônio Líquido;REAL;MIL;ÚLTIMO;2025-01-01;2025-09-30;Reservas de Lucro;5.05.02;Outros Resultados Abrangentes;0.0;S
09.305.994/0001-29;2025-09-30;1;AZUL S.A.;24112;DF Individual - Demonstração das Mutações do Patrimônio Líquido;REAL;MIL;PENÚLTIMO;2024-01-01;2024-09-30;Lucros ou Prejuízos Acumulados;5.05.02;Outros Resultados Abrangentes;0.0;S
09.305.994/0001-29;2025-09-30;1;AZUL S.A.;24112;DF Individual - Demonstração das Mutações do Patrimônio Líquido;REAL;MIL;ÚLTIMO;2025-01-01;2025-09-30;Lucros ou Prejuízos Acumulados;5.05.02;Outros Resultados Abrangentes;0.0;S
09.305.994/0001-29;2025-09-30;1;AZUL S.A.;24112;DF Individual - Demonstração das Mutações do Patrimônio Líquido;REAL;MIL;PENÚLTIMO;2024-01-01;2024-09-30;Outros Resultados Abrangentes;5.05.02;Outros Resultados Abrangentes;0.0;S
09.305.994/0001-29;2025-09-30;1;AZUL S.A.;24112;DF Individual - Demonstração das Mutações do Patrimônio Líquido;REAL;MIL;ÚLTIMO;2025-01-01;2025-09-30;Outros Resultados Abrangentes;5.05.02;Outros Resultados Abrangentes;0.0;S
09.305.994/0001-29;2025-09-30;1;AZUL S.A.;24112;DF Individual - Demonstração das Mutações do Patrimônio Líquido;REAL;MIL;PENÚLTIMO;2024-01-01;2024-09-30;Patrimônio Líquido;5.05.02;Outros Resultados Abrangentes;0.0;S
09.305.994/0001-29;2025-09-30;1;AZUL S.A.;24112;DF Individual - Demonstração das Mutações do Patrimônio Líquido;REAL;MIL;ÚLTIMO;2025-01-01;2025-09-30;Patrimônio Líquido;5.05.02;Outros Resultados Abrangentes;0.0;S
09.305.994/0001-29;2025-09-30;1;AZUL S.A.;24112;DF Individual - Demonstração das Mutações do Patrimônio Líquido;REAL;MIL;PENÚLTIMO;2024-01-01;2024-09-30;Capital Social Integralizado;5.05.02.01;Ajustes de Instrumentos Financeiros;0.0;S
09.305.994/0001-29;2025-09-30;1;AZUL S.A.;24112;DF Individual - Demonstração das Mutações do Patrimônio Líquido;REAL;MIL;ÚLTIMO;2025-01-01;2025-09-30;Capital Social Integralizado;5.05.02.01;Ajustes de Instrumentos Financeiros;0.0;S
09.305.994/0001-29;2025-09-30;1;AZUL S.A.;24112;DF Individual - Demonstração das Mutações do Patrimônio Líquido;REAL;MIL;PENÚLTIMO;2024-01-01;2024-09-30;Reservas de Capital, Opções Outorgadas e Ações em Tesouraria;5.05.02.01;Ajustes de Instrumentos Financeiros;0.0;S
09.305.994/0001-29;2025-09-30;1;AZUL S.A.;24112;DF Individual - Demonstração das Mutações do Patrimônio Líquido;REAL;MIL;ÚLTIMO;2025-01-01;2025-09-30;Reservas de Capital, Opções Outorgadas e Ações em Tesouraria;5.05.02.01;Ajustes de Instrumentos Financeiros;0.0;S
09.305.994/0001-29;2025-09-30;1;AZUL S.A.;24112;DF Individual - Demonstração das Mutações do Patrimônio Líquido;REAL;MIL;PENÚLTIMO;2024-01-01;2024-09-30;Reservas de Lucro;5.05.02.01;Ajustes de Instrumentos Financeiros;0.0;S
09.305.994/0001-29;2025-09-30;1;AZUL S.A.;24112;DF Individual - Demonstração das Mutações do Patrimônio Líquido;REAL;MIL;ÚLTIMO;2025-01-01;2025-09-30;Reservas de Lucro;5.05.02.01;Ajustes de Instrumentos Financeiros;0.0;S
09.305.994/0001-29;2025-09-30;1;AZUL S.A.;24112;DF Individual - Demonstração das Mutações do Patrimônio Líquido;REAL;MIL;PENÚLTIMO;2024-01-01;2024-09-30;Lucros ou Prejuízos Acumulados;5.05.02.01;Ajustes de Instrumentos Financeiros;0.0;S
09.305.994/0001-29;2025-09-30;1;AZUL S.A.;24112;DF Individual - Demonstração das Mutações do Patrimônio Líquido;REAL;MIL;ÚLTIMO;2025-01-01;2025-09-30;Lucros ou Prejuízos Acumulados;5.05.02.01;Ajustes de Instrumentos Financeiros;0.0;S
09.305.994/0001-29;2025-09-30;1;AZUL S.A.;24112;DF Individual - Demonstração das Mutações do Patrimônio Líquido;REAL;MIL;PENÚLTIMO;2024-01-01;2024-09-30;Outros Resultados Abrangentes;5.05.02.01;Ajustes de Instrumentos Financeiros;0.0;S
09.305.994/0001-29;2025-09-30;1;AZUL S.A.;24112;DF Individual - Demonstração das Mutações do Patrimônio Líquido;REAL;MIL;ÚLTIMO;2025-01-01;2025-09-30;Outros Resultados Abrangentes;5.05.02.01;Ajustes de Instrumentos Financeiros;0.0;S
09.305.994/0001-29;2025-09-30;1;AZUL S.A.;24112;DF Individual - Demonstração das Mutações do Patrimônio Líquido;REAL;MIL;PENÚLTIMO;2024-01-01;2024-09-30;Patrimônio Líquido;5.05.02.01;Ajustes de Instrumentos Financeiros;0.0;S
09.305.994/0001-29;2025-09-30;1;AZUL S.A.;24112;DF Individual - Demonstração das Mutações do Patrimônio Líquido;REAL;MIL;ÚLTIMO;2025-01-01;2025-09-30;Patrimônio Líquido;5.05.02.01;Ajustes de Instrumentos Financeiros;0.0;S
09.305.994/0001-29;2025-09-30;1;AZUL S.A.;24112;DF Individual - Demonstração das Mutações do Patrimônio Líquido;REAL;MIL;PENÚLTIMO;2024-01-01;2024-09-30;Capital Social Integralizado;5.05.02.02;Tributos s/ Ajustes Instrumentos Financeiros;0.0;S
09.305.994/0001-29;2025-09-30;1;AZUL S.A.;24112;DF Individual - Demonstração das Mutações do Patrimônio Líquido;REAL;MIL;ÚLTIMO;2025-01-01;2025-09-30;Capital Social Integralizado;5.05.02.02;Tributos s/ Ajustes Instrumentos Financeiros;0.0;S
09.305.994/0001-29;2025-09-30;1;AZUL S.A.;24112;DF Individual - Demonstração das Mutações do Patrimônio Líquido;REAL;MIL;PENÚLTIMO;2024-01-01;2024-09-30;Reservas de Capital, Opções Outorgadas e Ações em Tesouraria;5.05.02.02;Tributos s/ Ajustes Instrumentos Financeiros;0.0;S
09.305.994/0001-29;2025-09-30;1;AZUL S.A.;24112;DF Individual - Demonstração das Mutações do Patrimônio Líquido;REAL;MIL;ÚLTIMO;2025-01-01;2025-09-30;Reservas de Capital, Opções Outorgadas e Ações em Tesouraria;5.05.02.02;Tributos s/ Ajustes Instrumentos Financeiros;0.0;S
09.305.994/0001-29;2025-09-30;1;AZUL S.A.;24112;DF Individual - Demonstração das Mutações do Patrimônio Líquido;REAL;MIL;PENÚLTIMO;2024-01-01;2024-09-30;Reservas de Lucro;5.05.02.02;Tributos s/ Ajustes Instrumentos Financeiros;0.0;S
09.305.994/0001-29;2025-09-30;1;AZUL S.A.;24112;DF Individual - Demonstração das Mutações do Patrimônio Líquido;REAL;MIL;ÚLTIMO;2025-01-01;2025-09-30;Reservas de Lucro;5.05.02.02;Tributos s/ Ajustes Instrumentos Financeiros;0.0;S
09.305.994/0001-29;2025-09-30;1;AZUL S.A.;24112;DF Individual - Demonstração das Mutações do Patrimônio Líquido;REAL;MIL;PENÚLTIMO;2024-01-01;2024-09-30;Lucros ou Prejuízos Acumulados;5.05.02.02;Tributos s/ Ajustes Instrumentos Financeiros;0.0;S
09.305.994/0001-29;2025-09-30;1;AZUL S.A.;24112;DF Individual - Demonstração das Mutações do Patrimônio Líquido;REAL;MIL;ÚLTIMO;2025-01-01;2025-09-30;Lucros ou Prejuízos Acumulados;5.05.02.02;Tributos s/ Ajustes Instrumentos Financeiros;0.0;S
09.305.994/0001-29;2025-09-30;1;AZUL S.A.;24112;DF Individual - Demonstração das Mutações do Patrimônio Líquido;REAL;MIL;PENÚLTIMO;2024-01-01;2024-09-30;Outros Resultados Abrangentes;5.05.02.02;Tributos s/ Ajustes Instrumentos Financeiros;0.0;S
09.305.994/0001-29;2025-09-30;1;AZUL S.A.;24112;DF Individual - Demonstração das Mutações do Patrimônio Líquido;REAL;MIL;ÚLTIMO;2025-01-01;2025-09-30;Outros Resultados Abrangentes;5.05.02.02;Tributos s/ Ajustes Instrumentos Financeiros;0.0;S
09.305.994/0001-29;2025-09-30;1;AZUL S.A.;24112;DF Individual - Demonstração das Mutações do Patrimônio Líquido;REAL;MIL;PENÚLTIMO;2024-01-01;2024-09-30;Patrimônio Líquido;5.05.02.02;Tributos s/ Ajustes Instrumentos Financeiros;0.0;S
09.305.994/0001-29;2025-09-30;1;AZUL S.A.;24112;DF Individual - Demonstração das Mutações do Patrimônio Líquido;REAL;MIL;ÚLTIMO;2025-01-01;2025-09-30;Patrimônio Líquido;5.05.02.02;Tributos s/ Ajustes Instrumentos Financeiros;0.0;S
09.305.994/0001-29;2025-09-30;1;AZUL S.A.;24112;DF Individual - Demonstração das Mutações do Patrimônio Líquido;REAL;MIL;PENÚLTIMO;2024-01-01;2024-09-30;Capital Social Integralizado;5.05.02.03;Equiv. Patrim. s/Result. Abrang. Controladas e Coligadas;0.0;S
09.305.994/0001-29;2025-09-30;1;AZUL S.A.;24112;DF Individual - Demonstração das Mutações do Patrimônio Líquido;REAL;MIL;ÚLTIMO;2025-01-01;2025-09-30;Capital Social Integralizado;5.05.02.03;Equiv. Patrim. s/Result. Abrang. Controladas e Coligadas;0.0;S
09.305.994/0001-29;2025-09-30;1;AZUL S.A.;24112;DF Individual - Demonstração das Mutações do Patrimônio Líquido;REAL;MIL;PENÚLTIMO;2024-01-01;2024-09-30;Reservas de Capital, Opções Outorgadas e Ações em Tesouraria;5.05.02.03;Equiv. Patrim. s/Result. Abrang. Controladas e Coligadas;0.0;S
09.305.994/0001-29;2025-09-30;1;AZUL S.A.;24112;DF Individual - Demonstração das Mutações do Patrimônio Líquido;REAL;MIL;ÚLTIMO;2025-01-01;2025-09-30;Reservas de Capital, Opções Outorgadas e Ações em Tesouraria;5.05.02.03;Equiv. Patrim. s/Result. Abrang. Controladas e Coligadas;0.0;S
09.305.994/0001-29;2025-09-30;1;AZUL S.A.;24112;DF Individual - Demonstração das Mutações do Patrimônio Líquido;REAL;MIL;PENÚLTIMO;2024-01-01;2024-09-30;Reservas de Lucro;5.05.02.03;Equiv. Patrim. s/Result. Abrang. Controladas e Coligadas;0.0;S
09.305.994/0001-29;2025-09-30;1;AZUL S.A.;24112;DF Individual - Demonstração das Mutações do Patrimônio Líquido;REAL;MIL;ÚLTIMO;2025-01-01;2025-09-30;Reservas de Lucro;5.05.02.03;Equiv. Patrim. s/Result. Abrang. Controladas e Coligadas;0.0;S
09.305.994/0001-29;2025-09-30;1;AZUL S.A.;24112;DF Individual - Demonstração das Mutações do Patrimônio Líquido;REAL;MIL;PENÚLTIMO;2024-01-01;2024-09-30;Lucros ou Prejuízos Acumulados;5.05.02.03;Equiv. Patrim. s/Result. Abrang. Controladas e Coligadas;0.0;S
09.305.994/0001-29;2025-09-30;1;AZUL S.A.;24112;DF Individual - Demonstração das Mutações do Patrimônio Líquido;REAL;MIL;ÚLTIMO;2025-01-01;2025-09-30;Lucros ou Prejuízos Acumulados;5.05.02.03;Equiv. Patrim. s/Result. Abrang. Controladas e Coligadas;0.0;S
09.305.994/0001-29;2025-09-30;1;AZUL S.A.;24112;DF Individual - Demonstração das Mutações do Patrimônio Líquido;REAL;MIL;PENÚLTIMO;2024-01-01;2024-09-30;Outros Resultados Abrangentes;5.05.02.03;Equiv. Patrim. s/Result. Abrang. Controladas e Coligadas;0.0;S
09.305.994/0001-29;2025-09-30;1;AZUL S.A.;24112;DF Individual - Demonstração das Mutações do Patrimônio Líquido;REAL;MIL;ÚLTIMO;2025-01-01;2025-09-30;Outros Resultados Abrangentes;5.05.02.03;Equiv. Patrim. s/Result. Abrang. Controladas e Coligadas;0.0;S
09.305.994/0001-29;2025-09-30;1;AZUL S.A.;24112;DF Individual - Demonstração das Mutações do Patrimônio Líquido;REAL;MIL;PENÚLTIMO;2024-01-01;2024-09-30;Patrimônio Líquido;5.05.02.03;Equiv. Patrim. s/Result. Abrang. Controladas e Coligadas;0.0;S
09.305.994/0001-29;2025-09-30;1;AZUL S.A.;24112;DF Individual - Demonstração das Mutações do Patrimônio Líquido;REAL;MIL;ÚLTIMO;2025-01-01;2025-09-30;Patrimônio Líquido;5.05.02.03;Equiv. Patrim. s/Result. Abrang. Controladas e Coligadas;0.0;S
09.305.994/0001-29;2025-09-30;1;AZUL S.A.;24112;DF Individual - Demonstração das Mutações do Patrimônio Líquido;REAL;MIL;PENÚLTIMO;2024-01-01;2024-09-30;Capital Social Integralizado;5.05.02.04;Ajustes de Conversão do Período;0.0;S
09.305.994/0001-29;2025-09-30;1;AZUL S.A.;24112;DF Individual - Demonstração das Mutações do Patrimônio Líquido;REAL;MIL;ÚLTIMO;2025-01-01;2025-09-30;Capital Social Integralizado;5.05.02.04;Ajustes de Conversão do Período;0.0;S
09.305.994/0001-29;2025-09-30;1;AZUL S.A.;24112;DF Individual - Demonstração das Mutações do Patrimônio Líquido;REAL;MIL;PENÚLTIMO;2024-01-01;2024-09-30;Reservas de Capital, Opções Outorgadas e Ações em Tesouraria;5.05.02.04;Ajustes de Conversão do Período;0.0;S
09.305.994/0001-29;2025-09-30;1;AZUL S.A.;24112;DF Individual - Demonstração das Mutações do Patrimônio Líquido;REAL;MIL;ÚLTIMO;2025-01-01;2025-09-30;Reservas de Capital, Opções Outorgadas e Ações em Tesouraria;5.05.02.04;Ajustes de Conversão do Período;0.0;S
09.305.994/0001-29;2025-09-30;1;AZUL S.A.;24112;DF Individual - Demonstração das Mutações do Patrimônio Líquido;REAL;MIL;PENÚLTIMO;2024-01-01;2024-09-30;Reservas de Lucro;5.05.02.04;Ajustes de Conversão do Período;0.0;S
09.305.994/0001-29;2025-09-30;1;AZUL S.A.;24112;DF Individual - Demonstração das Mutações do Patrimônio Líquido;REAL;MIL;ÚLTIMO;2025-01-01;2025-09-30;Reservas de Lucro;5.05.02.04;Ajustes de Conversão do Período;0.0;S
09.305.994/0001-29;2025-09-30;1;AZUL S.A.;24112;DF Individual - Demonstração das Mutações do Patrimônio Líquido;REAL;MIL;PENÚLTIMO;2024-01-01;2024-09-30;Lucros ou Prejuízos Acumulados;5.05.02.04;Ajustes de Conversão do Período;0.0;S
09.305.994/0001-29;2025-09-30;1;AZUL S.A.;24112;DF Individual - Demonstração das Mutações do Patrimônio Líquido;REAL;MIL;ÚLTIMO;2025-01-01;2025-09-30;Lucros ou Prejuízos Acumulados;5.05.02.04;Ajustes de Conversão do Período;0.0;S
09.305.994/0001-29;2025-09-30;1;AZUL S.A.;24112;DF Individual - Demonstração das Mutações do Patrimônio Líquido;REAL;MIL;PENÚLTIMO;2024-01-01;2024-09-30;Outros Resultados Abrangentes;5.05.02.04;Ajustes de Conversão do Período;0.0;S
09.305.994/0001-29;2025-09-30;1;AZUL S.A.;24112;DF Individual - Demonstração das Mutações do Patrimônio Líquido;REAL;MIL;ÚLTIMO;2025-01-01;2025-09-30;Outros Resultados Abrangentes;5.05.02.04;Ajustes de Conversão do Período;0.0;S
09.305.994/0001-29;2025-09-30;1;AZUL S.A.;24112;DF Individual - Demonstração das Mutações do Patrimônio Líquido;REAL;MIL;PENÚLTIMO;2024-01-01;2024-09-30;Patrimônio Líquido;5.05.02.04;Ajustes de Conversão do Período;0.0;S
09.305.994/0001-29;2025-09-30;1;AZUL S.A.;24112;DF Individual - Demonstração das Mutações do Patrimônio Líquido;REAL;MIL;ÚLTIMO;2025-01-01;2025-09-30;Patrimônio Líquido;5.05.02.04;Ajustes de Conversão do Período;0.0;S
09.305.994/0001-29;2025-09-30;1;AZUL S.A.;24112;DF Individual - Demonstração das Mutações do Patrimônio Líquido;REAL;MIL;PENÚLTIMO;2024-01-01;2024-09-30;Capital Social Integralizado;5.05.02.05;Tributos s/ Ajustes de Conversão do Período;0.0;S
09.305.994/0001-29;2025-09-30;1;AZUL S.A.;24112;DF Individual - Demonstração das Mutações do Patrimônio Líquido;REAL;MIL;ÚLTIMO;2025-01-01;2025-09-30;Capital Social Integralizado;5.05.02.05;Tributos s/ Ajustes de Conversão do Período;0.0;S
09.305.994/0001-29;2025-09-30;1;AZUL S.A.;24112;DF Individual - Demonstração das Mutações do Patrimônio Líquido;REAL;MIL;PENÚLTIMO;2024-01-01;2024-09-30;Reservas de Capital, Opções Outorgadas e Ações em Tesouraria;5.05.02.05;Tributos s/ Ajustes de Conversão do Período;0.0;S
09.305.994/0001-29;2025-09-30;1;AZUL S.A.;24112;DF Individual - Demonstração das Mutações do Patrimônio Líquido;REAL;MIL;ÚLTIMO;2025-01-01;2025-09-30;Reservas de Capital, Opções Outorgadas e Ações em Tesouraria;5.05.02.05;Tributos s/ Ajustes de Conversão do Período;0.0;S
09.305.994/0001-29;2025-09-30;1;AZUL S.A.;24112;DF Individual - Demonstração das Mutações do Patrimônio Líquido;REAL;MIL;PENÚLTIMO;2024-01-01;2024-09-30;Reservas de Lucro;5.05.02.05;Tributos s/ Ajustes de Conversão do Período;0.0;S
09.305.994/0001-29;2025-09-30;1;AZUL S.A.;24112;DF Individual - Demonstração das Mutações do Patrimônio Líquido;REAL;MIL;ÚLTIMO;2025-01-01;2025-09-30;Reservas de Lucro;5.05.02.05;Tributos s/ Ajustes de Conversão do Período;0.0;S
09.305.994/0001-29;2025-09-30;1;AZUL S.A.;24112;DF Individual - Demonstração das Mutações do Patrimônio Líquido;REAL;MIL;PENÚLTIMO;2024-01-01;2024-09-30;Lucros ou Prejuízos Acumulados;5.05.02.05;Tributos s/ Ajustes de Conversão do Período;0.0;S
09.305.994/0001-29;2025-09-30;1;AZUL S.A.;24112;DF Individual - Demonstração das Mutações do Patrimônio Líquido;REAL;MIL;ÚLTIMO;2025-01-01;2025-09-30;Lucros ou Prejuízos Acumulados;5.05.02.05;Tributos s/ Ajustes de Conversão do Período;0.0;S
09.305.994/0001-29;2025-09-30;1;AZUL S.A.;24112;DF Individual - Demonstração das Mutações do Patrimônio Líquido;REAL;MIL;PENÚLTIMO;2024-01-01;2024-09-30;Outros Resultados Abrangentes;5.05.02.05;Tributos s/ Ajustes de Conversão do Período;0.0;S
09.305.994/0001-29;2025-09-30;1;AZUL S.A.;24112;DF Individual - Demonstração das Mutações do Patrimônio Líquido;REAL;MIL;ÚLTIMO;2025-01-01;2025-09-30;Outros Resultados Abrangentes;5.05.02.05;Tributos s/ Ajustes de Conversão do Período;0.0;S
09.305.994/0001-29;2025-09-30;1;AZUL S.A.;24112;DF Individual - Demonstração das Mutações do Patrimônio Líquido;REAL;MIL;PENÚLTIMO;2024-01-01;2024-09-30;Patrimônio Líquido;5.05.02.05;Tributos s/ Ajustes de Conversão do Período;0.0;S
09.305.994/0001-29;2025-09-30;1;AZUL S.A.;24112;DF Individual - Demonstração das Mutações do Patrimônio Líquido;REAL;MIL;ÚLTIMO;2025-01-01;2025-09-30;Patrimônio Líquido;5.05.02.05;Tributos s/ Ajustes de Conversão do Período;0.0;S
09.305.994/0001-29;2025-09-30;1;AZUL S.A.;24112;DF Individual - Demonstração das Mutações do Patrimônio Líquido;REAL;MIL;PENÚLTIMO;2024-01-01;2024-09-30;Capital Social Integralizado;5.05.03;Reclassificações para o Resultado;0.0;S
09.305.994/0001-29;2025-09-30;1;AZUL S.A.;24112;DF Individual - Demonstração das Mutações do Patrimônio Líquido;REAL;MIL;ÚLTIMO;2025-01-01;2025-09-30;Capital Social Integralizado;5.05.03;Reclassificações para o Resultado;0.0;S
09.305.994/0001-29;2025-09-30;1;AZUL S.A.;24112;DF Individual - Demonstração das Mutações do Patrimônio Líquido;REAL;MIL;PENÚLTIMO;2024-01-01;2024-09-30;Reservas de Capital, Opções Outorgadas e Ações em Tesouraria;5.05.03;Reclassificações para o Resultado;0.0;S
09.305.994/0001-29;2025-09-30;1;AZUL S.A.;24112;DF Individual - Demonstração das Mutações do Patrimônio Líquido;REAL;MIL;ÚLTIMO;2025-01-01;2025-09-30;Reservas de Capital, Opções Outorgadas e Ações em Tesouraria;5.05.03;Reclassificações para o Resultado;0.0;S
09.305.994/0001-29;2025-09-30;1;AZUL S.A.;24112;DF Individual - Demonstração das Mutações do Patrimônio Líquido;REAL;MIL;PENÚLTIMO;2024-01-01;2024-09-30;Reservas de Lucro;5.05.03;Reclassificações para o Resultado;0.0;S
09.305.994/0001-29;2025-09-30;1;AZUL S.A.;24112;DF Individual - Demonstração das Mutações do Patrimônio Líquido;REAL;MIL;ÚLTIMO;2025-01-01;2025-09-30;Reservas de Lucro;5.05.03;Reclassificações para o Resultado;0.0;S
09.305.994/0001-29;2025-09-30;1;AZUL S.A.;24112;DF Individual - Demonstração das Mutações do Patrimônio Líquido;REAL;MIL;PENÚLTIMO;2024-01-01;2024-09-30;Lucros ou Prejuízos Acumulados;5.05.03;Reclassificações para o Resultado;0.0;S
09.305.994/0001-29;2025-09-30;1;AZUL S.A.;24112;DF Individual - Demonstração das Mutações do Patrimônio Líquido;REAL;MIL;ÚLTIMO;2025-01-01;2025-09-30;Lucros ou Prejuízos Acumulados;5.05.03;Reclassificações para o Resultado;0.0;S
09.305.994/0001-29;2025-09-30;1;AZUL S.A.;24112;DF Individual - Demonstração das Mutações do Patrimônio Líquido;REAL;MIL;PENÚLTIMO;2024-01-01;2024-09-30;Outros Resultados Abrangentes;5.05.03;Reclassificações para o Resultado;0.0;S
09.305.994/0001-29;2025-09-30;1;AZUL S.A.;24112;DF Individual - Demonstração das Mutações do Patrimônio Líquido;REAL;MIL;ÚLTIMO;2025-01-01;2025-09-30;Outros Resultados Abrangentes;5.05.03;Reclassificações para o Resultado;0.0;S
09.305.994/0001-29;2025-09-30;1;AZUL S.A.;24112;DF Individual - Demonstração das Mutações do Patrimônio Líquido;REAL;MIL;PENÚLTIMO;2024-01-01;2024-09-30;Patrimônio Líquido;5.05.03;Reclassificações para o Resultado;0.0;S
09.305.994/0001-29;2025-09-30;1;AZUL S.A.;24112;DF Individual - Demonstração das Mutações do Patrimônio Líquido;REAL;MIL;ÚLTIMO;2025-01-01;2025-09-30;Patrimônio Líquido;5.05.03;Reclassificações para o Resultado;0.0;S
09.305.994/0001-29;2025-09-30;1;AZUL S.A.;24112;DF Individual - Demonstração das Mutações do Patrimônio Líquido;REAL;MIL;PENÚLTIMO;2024-01-01;2024-09-30;Capital Social Integralizado;5.05.03.01;Ajustes de Instrumentos Financeiros;0.0;S
09.305.994/0001-29;2025-09-30;1;AZUL S.A.;24112;DF Individual - Demonstração das Mutações do Patrimônio Líquido;REAL;MIL;ÚLTIMO;2025-01-01;2025-09-30;Capital Social Integralizado;5.05.03.01;Ajustes de Instrumentos Financeiros;0.0;S
09.305.994/0001-29;2025-09-30;1;AZUL S.A.;24112;DF Individual - Demonstração das Mutações do Patrimônio Líquido;REAL;MIL;PENÚLTIMO;2024-01-01;2024-09-30;Reservas de Capital, Opções Outorgadas e Ações em Tesouraria;5.05.03.01;Ajustes de Instrumentos Financeiros;0.0;S
09.305.994/0001-29;2025-09-30;1;AZUL S.A.;24112;DF Individual - Demonstração das Mutações do Patrimônio Líquido;REAL;MIL;ÚLTIMO;2025-01-01;2025-09-30;Reservas de Capital, Opções Outorgadas e Ações em Tesouraria;5.05.03.01;Ajustes de Instrumentos Financeiros;0.0;S
09.305.994/0001-29;2025-09-30;1;AZUL S.A.;24112;DF Individual - Demonstração das Mutações do Patrimônio Líquido;REAL;MIL;PENÚLTIMO;2024-01-01;2024-09-30;Reservas de Lucro;5.05.03.01;Ajustes de Instrumentos Financeiros;0.0;S
09.305.994/0001-29;2025-09-30;1;AZUL S.A.;24112;DF Individual - Demonstração das Mutações do Patrimônio Líquido;REAL;MIL;ÚLTIMO;2025-01-01;2025-09-30;Reservas de Lucro;5.05.03.01;Ajustes de Instrumentos Financeiros;0.0;S
09.305.994/0001-29;2025-09-30;1;AZUL S.A.;24112;DF Individual - Demonstração das Mutações do Patrimônio Líquido;REAL;MIL;PENÚLTIMO;2024-01-01;2024-09-30;Lucros ou Prejuízos Acumulados;5.05.03.01;Ajustes de Instrumentos Financeiros;0.0;S
09.305.994/0001-29;2025-09-30;1;AZUL S.A.;24112;DF Individual - Demonstração das Mutações do Patrimônio Líquido;REAL;MIL;ÚLTIMO;2025-01-01;2025-09-30;Lucros ou Prejuízos Acumulados;5.05.03.01;Ajustes de Instrumentos Financeiros;0.0;S
09.305.994/0001-29;2025-09-30;1;AZUL S.A.;24112;DF Individual - Demonstração das Mutações do Patrimônio Líquido;REAL;MIL;PENÚLTIMO;2024-01-01;2024-09-30;Outros Resultados Abrangentes;5.05.03.01;Ajustes de Instrumentos Financeiros;0.0;S
09.305.994/0001-29;2025-09-30;1;AZUL S.A.;24112;DF Individual - Demonstração das Mutações do Patrimônio Líquido;REAL;MIL;ÚLTIMO;2025-01-01;2025-09-30;Outros Resultados Abrangentes;5.05.03.01;Ajustes de Instrumentos Financeiros;0.0;S
09.305.994/0001-29;2025-09-30;1;AZUL S.A.;24112;DF Individual - Demonstração das Mutações do Patrimônio Líquido;REAL;MIL;PENÚLTIMO;2024-01-01;2024-09-30;Patrimônio Líquido;5.05.03.01;Ajustes de Instrumentos Financeiros;0.0;S
09.305.994/0001-29;2025-09-30;1;AZUL S.A.;24112;DF Individual - Demonstração das Mutações do Patrimônio Líquido;REAL;MIL;ÚLTIMO;2025-01-01;2025-09-30;Patrimônio Líquido;5.05.03.01;Ajustes de Instrumentos Financeiros;0.0;S
09.305.994/0001-29;2025-09-30;1;AZUL S.A.;24112;DF Individual - Demonstração das Mutações do Patrimônio Líquido;REAL;MIL;PENÚLTIMO;2024-01-01;2024-09-30;Capital Social Integralizado;5.06;Mutações Internas do Patrimônio Líquido;0.0;S
09.305.994/0001-29;2025-09-30;1;AZUL S.A.;24112;DF Individual - Demonstração das Mutações do Patrimônio Líquido;REAL;MIL;ÚLTIMO;2025-01-01;2025-09-30;Capital Social Integralizado;5.06;Mutações Internas do Patrimônio Líquido;0.0;S
09.305.994/0001-29;2025-09-30;1;AZUL S.A.;24112;DF Individual - Demonstração das Mutações do Patrimônio Líquido;REAL;MIL;PENÚLTIMO;2024-01-01;2024-09-30;Reservas de Capital, Opções Outorgadas e Ações em Tesouraria;5.06;Mutações Internas do Patrimônio Líquido;0.0;S
09.305.994/0001-29;2025-09-30;1;AZUL S.A.;24112;DF Individual - Demonstração das Mutações do Patrimônio Líquido;REAL;MIL;ÚLTIMO;2025-01-01;2025-09-30;Reservas de Capital, Opções Outorgadas e Ações em Tesouraria;5.06;Mutações Internas do Patrimônio Líquido;0.0;S
09.305.994/0001-29;2025-09-30;1;AZUL S.A.;24112;DF Individual - Demonstração das Mutações do Patrimônio Líquido;REAL;MIL;PENÚLTIMO;2024-01-01;2024-09-30;Reservas de Lucro;5.06;Mutações Internas do Patrimônio Líquido;0.0;S
09.305.994/0001-29;2025-09-30;1;AZUL S.A.;24112;DF Individual - Demonstração das Mutações do Patrimônio Líquido;REAL;MIL;ÚLTIMO;2025-01-01;2025-09-30;Reservas de Lucro;5.06;Mutações Internas do Patrimônio Líquido;0.0;S
09.305.994/0001-29;2025-09-30;1;AZUL S.A.;24112;DF Individual - Demonstração das Mutações do Patrimônio Líquido;REAL;MIL;PENÚLTIMO;2024-01-01;2024-09-30;Lucros ou Prejuízos Acumulados;5.06;Mutações Internas do Patrimônio Líquido;0.0;S
09.305.994/0001-29;2025-09-30;1;AZUL S.A.;24112;DF Individual - Demonstração das Mutações do Patrimônio Líquido;REAL;MIL;ÚLTIMO;2025-01-01;2025-09-30;Lucros ou Prejuízos Acumulados;5.06;Mutações Internas do Patrimônio Líquido;0.0;S
09.305.994/0001-29;2025-09-30;1;AZUL S.A.;24112;DF Individual - Demonstração das Mutações do Patrimônio Líquido;REAL;MIL;PENÚLTIMO;2024-01-01;2024-09-30;Outros Resultados Abrangentes;5.06;Mutações Internas do Patrimônio Líquido;0.0;S
09.305.994/0001-29;2025-09-30;1;AZUL S.A.;24112;DF Individual - Demonstração das Mutações do Patrimônio Líquido;REAL;MIL;ÚLTIMO;2025-01-01;2025-09-30;Outros Resultados Abrangentes;5.06;Mutações Internas do Patrimônio Líquido;0.0;S
09.305.994/0001-29;2025-09-30;1;AZUL S.A.;24112;DF Individual - Demonstração das Mutações do Patrimônio Líquido;REAL;MIL;PENÚLTIMO;2024-01-01;2024-09-30;Patrimônio Líquido;5.06;Mutações Internas do Patrimônio Líquido;0.0;S
09.305.994/0001-29;2025-09-30;1;AZUL S.A.;24112;DF Individual - Demonstração das Mutações do Patrimônio Líquido;REAL;MIL;ÚLTIMO;2025-01-01;2025-09-30;Patrimônio Líquido;5.06;Mutações Internas do Patrimônio Líquido;0.0;S
09.305.994/0001-29;2025-09-30;1;AZUL S.A.;24112;DF Individual - Demonstração das Mutações do Patrimônio Líquido;REAL;MIL;PENÚLTIMO;2024-01-01;2024-09-30;Capital Social Integralizado;5.06.01;Constituição de Reservas;0.0;S
09.305.994/0001-29;2025-09-30;1;AZUL S.A.;24112;DF Individual - Demonstração das Mutações do Patrimônio Líquido;REAL;MIL;ÚLTIMO;2025-01-01;2025-09-30;Capital Social Integralizado;5.06.01;Constituição de Reservas;0.0;S
09.305.994/0001-29;2025-09-30;1;AZUL S.A.;24112;DF Individual - Demonstração das Mutações do Patrimônio Líquido;REAL;MIL;PENÚLTIMO;2024-01-01;2024-09-30;Reservas de Capital, Opções Outorgadas e Ações em Tesouraria;5.06.01;Constituição de Reservas;0.0;S
09.305.994/0001-29;2025-09-30;1;AZUL S.A.;24112;DF Individual - Demonstração das Mutações do Patrimônio Líquido;REAL;MIL;ÚLTIMO;2025-01-01;2025-09-30;Reservas de Capital, Opções Outorgadas e Ações em Tesouraria;5.06.01;Constituição de Reservas;0.0;S
09.305.994/0001-29;2025-09-30;1;AZUL S.A.;24112;DF Individual - Demonstração das Mutações do Patrimônio Líquido;REAL;MIL;PENÚLTIMO;2024-01-01;2024-09-30;Reservas de Lucro;5.06.01;Constituição de Reservas;0.0;S
09.305.994/0001-29;2025-09-30;1;AZUL S.A.;24112;DF Individual - Demonstração das Mutações do Patrimônio Líquido;REAL;MIL;ÚLTIMO;2025-01-01;2025-09-30;Reservas de Lucro;5.06.01;Constituição de Reservas;0.0;S
09.305.994/0001-29;2025-09-30;1;AZUL S.A.;24112;DF Individual - Demonstração das Mutações do Patrimônio Líquido;REAL;MIL;PENÚLTIMO;2024-01-01;2024-09-30;Lucros ou Prejuízos Acumulados;5.06.01;Constituição de Reservas;0.0;S
09.305.994/0001-29;2025-09-30;1;AZUL S.A.;24112;DF Individual - Demonstração das Mutações do Patrimônio Líquido;REAL;MIL;ÚLTIMO;2025-01-01;2025-09-30;Lucros ou Prejuízos Acumulados;5.06.01;Constituição de Reservas;0.0;S
09.305.994/0001-29;2025-09-30;1;AZUL S.A.;24112;DF Individual - Demonstração das Mutações do Patrimônio Líquido;REAL;MIL;PENÚLTIMO;2024-01-01;2024-09-30;Outros Resultados Abrangentes;5.06.01;Constituição de Reservas;0.0;S
09.305.994/0001-29;2025-09-30;1;AZUL S.A.;24112;DF Individual - Demonstração das Mutações do Patrimônio Líquido;REAL;MIL;ÚLTIMO;2025-01-01;2025-09-30;Outros Resultados Abrangentes;5.06.01;Constituição de Reservas;0.0;S
09.305.994/0001-29;2025-09-30;1;AZUL S.A.;24112;DF Individual - Demonstração das Mutações do Patrimônio Líquido;REAL;MIL;PENÚLTIMO;2024-01-01;2024-09-30;Patrimônio Líquido;5.06.01;Constituição de Reservas;0.0;S
09.305.994/0001-29;2025-09-30;1;AZUL S.A.;24112;DF Individual - Demonstração das Mutações do Patrimônio Líquido;REAL;MIL;ÚLTIMO;2025-01-01;2025-09-30;Patrimônio Líquido;5.06.01;Constituição de Reservas;0.0;S
09.305.994/0001-29;2025-09-30;1;AZUL S.A.;24112;DF Individual - Demonstração das Mutações do Patrimônio Líquido;REAL;MIL;PENÚLTIMO;2024-01-01;2024-09-30;Capital Social Integralizado;5.06.02;Realização da Reserva Reavaliação;0.0;S
09.305.994/0001-29;2025-09-30;1;AZUL S.A.;24112;DF Individual - Demonstração das Mutações do Patrimônio Líquido;REAL;MIL;ÚLTIMO;2025-01-01;2025-09-30;Capital Social Integralizado;5.06.02;Realização da Reserva Reavaliação;0.0;S
09.305.994/0001-29;2025-09-30;1;AZUL S.A.;24112;DF Individual - Demonstração das Mutações do Patrimônio Líquido;REAL;MIL;PENÚLTIMO;2024-01-01;2024-09-30;Reservas de Capital, Opções Outorgadas e Ações em Tesouraria;5.06.02;Realização da Reserva Reavaliação;0.0;S
09.305.994/0001-29;2025-09-30;1;AZUL S.A.;24112;DF Individual - Demonstração das Mutações do Patrimônio Líquido;REAL;MIL;ÚLTIMO;2025-01-01;2025-09-30;Reservas de Capital, Opções Outorgadas e Ações em Tesouraria;5.06.02;Realização da Reserva Reavaliação;0.0;S
09.305.994/0001-29;2025-09-30;1;AZUL S.A.;24112;DF Individual - Demonstração das Mutações do Patrimônio Líquido;REAL;MIL;PENÚLTIMO;2024-01-01;2024-09-30;Reservas de Lucro;5.06.02;Realização da Reserva Reavaliação;0.0;S
09.305.994/0001-29;2025-09-30;1;AZUL S.A.;24112;DF Individual - Demonstração das Mutações do Patrimônio Líquido;REAL;MIL;ÚLTIMO;2025-01-01;2025-09-30;Reservas de Lucro;5.06.02;Realização da Reserva Reavaliação;0.0;S
09.305.994/0001-29;2025-09-30;1;AZUL S.A.;24112;DF Individual - Demonstração das Mutações do Patrimônio Líquido;REAL;MIL;PENÚLTIMO;2024-01-01;2024-09-30;Lucros ou Prejuízos Acumulados;5.06.02;Realização da Reserva Reavaliação;0.0;S
09.305.994/0001-29;2025-09-30;1;AZUL S.A.;24112;DF Individual - Demonstração das Mutações do Patrimônio Líquido;REAL;MIL;ÚLTIMO;2025-01-01;2025-09-30;Lucros ou Prejuízos Acumulados;5.06.02;Realização da Reserva Reavaliação;0.0;S
09.305.994/0001-29;2025-09-30;1;AZUL S.A.;24112;DF Individual - Demonstração das Mutações do Patrimônio Líquido;REAL;MIL;PENÚLTIMO;2024-01-01;2024-09-30;Outros Resultados Abrangentes;5.06.02;Realização da Reserva Reavaliação;0.0;S
09.305.994/0001-29;2025-09-30;1;AZUL S.A.;24112;DF Individual - Demonstração das Mutações do Patrimônio Líquido;REAL;MIL;ÚLTIMO;2025-01-01;2025-09-30;Outros Resultados Abrangentes;5.06.02;Realização da Reserva Reavaliação;0.0;S
09.305.994/0001-29;2025-09-30;1;AZUL S.A.;24112;DF Individual - Demonstração das Mutações do Patrimônio Líquido;REAL;MIL;PENÚLTIMO;2024-01-01;2024-09-30;Patrimônio Líquido;5.06.02;Realização da Reserva Reavaliação;0.0;S
09.305.994/0001-29;2025-09-30;1;AZUL S.A.;24112;DF Individual - Demonstração das Mutações do Patrimônio Líquido;REAL;MIL;ÚLTIMO;2025-01-01;2025-09-30;Patrimônio Líquido;5.06.02;Realização da Reserva Reavaliação;0.0;S
09.305.994/0001-29;2025-09-30;1;AZUL S.A.;24112;DF Individual - Demonstração das Mutações do Patrimônio Líquido;REAL;MIL;PENÚLTIMO;2024-01-01;2024-09-30;Capital Social Integralizado;5.06.03;Tributos sobre a Realização da Reserva de Reavaliação;0.0;S
09.305.994/0001-29;2025-09-30;1;AZUL S.A.;24112;DF Individual - Demonstração das Mutações do Patrimônio Líquido;REAL;MIL;ÚLTIMO;2025-01-01;2025-09-30;Capital Social Integralizado;5.06.03;Tributos sobre a Realização da Reserva de Reavaliação;0.0;S
09.305.994/0001-29;2025-09-30;1;AZUL S.A.;24112;DF Individual - Demonstração das Mutações do Patrimônio Líquido;REAL;MIL;PENÚLTIMO;2024-01-01;2024-09-30;Reservas de Capital, Opções Outorgadas e Ações em Tesouraria;5.06.03;Tributos sobre a Realização da Reserva de Reavaliação;0.0;S
09.305.994/0001-29;2025-09-30;1;AZUL S.A.;24112;DF Individual - Demonstração das Mutações do Patrimônio Líquido;REAL;MIL;ÚLTIMO;2025-01-01;2025-09-30;Reservas de Capital, Opções Outorgadas e Ações em Tesouraria;5.06.03;Tributos sobre a Realização da Reserva de Reavaliação;0.0;S
09.305.994/0001-29;2025-09-30;1;AZUL S.A.;24112;DF Individual - Demonstração das Mutações do Patrimônio Líquido;REAL;MIL;PENÚLTIMO;2024-01-01;2024-09-30;Reservas de Lucro;5.06.03;Tributos sobre a Realização da Reserva de Reavaliação;0.0;S
09.305.994/0001-29;2025-09-30;1;AZUL S.A.;24112;DF Individual - Demonstração das Mutações do Patrimônio Líquido;REAL;MIL;ÚLTIMO;2025-01-01;2025-09-30;Reservas de Lucro;5.06.03;Tributos sobre a Realização da Reserva de Reavaliação;0.0;S
09.305.994/0001-29;2025-09-30;1;AZUL S.A.;24112;DF Individual - Demonstração das Mutações do Patrimônio Líquido;REAL;MIL;PENÚLTIMO;2024-01-01;2024-09-30;Lucros ou Prejuízos Acumulados;5.06.03;Tributos sobre a Realização da Reserva de Reavaliação;0.0;S
09.305.994/0001-29;2025-09-30;1;AZUL S.A.;24112;DF Individual - Demonstração das Mutações do Patrimônio Líquido;REAL;MIL;ÚLTIMO;2025-01-01;2025-09-30;Lucros ou Prejuízos Acumulados;5.06.03;Tributos sobre a Realização da Reserva de Reavaliação;0.0;S
09.305.994/0001-29;2025-09-30;1;AZUL S.A.;24112;DF Individual - Demonstração das Mutações do Patrimônio Líquido;REAL;MIL;PENÚLTIMO;2024-01-01;2024-09-30;Outros Resultados Abrangentes;5.06.03;Tributos sobre a Realização da Reserva de Reavaliação;0.0;S
09.305.994/0001-29;2025-09-30;1;AZUL S.A.;24112;DF Individual - Demonstração das Mutações do Patrimônio Líquido;REAL;MIL;ÚLTIMO;2025-01-01;2025-09-30;Outros Resultados Abrangentes;5.06.03;Tributos sobre a Realização da Reserva de Reavaliação;0.0;S
09.305.994/0001-29;2025-09-30;1;AZUL S.A.;24112;DF Individual - Demonstração das Mutações do Patrimônio Líquido;REAL;MIL;PENÚLTIMO;2024-01-01;2024-09-30;Patrimônio Líquido;5.06.03;Tributos sobre a Realização da Reserva de Reavaliação;0.0;S
09.305.994/0001-29;2025-09-30;1;AZUL S.A.;24112;DF Individual - Demonstração das Mutações do Patrimônio Líquido;REAL;MIL;ÚLTIMO;2025-01-01;2025-09-30;Patrimônio Líquido;5.06.03;Tributos sobre a Realização da Reserva de Reavaliação;0.0;S
09.305.994/0001-29;2025-09-30;1;AZUL S.A.;24112;DF Individual - Demonstração das Mutações do Patrimônio Líquido;REAL;MIL;PENÚLTIMO;2024-01-01;2024-09-30;Capital Social Integralizado;5.07;Saldos Finais;2315628.0;S
09.305.994/0001-29;2025-09-30;1;AZUL S.A.;24112;DF Individual - Demonstração das Mutações do Patrimônio Líquido;REAL;MIL;ÚLTIMO;2025-01-01;2025-09-30;Capital Social Integralizado;5.07;Saldos Finais;7060825.0;S
09.305.994/0001-29;2025-09-30;1;AZUL S.A.;24112;DF Individual - Demonstração das Mutações do Patrimônio Líquido;REAL;MIL;PENÚLTIMO;2024-01-01;2024-09-30;Reservas de Capital, Opções Outorgadas e Ações em Tesouraria;5.07;Saldos Finais;2051128.0;S
09.305.994/0001-29;2025-09-30;1;AZUL S.A.;24112;DF Individual - Demonstração das Mutações do Patrimônio Líquido;REAL;MIL;ÚLTIMO;2025-01-01;2025-09-30;Reservas de Capital, Opções Outorgadas e Ações em Tesouraria;5.07;Saldos Finais;-1410139.0;S
09.305.994/0001-29;2025-09-30;1;AZUL S.A.;24112;DF Individual - Demonstração das Mutações do Patrimônio Líquido;REAL;MIL;PENÚLTIMO;2024-01-01;2024-09-30;Reservas de Lucro;5.07;Saldos Finais;0.0;S
09.305.994/0001-29;2025-09-30;1;AZUL S.A.;24112;DF Individual - Demonstração das Mutações do Patrimônio Líquido;REAL;MIL;ÚLTIMO;2025-01-01;2025-09-30;Reservas de Lucro;5.07;Saldos Finais;0.0;S
09.305.994/0001-29;2025-09-30;1;AZUL S.A.;24112;DF Individual - Demonstração das Mutações do Patrimônio Líquido;REAL;MIL;PENÚLTIMO;2024-01-01;2024-09-30;Lucros ou Prejuízos Acumulados;5.07;Saldos Finais;-30405857.0;S
09.305.994/0001-29;2025-09-30;1;AZUL S.A.;24112;DF Individual - Demonstração das Mutações do Patrimônio Líquido;REAL;MIL;ÚLTIMO;2025-01-01;2025-09-30;Lucros ou Prejuízos Acumulados;5.07;Saldos Finais;-33063343.0;S
09.305.994/0001-29;2025-09-30;1;AZUL S.A.;24112;DF Individual - Demonstração das Mutações do Patrimônio Líquido;REAL;MIL;PENÚLTIMO;2024-01-01;2024-09-30;Outros Resultados Abrangentes;5.07;Saldos Finais;3106.0;S
09.305.994/0001-29;2025-09-30;1;AZUL S.A.;24112;DF Individual - Demonstração das Mutações do Patrimônio Líquido;REAL;MIL;ÚLTIMO;2025-01-01;2025-09-30;Outros Resultados Abrangentes;5.07;Saldos Finais;5917.0;S
09.305.994/0001-29;2025-09-30;1;AZUL S.A.;24112;DF Individual - Demonstração das Mutações do Patrimônio Líquido;REAL;MIL;PENÚLTIMO;2024-01-01;2024-09-30;Patrimônio Líquido;5.07;Saldos Finais;-26035995.0;S
09.305.994/0001-29;2025-09-30;1;AZUL S.A.;24112;DF Individual - Demonstração das Mutações do Patrimônio Líquido;REAL;MIL;ÚLTIMO;2025-01-01;2025-09-30;Patrimônio Líquido;5.07;Saldos Finais;-27406740.0;S
