CNPJ_CIA;DT_REFER;VERSAO;DENOM_CIA;CD_CVM;GRUPO_DFP;MOEDA;ESCALA_MOEDA;ORDEM_EXERC;DT_INI_EXERC;DT_FIM_EXERC;COLUNA_DF;CD_CONTA;DS_CONTA;VL_CONTA;ST_CONTA_FIXA
09.305.994/0001-29;2024-12-31;1;AZUL S.A.;24112;DF Consolidado - Demonstração das Mutações do Patrimônio Líquido;REAL;MIL;PENÚLTIMO;2023-01-01;2023-12-31;Capital Social Integralizado;5.01;Saldos Iniciais;2314002.0;S
09.305.994/0001-29;2024-12-31;1;AZUL S.A.;24112;DF Consolidado - Demonstração das Mutações do Patrimônio Líquido;REAL;MIL;ÚLTIMO;2024-01-01;2024-12-31;Capital Social Integralizado;5.01;Saldos Iniciais;2315610.0;S
09.305.994/0001-29;2024-12-31;1;AZUL S.A.;24112;DF Consolidado - Demonstração das Mutações do Patrimônio Líquido;REAL;MIL;PENÚLTIMO;2023-01-01;2023-12-31;Reservas de Capital, Opções Outorgadas e Ações em Tesouraria;5.01;Saldos Iniciais;1959894.0;S
09.305.994/0001-29;2024-12-31;1;AZUL S.A.;24112;DF Consolidado - Demonstração das Mutações do Patrimônio Líquido;REAL;MIL;ÚLTIMO;2024-01-01;2024-12-31;Reservas de Capital, Opções Outorgadas e Ações em Tesouraria;5.01;Saldos Iniciais;2020569.0;S
09.305.994/0001-29;2024-12-31;1;AZUL S.A.;24112;DF Consolidado - Demonstração das Mutações do Patrimônio Líquido;REAL;MIL;PENÚLTIMO;2023-01-01;2023-12-31;Reservas de Lucro;5.01;Saldos Iniciais;0.0;S
09.305.994/0001-29;2024-12-31;1;AZUL S.A.;24112;DF Consolidado - Demonstração das Mutações do Patrimônio Líquido;REAL;MIL;ÚLTIMO;2024-01-01;2024-12-31;Reservas de Lucro;5.01;Saldos Iniciais;0.0;S
09.305.994/0001-29;2024-12-31;1;AZUL S.A.;24112;DF Consolidado - Demonstração das Mutações do Patrimônio Líquido;REAL;MIL;PENÚLTIMO;2023-01-01;2023-12-31;Lucros ou Prejuízos Acumulados;5.01;Saldos Iniciais;-23286677.0;S
09.305.994/0001-29;2024-12-31;1;AZUL S.A.;24112;DF Consolidado - Demonstração das Mutações do Patrimônio Líquido;REAL;MIL;ÚLTIMO;2024-01-01;2024-12-31;Lucros ou Prejuízos Acumulados;5.01;Saldos Iniciais;-25667133.0;S
09.305.994/0001-29;2024-12-31;1;AZUL S.A.;24112;DF Consolidado - Demonstração das Mutações do Patrimônio Líquido;REAL;MIL;PENÚLTIMO;2023-01-01;2023-12-31;Outros Resultados Abrangentes;5.01;Saldos Iniciais;5281.0;S
09.305.994/0001-29;2024-12-31;1;AZUL S.A.;24112;DF Consolidado - Demonstração das Mutações do Patrimônio Líquido;REAL;MIL;ÚLTIMO;2024-01-01;2024-12-31;Outros Resultados Abrangentes;5.01;Saldos Iniciais;3106.0;S
09.305.994/0001-29;2024-12-31;1;AZUL S.A.;24112;DF Consolidado - Demonstração das Mutações do Patrimônio Líquido;REAL;MIL;PENÚLTIMO;2023-01-01;2023-12-31;Patrimônio Líquido;5.01;Saldos Iniciais;-19007500.0;S
09.305.994/0001-29;2024-12-31;1;AZUL S.A.;24112;DF Consolidado - Demonstração das Mutações do Patrimônio Líquido;REAL;MIL;ÚLTIMO;2024-01-01;2024-12-31;Patrimônio Líquido;5.01;Saldos Iniciais;-21327848.0;S
09.305.994/0001-29;2024-12-31;1;AZUL S.A.;24112;DF Consolidado - Demonstração das Mutações do Patrimônio Líquido;REAL;MIL;PENÚLTIMO;2023-01-01;2023-12-31;Participação dos Não Controladores;5.01;Saldos Iniciais;0.0;S
09.305.994/0001-29;2024-12-31;1;AZUL S.A.;24112;DF Consolidado - Demonstração das Mutações do Patrimônio Líquido;REAL;MIL;ÚLTIMO;2024-01-01;2024-12-31;Participação dos Não Controladores;5.01;Saldos Iniciais;0.0;S
09.305.994/0001-29;2024-12-31;1;AZUL S.A.;24112;DF Consolidado - Demonstração das Mutações do Patrimônio Líquido;REAL;MIL;PENÚLTIMO;2023-01-01;2023-12-31;Patrimônio Líquido Consolidado;5.01;Saldos Iniciais;-19007500.0;S
09.305.994/0001-29;2024-12-31;1;AZUL S.A.;24112;DF Consolidado - Demonstração das Mutações do Patrimônio Líquido;REAL;MIL;ÚLTIMO;2024-01-01;2024-12-31;Patrimônio Líquido Consolidado;5.01;Saldos Iniciais;-21327848.0;S
09.305.994/0001-29;2024-12-31;1;AZUL S.A.;24112;DF Consolidado - Demonstração das Mutações do Patrimônio Líquido;REAL;MIL;PENÚLTIMO;2023-01-01;2023-12-31;Capital Social Integralizado;5.02;Ajustes de Exercícios Anteriores;0.0;S
09.305.994/0001-29;2024-12-31;1;AZUL S.A.;24112;DF Consolidado - Demonstração das Mutações do Patrimônio Líquido;REAL;MIL;ÚLTIMO;2024-01-01;2024-12-31;Capital Social Integralizado;5.02;Ajustes de Exercícios Anteriores;0.0;S
09.305.994/0001-29;2024-12-31;1;AZUL S.A.;24112;DF Consolidado - Demonstração das Mutações do Patrimônio Líquido;REAL;MIL;PENÚLTIMO;2023-01-01;2023-12-31;Reservas de Capital, Opções Outorgadas e Ações em Tesouraria;5.02;Ajustes de Exercícios Anteriores;0.0;S
09.305.994/0001-29;2024-12-31;1;AZUL S.A.;24112;DF Consolidado - Demonstração das Mutações do Patrimônio Líquido;REAL;MIL;ÚLTIMO;2024-01-01;2024-12-31;Reservas de Capital, Opções Outorgadas e Ações em Tesouraria;5.02;Ajustes de Exercícios Anteriores;0.0;S
09.305.994/0001-29;2024-12-31;1;AZUL S.A.;24112;DF Consolidado - Demonstração das Mutações do Patrimônio Líquido;REAL;MIL;PENÚLTIMO;2023-01-01;2023-12-31;Reservas de Lucro;5.02;Ajustes de Exercícios Anteriores;0.0;S
09.305.994/0001-29;2024-12-31;1;AZUL S.A.;24112;DF Consolidado - Demonstração das Mutações do Patrimônio Líquido;REAL;MIL;ÚLTIMO;2024-01-01;2024-12-31;Reservas de Lucro;5.02;Ajustes de Exercícios Anteriores;0.0;S
09.305.994/0001-29;2024-12-31;1;AZUL S.A.;24112;DF Consolidado - Demonstração das Mutações do Patrimônio Líquido;REAL;MIL;PENÚLTIMO;2023-01-01;2023-12-31;Lucros ou Prejuízos Acumulados;5.02;Ajustes de Exercícios Anteriores;0.0;S
09.305.994/0001-29;2024-12-31;1;AZUL S.A.;24112;DF Consolidado - Demonstração das Mutações do Patrimônio Líquido;REAL;MIL;ÚLTIMO;2024-01-01;2024-12-31;Lucros ou Prejuízos Acumulados;5.02;Ajustes de Exercícios Anteriores;0.0;S
09.305.994/0001-29;2024-12-31;1;AZUL S.A.;24112;DF Consolidado - Demonstração das Mutações do Patrimônio Líquido;REAL;MIL;PENÚLTIMO;2023-01-01;2023-12-31;Outros Resultados Abrangentes;5.02;Ajustes de Exercícios Anteriores;0.0;S
09.305.994/0001-29;2024-12-31;1;AZUL S.A.;24112;DF Consolidado - Demonstração das Mutações do Patrimônio Líquido;REAL;MIL;ÚLTIMO;2024-01-01;2024-12-31;Outros Resultados Abrangentes;5.02;Ajustes de Exercícios Anteriores;0.0;S
09.305.994/0001-29;2024-12-31;1;AZUL S.A.;24112;DF Consolidado - Demonstração das Mutações do Patrimônio Líquido;REAL;MIL;PENÚLTIMO;2023-01-01;2023-12-31;Patrimônio Líquido;5.02;Ajustes de Exercícios Anteriores;0.0;S
09.305.994/0001-29;2024-12-31;1;AZUL S.A.;24112;DF Consolidado - Demonstração das Mutações do Patrimônio Líquido;REAL;MIL;ÚLTIMO;2024-01-01;2024-12-31;Patrimônio Líquido;5.02;Ajustes de Exercícios Anteriores;0.0;S
09.305.994/0001-29;2024-12-31;1;AZUL S.A.;24112;DF Consolidado - Demonstração das Mutações do Patrimônio Líquido;REAL;MIL;PENÚLTIMO;2023-01-01;2023-12-31;Participação dos Não Controladores;5.02;Ajustes de Exercícios Anteriores;0.0;S
09.305.994/0001-29;2024-12-31;1;AZUL S.A.;24112;DF Consolidado - Demonstração das Mutações do Patrimônio Líquido;REAL;MIL;ÚLTIMO;2024-01-01;2024-12-31;Participação dos Não Controladores;5.02;Ajustes de Exercícios Anteriores;0.0;S
09.305.994/0001-29;2024-12-31;1;AZUL S.A.;24112;DF Consolidado - Demonstração das Mutações do Patrimônio Líquido;REAL;MIL;PENÚLTIMO;2023-01-01;2023-12-31;Patrimônio Líquido Consolidado;5.02;Ajustes de Exercícios Anteriores;0.0;S
09.305.994/0001-29;2024-12-31;1;AZUL S.A.;24112;DF Consolidado - Demonstração das Mutações do Patrimônio Líquido;REAL;MIL;ÚLTIMO;2024-01-01;2024-12-31;Patrimônio Líquido Consolidado;5.02;Ajustes de Exercícios Anteriores;0.0;S
09.305.994/0001-29;2024-12-31;1;AZUL S.A.;24112;DF Consolidado - Demonstração das Mutações do Patrimônio Líquido;REAL;MIL;PENÚLTIMO;2023-01-01;2023-12-31;Capital Social Integralizado;5.03;Saldos Iniciais Ajustados;2314002.0;S
09.305.994/0001-29;2024-12-31;1;AZUL S.A.;24112;DF Consolidado - Demonstração das Mutações do Patrimônio Líquido;REAL;MIL;ÚLTIMO;2024-01-01;2024-12-31;Capital Social Integralizado;5.03;Saldos Iniciais Ajustados;2315610.0;S
09.305.994/0001-29;2024-12-31;1;AZUL S.A.;24112;DF Consolidado - Demonstração das Mutações do Patrimônio Líquido;REAL;MIL;PENÚLTIMO;2023-01-01;2023-12-31;Reservas de Capital, Opções Outorgadas e Ações em Tesouraria;5.03;Saldos Iniciais Ajustados;1959894.0;S
09.305.994/0001-29;2024-12-31;1;AZUL S.A.;24112;DF Consolidado - Demonstração das Mutações do Patrimônio Líquido;REAL;MIL;ÚLTIMO;2024-01-01;2024-12-31;Reservas de Capital, Opções Outorgadas e Ações em Tesouraria;5.03;Saldos Iniciais Ajustados;2020569.0;S
09.305.994/0001-29;2024-12-31;1;AZUL S.A.;24112;DF Consolidado - Demonstração das Mutações do Patrimônio Líquido;REAL;MIL;PENÚLTIMO;2023-01-01;2023-12-31;Reservas de Lucro;5.03;Saldos Iniciais Ajustados;0.0;S
09.305.994/0001-29;2024-12-31;1;AZUL S.A.;24112;DF Consolidado - Demonstração das Mutações do Patrimônio Líquido;REAL;MIL;ÚLTIMO;2024-01-01;2024-12-31;Reservas de Lucro;5.03;Saldos Iniciais Ajustados;0.0;S
09.305.994/0001-29;2024-12-31;1;AZUL S.A.;24112;DF Consolidado - Demonstração das Mutações do Patrimônio Líquido;REAL;MIL;PENÚLTIMO;2023-01-01;2023-12-31;Lucros ou Prejuízos Acumulados;5.03;Saldos Iniciais Ajustados;-23286677.0;S
09.305.994/0001-29;2024-12-31;1;AZUL S.A.;24112;DF Consolidado - Demonstração das Mutações do Patrimônio Líquido;REAL;MIL;ÚLTIMO;2024-01-01;2024-12-31;Lucros ou Prejuízos Acumulados;5.03;Saldos Iniciais Ajustados;-25667133.0;S
09.305.994/0001-29;2024-12-31;1;AZUL S.A.;24112;DF Consolidado - Demonstração das Mutações do Patrimônio Líquido;REAL;MIL;PENÚLTIMO;2023-01-01;2023-12-31;Outros Resultados Abrangentes;5.03;Saldos Iniciais Ajustados;5281.0;S
09.305.994/0001-29;2024-12-31;1;AZUL S.A.;24112;DF Consolidado - Demonstração das Mutações do Patrimônio Líquido;REAL;MIL;ÚLTIMO;2024-01-01;2024-12-31;Outros Resultados Abrangentes;5.03;Saldos Iniciais Ajustados;3106.0;S
09.305.994/0001-29;2024-12-31;1;AZUL S.A.;24112;DF Consolidado - Demonstração das Mutações do Patrimônio Líquido;REAL;MIL;PENÚLTIMO;2023-01-01;2023-12-31;Patrimônio Líquido;5.03;Saldos Iniciais Ajustados;-19007500.0;S
09.305.994/0001-29;2024-12-31;1;AZUL S.A.;24112;DF Consolidado - Demonstração das Mutações do Patrimônio Líquido;REAL;MIL;ÚLTIMO;2024-01-01;2024-12-31;Patrimônio Líquido;5.03;Saldos Iniciais Ajustados;-21327848.0;S
09.305.994/0001-29;2024-12-31;1;AZUL S.A.;24112;DF Consolidado - Demonstração das Mutações do Patrimônio Líquido;REAL;MIL;PENÚLTIMO;2023-01-01;2023-12-31;Participação dos Não Controladores;5.03;Saldos Iniciais Ajustados;0.0;S
09.305.994/0001-29;2024-12-31;1;AZUL S.A.;24112;DF Consolidado - Demonstração das Mutações do Patrimônio Líquido;REAL;MIL;ÚLTIMO;2024-01-01;2024-12-31;Participação dos Não Controladores;5.03;Saldos Iniciais Ajustados;0.0;S
09.305.994/0001-29;2024-12-31;1;AZUL S.A.;24112;DF Consolidado - Demonstração das Mutações do Patrimônio Líquido;REAL;MIL;PENÚLTIMO;2023-01-01;2023-12-31;Patrimônio Líquido Consolidado;5.03;Saldos Iniciais Ajustados;-19007500.0;S
09.305.994/0001-29;2024-12-31;1;AZUL S.A.;24112;DF Consolidado - Demonstração das Mutações do Patrimônio Líquido;REAL;MIL;ÚLTIMO;2024-01-01;2024-12-31;Patrimônio Líquido Consolidado;5.03;Saldos Iniciais Ajustados;-21327848.0;S
09.305.994/0001-29;2024-12-31;1;AZUL S.A.;24112;DF Consolidado - Demonstração das Mutações do Patrimônio Líquido;REAL;MIL;PENÚLTIMO;2023-01-01;2023-12-31;Capital Social Integralizado;5.04;Transações de Capital com os Sócios;1608.0;S
09.305.994/0001-29;2024-12-31;1;AZUL S.A.;24112;DF Consolidado - Demonstração das Mutações do Patrimônio Líquido;REAL;MIL;ÚLTIMO;2024-01-01;2024-12-31;Capital Social Integralizado;5.04;Transações de Capital com os Sócios;18.0;S
09.305.994/0001-29;2024-12-31;1;AZUL S.A.;24112;DF Consolidado - Demonstração das Mutações do Patrimônio Líquido;REAL;MIL;PENÚLTIMO;2023-01-01;2023-12-31;Reservas de Capital, Opções Outorgadas e Ações em Tesouraria;5.04;Transações de Capital com os Sócios;60675.0;S
09.305.994/0001-29;2024-12-31;1;AZUL S.A.;24112;DF Consolidado - Demonstração das Mutações do Patrimônio Líquido;REAL;MIL;ÚLTIMO;2024-01-01;2024-12-31;Reservas de Capital, Opções Outorgadas e Ações em Tesouraria;5.04;Transações de Capital com os Sócios;41120.0;S
09.305.994/0001-29;2024-12-31;1;AZUL S.A.;24112;DF Consolidado - Demonstração das Mutações do Patrimônio Líquido;REAL;MIL;PENÚLTIMO;2023-01-01;2023-12-31;Reservas de Lucro;5.04;Transações de Capital com os Sócios;0.0;S
09.305.994/0001-29;2024-12-31;1;AZUL S.A.;24112;DF Consolidado - Demonstração das Mutações do Patrimônio Líquido;REAL;MIL;ÚLTIMO;2024-01-01;2024-12-31;Reservas de Lucro;5.04;Transações de Capital com os Sócios;0.0;S
09.305.994/0001-29;2024-12-31;1;AZUL S.A.;24112;DF Consolidado - Demonstração das Mutações do Patrimônio Líquido;REAL;MIL;PENÚLTIMO;2023-01-01;2023-12-31;Lucros ou Prejuízos Acumulados;5.04;Transações de Capital com os Sócios;0.0;S
09.305.994/0001-29;2024-12-31;1;AZUL S.A.;24112;DF Consolidado - Demonstração das Mutações do Patrimônio Líquido;REAL;MIL;ÚLTIMO;2024-01-01;2024-12-31;Lucros ou Prejuízos Acumulados;5.04;Transações de Capital com os Sócios;0.0;S
09.305.994/0001-29;2024-12-31;1;AZUL S.A.;24112;DF Consolidado - Demonstração das Mutações do Patrimônio Líquido;REAL;MIL;PENÚLTIMO;2023-01-01;2023-12-31;Outros Resultados Abrangentes;5.04;Transações de Capital com os Sócios;0.0;S
09.305.994/0001-29;2024-12-31;1;AZUL S.A.;24112;DF Consolidado - Demonstração das Mutações do Patrimônio Líquido;REAL;MIL;ÚLTIMO;2024-01-01;2024-12-31;Outros Resultados Abrangentes;5.04;Transações de Capital com os Sócios;0.0;S
09.305.994/0001-29;2024-12-31;1;AZUL S.A.;24112;DF Consolidado - Demonstração das Mutações do Patrimônio Líquido;REAL;MIL;PENÚLTIMO;2023-01-01;2023-12-31;Patrimônio Líquido;5.04;Transações de Capital com os Sócios;62283.0;S
09.305.994/0001-29;2024-12-31;1;AZUL S.A.;24112;DF Consolidado - Demonstração das Mutações do Patrimônio Líquido;REAL;MIL;ÚLTIMO;2024-01-01;2024-12-31;Patrimônio Líquido;5.04;Transações de Capital com os Sócios;41138.0;S
09.305.994/0001-29;2024-12-31;1;AZUL S.A.;24112;DF Consolidado - Demonstração das Mutações do Patrimônio Líquido;REAL;MIL;PENÚLTIMO;2023-01-01;2023-12-31;Participação dos Não Controladores;5.04;Transações de Capital com os Sócios;0.0;S
09.305.994/0001-29;2024-12-31;1;AZUL S.A.;24112;DF Consolidado - Demonstração das Mutações do Patrimônio Líquido;REAL;MIL;ÚLTIMO;2024-01-01;2024-12-31;Participação dos Não Controladores;5.04;Transações de Capital com os Sócios;0.0;S
09.305.994/0001-29;2024-12-31;1;AZUL S.A.;24112;DF Consolidado - Demonstração das Mutações do Patrimônio Líquido;REAL;MIL;PENÚLTIMO;2023-01-01;2023-12-31;Patrimônio Líquido Consolidado;5.04;Transações de Capital com os Sócios;62283.0;S
09.305.994/0001-29;2024-12-31;1;AZUL S.A.;24112;DF Consolidado - Demonstração das Mutações do Patrimônio Líquido;REAL;MIL;ÚLTIMO;2024-01-01;2024-12-31;Patrimônio Líquido Consolidado;5.04;Transações de Capital com os Sócios;41138.0;S
09.305.994/0001-29;2024-12-31;1;AZUL S.A.;24112;DF Consolidado - Demonstração das Mutações do Patrimônio Líquido;REAL;MIL;PENÚLTIMO;2023-01-01;2023-12-31;Capital Social Integralizado;5.04.01;Aumentos de Capital;0.0;S
09.305.994/0001-29;2024-12-31;1;AZUL S.A.;24112;DF Consolidado - Demonstração das Mutações do Patrimônio Líquido;REAL;MIL;ÚLTIMO;2024-01-01;2024-12-31;Capital Social Integralizado;5.04.01;Aumentos de Capital;0.0;S
09.305.994/0001-29;2024-12-31;1;AZUL S.A.;24112;DF Consolidado - Demonstração das Mutações do Patrimônio Líquido;REAL;MIL;PENÚLTIMO;2023-01-01;2023-12-31;Reservas de Capital, Opções Outorgadas e Ações em Tesouraria;5.04.01;Aumentos de Capital;0.0;S
09.305.994/0001-29;2024-12-31;1;AZUL S.A.;24112;DF Consolidado - Demonstração das Mutações do Patrimônio Líquido;REAL;MIL;ÚLTIMO;2024-01-01;2024-12-31;Reservas de Capital, Opções Outorgadas e Ações em Tesouraria;5.04.01;Aumentos de Capital;0.0;S
09.305.994/0001-29;2024-12-31;1;AZUL S.A.;24112;DF Consolidado - Demonstração das Mutações do Patrimônio Líquido;REAL;MIL;PENÚLTIMO;2023-01-01;2023-12-31;Reservas de Lucro;5.04.01;Aumentos de Capital;0.0;S
09.305.994/0001-29;2024-12-31;1;AZUL S.A.;24112;DF Consolidado - Demonstração das Mutações do Patrimônio Líquido;REAL;MIL;ÚLTIMO;2024-01-01;2024-12-31;Reservas de Lucro;5.04.01;Aumentos de Capital;0.0;S
09.305.994/0001-29;2024-12-31;1;AZUL S.A.;24112;DF Consolidado - Demonstração das Mutações do Patrimônio Líquido;REAL;MIL;PENÚLTIMO;2023-01-01;2023-12-31;Lucros ou Prejuízos Acumulados;5.04.01;Aumentos de Capital;0.0;S
09.305.994/0001-29;2024-12-31;1;AZUL S.A.;24112;DF Consolidado - Demonstração das Mutações do Patrimônio Líquido;REAL;MIL;ÚLTIMO;2024-01-01;2024-12-31;Lucros ou Prejuízos Acumulados;5.04.01;Aumentos de Capital;0.0;S
09.305.994/0001-29;2024-12-31;1;AZUL S.A.;24112;DF Consolidado - Demonstração das Mutações do Patrimônio Líquido;REAL;MIL;PENÚLTIMO;2023-01-01;2023-12-31;Outros Resultados Abrangentes;5.04.01;Aumentos de Capital;0.0;S
09.305.994/0001-29;2024-12-31;1;AZUL S.A.;24112;DF Consolidado - Demonstração das Mutações do Patrimônio Líquido;REAL;MIL;ÚLTIMO;2024-01-01;2024-12-31;Outros Resultados Abrangentes;5.04.01;Aumentos de Capital;0.0;S
09.305.994/0001-29;2024-12-31;1;AZUL S.A.;24112;DF Consolidado - Demonstração das Mutações do Patrimônio Líquido;REAL;MIL;PENÚLTIMO;2023-01-01;2023-12-31;Patrimônio Líquido;5.04.01;Aumentos de Capital;0.0;S
09.305.994/0001-29;2024-12-31;1;AZUL S.A.;24112;DF Consolidado - Demonstração das Mutações do Patrimônio Líquido;REAL;MIL;ÚLTIMO;2024-01-01;2024-12-31;Patrimônio Líquido;5.04.01;Aumentos de Capital;0.0;S
09.305.994/0001-29;2024-12-31;1;AZUL S.A.;24112;DF Consolidado - Demonstração das Mutações do Patrimônio Líquido;REAL;MIL;PENÚLTIMO;2023-01-01;2023-12-31;Participação dos Não Controladores;5.04.01;Aumentos de Capital;0.0;S
09.305.994/0001-29;2024-12-31;1;AZUL S.A.;24112;DF Consolidado - Demonstração das Mutações do Patrimônio Líquido;REAL;MIL;ÚLTIMO;2024-01-01;2024-12-31;Participação dos Não Controladores;5.04.01;Aumentos de Capital;0.0;S
09.305.994/0001-29;2024-12-31;1;AZUL S.A.;24112;DF Consolidado - Demonstração das Mutações do Patrimônio Líquido;REAL;MIL;PENÚLTIMO;2023-01-01;2023-12-31;Patrimônio Líquido Consolidado;5.04.01;Aumentos de Capital;0.0;S
09.305.994/0001-29;2024-12-31;1;AZUL S.A.;24112;DF Consolidado - Demonstração das Mutações do Patrimônio Líquido;REAL;MIL;ÚLTIMO;2024-01-01;2024-12-31;Patrimônio Líquido Consolidado;5.04.01;Aumentos de Capital;0.0;S
09.305.994/0001-29;2024-12-31;1;AZUL S.A.;24112;DF Consolidado - Demonstração das Mutações do Patrimônio Líquido;REAL;MIL;PENÚLTIMO;2023-01-01;2023-12-31;Capital Social Integralizado;5.04.02;Gastos com Emissão de Ações;0.0;S
09.305.994/0001-29;2024-12-31;1;AZUL S.A.;24112;DF Consolidado - Demonstração das Mutações do Patrimônio Líquido;REAL;MIL;ÚLTIMO;2024-01-01;2024-12-31;Capital Social Integralizado;5.04.02;Gastos com Emissão de Ações;0.0;S
09.305.994/0001-29;2024-12-31;1;AZUL S.A.;24112;DF Consolidado - Demonstração das Mutações do Patrimônio Líquido;REAL;MIL;PENÚLTIMO;2023-01-01;2023-12-31;Reservas de Capital, Opções Outorgadas e Ações em Tesouraria;5.04.02;Gastos com Emissão de Ações;0.0;S
09.305.994/0001-29;2024-12-31;1;AZUL S.A.;24112;DF Consolidado - Demonstração das Mutações do Patrimônio Líquido;REAL;MIL;ÚLTIMO;2024-01-01;2024-12-31;Reservas de Capital, Opções Outorgadas e Ações em Tesouraria;5.04.02;Gastos com Emissão de Ações;0.0;S
09.305.994/0001-29;2024-12-31;1;AZUL S.A.;24112;DF Consolidado - Demonstração das Mutações do Patrimônio Líquido;REAL;MIL;PENÚLTIMO;2023-01-01;2023-12-31;Reservas de Lucro;5.04.02;Gastos com Emissão de Ações;0.0;S
09.305.994/0001-29;2024-12-31;1;AZUL S.A.;24112;DF Consolidado - Demonstração das Mutações do Patrimônio Líquido;REAL;MIL;ÚLTIMO;2024-01-01;2024-12-31;Reservas de Lucro;5.04.02;Gastos com Emissão de Ações;0.0;S
09.305.994/0001-29;2024-12-31;1;AZUL S.A.;24112;DF Consolidado - Demonstração das Mutações do Patrimônio Líquido;REAL;MIL;PENÚLTIMO;2023-01-01;2023-12-31;Lucros ou Prejuízos Acumulados;5.04.02;Gastos com Emissão de Ações;0.0;S
09.305.994/0001-29;2024-12-31;1;AZUL S.A.;24112;DF Consolidado - Demonstração das Mutações do Patrimônio Líquido;REAL;MIL;ÚLTIMO;2024-01-01;2024-12-31;Lucros ou Prejuízos Acumulados;5.04.02;Gastos com Emissão de Ações;0.0;S
09.305.994/0001-29;2024-12-31;1;AZUL S.A.;24112;DF Consolidado - Demonstração das Mutações do Patrimônio Líquido;REAL;MIL;PENÚLTIMO;2023-01-01;2023-12-31;Outros Resultados Abrangentes;5.04.02;Gastos com Emissão de Ações;0.0;S
09.305.994/0001-29;2024-12-31;1;AZUL S.A.;24112;DF Consolidado - Demonstração das Mutações do Patrimônio Líquido;REAL;MIL;ÚLTIMO;2024-01-01;2024-12-31;Outros Resultados Abrangentes;5.04.02;Gastos com Emissão de Ações;0.0;S
09.305.994/0001-29;2024-12-31;1;AZUL S.A.;24112;DF Consolidado - Demonstração das Mutações do Patrimônio Líquido;REAL;MIL;PENÚLTIMO;2023-01-01;2023-12-31;Patrimônio Líquido;5.04.02;Gastos com Emissão de Ações;0.0;S
09.305.994/0001-29;2024-12-31;1;AZUL S.A.;24112;DF Consolidado - Demonstração das Mutações do Patrimônio Líquido;REAL;MIL;ÚLTIMO;2024-01-01;2024-12-31;Patrimônio Líquido;5.04.02;Gastos com Emissão de Ações;0.0;S
09.305.994/0001-29;2024-12-31;1;AZUL S.A.;24112;DF Consolidado - Demonstração das Mutações do Patrimônio Líquido;REAL;MIL;PENÚLTIMO;2023-01-01;2023-12-31;Participação dos Não Controladores;5.04.02;Gastos com Emissão de Ações;0.0;S
09.305.994/0001-29;2024-12-31;1;AZUL S.A.;24112;DF Consolidado - Demonstração das Mutações do Patrimônio Líquido;REAL;MIL;ÚLTIMO;2024-01-01;2024-12-31;Participação dos Não Controladores;5.04.02;Gastos com Emissão de Ações;0.0;S
09.305.994/0001-29;2024-12-31;1;AZUL S.A.;24112;DF Consolidado - Demonstração das Mutações do Patrimônio Líquido;REAL;MIL;PENÚLTIMO;2023-01-01;2023-12-31;Patrimônio Líquido Consolidado;5.04.02;Gastos com Emissão de Ações;0.0;S
09.305.994/0001-29;2024-12-31;1;AZUL S.A.;24112;DF Consolidado - Demonstração das Mutações do Patrimônio Líquido;REAL;MIL;ÚLTIMO;2024-01-01;2024-12-31;Patrimônio Líquido Consolidado;5.04.02;Gastos com Emissão de Ações;0.0;S
09.305.994/0001-29;2024-12-31;1;AZUL S.A.;24112;DF Consolidado - Demonstração das Mutações do Patrimônio Líquido;REAL;MIL;PENÚLTIMO;2023-01-01;2023-12-31;Capital Social Integralizado;5.04.03;Opções Outorgadas Reconhecidas;1608.0;S
09.305.994/0001-29;2024-12-31;1;AZUL S.A.;24112;DF Consolidado - Demonstração das Mutações do Patrimônio Líquido;REAL;MIL;ÚLTIMO;2024-01-01;2024-12-31;Capital Social Integralizado;5.04.03;Opções Outorgadas Reconhecidas;18.0;S
09.305.994/0001-29;2024-12-31;1;AZUL S.A.;24112;DF Consolidado - Demonstração das Mutações do Patrimônio Líquido;REAL;MIL;PENÚLTIMO;2023-01-01;2023-12-31;Reservas de Capital, Opções Outorgadas e Ações em Tesouraria;5.04.03;Opções Outorgadas Reconhecidas;59512.0;S
09.305.994/0001-29;2024-12-31;1;AZUL S.A.;24112;DF Consolidado - Demonstração das Mutações do Patrimônio Líquido;REAL;MIL;ÚLTIMO;2024-01-01;2024-12-31;Reservas de Capital, Opções Outorgadas e Ações em Tesouraria;5.04.03;Opções Outorgadas Reconhecidas;43716.0;S
09.305.994/0001-29;2024-12-31;1;AZUL S.A.;24112;DF Consolidado - Demonstração das Mutações do Patrimônio Líquido;REAL;MIL;PENÚLTIMO;2023-01-01;2023-12-31;Reservas de Lucro;5.04.03;Opções Outorgadas Reconhecidas;0.0;S
09.305.994/0001-29;2024-12-31;1;AZUL S.A.;24112;DF Consolidado - Demonstração das Mutações do Patrimônio Líquido;REAL;MIL;ÚLTIMO;2024-01-01;2024-12-31;Reservas de Lucro;5.04.03;Opções Outorgadas Reconhecidas;0.0;S
09.305.994/0001-29;2024-12-31;1;AZUL S.A.;24112;DF Consolidado - Demonstração das Mutações do Patrimônio Líquido;REAL;MIL;PENÚLTIMO;2023-01-01;2023-12-31;Lucros ou Prejuízos Acumulados;5.04.03;Opções Outorgadas Reconhecidas;0.0;S
09.305.994/0001-29;2024-12-31;1;AZUL S.A.;24112;DF Consolidado - Demonstração das Mutações do Patrimônio Líquido;REAL;MIL;ÚLTIMO;2024-01-01;2024-12-31;Lucros ou Prejuízos Acumulados;5.04.03;Opções Outorgadas Reconhecidas;0.0;S
09.305.994/0001-29;2024-12-31;1;AZUL S.A.;24112;DF Consolidado - Demonstração das Mutações do Patrimônio Líquido;REAL;MIL;PENÚLTIMO;2023-01-01;2023-12-31;Outros Resultados Abrangentes;5.04.03;Opções Outorgadas Reconhecidas;0.0;S
09.305.994/0001-29;2024-12-31;1;AZUL S.A.;24112;DF Consolidado - Demonstração das Mutações do Patrimônio Líquido;REAL;MIL;ÚLTIMO;2024-01-01;2024-12-31;Outros Resultados Abrangentes;5.04.03;Opções Outorgadas Reconhecidas;0.0;S
09.305.994/0001-29;2024-12-31;1;AZUL S.A.;24112;DF Consolidado - Demonstração das Mutações do Patrimônio Líquido;REAL;MIL;PENÚLTIMO;2023-01-01;2023-12-31;Patrimônio Líquido;5.04.03;Opções Outorgadas Reconhecidas;61120.0;S
09.305.994/0001-29;2024-12-31;1;AZUL S.A.;24112;DF Consolidado - Demonstração das Mutações do Patrimônio Líquido;REAL;MIL;ÚLTIMO;2024-01-01;2024-12-31;Patrimônio Líquido;5.04.03;Opções Outorgadas Reconhecidas;43734.0;S
09.305.994/0001-29;2024-12-31;1;AZUL S.A.;24112;DF Consolidado - Demonstração das Mutações do Patrimônio Líquido;REAL;MIL;PENÚLTIMO;2023-01-01;2023-12-31;Participação dos Não Controladores;5.04.03;Opções Outorgadas Reconhecidas;0.0;S
09.305.994/0001-29;2024-12-31;1;AZUL S.A.;24112;DF Consolidado - Demonstração das Mutações do Patrimônio Líquido;REAL;MIL;ÚLTIMO;2024-01-01;2024-12-31;Participação dos Não Controladores;5.04.03;Opções Outorgadas Reconhecidas;0.0;S
09.305.994/0001-29;2024-12-31;1;AZUL S.A.;24112;DF Consolidado - Demonstração das Mutações do Patrimônio Líquido;REAL;MIL;PENÚLTIMO;2023-01-01;2023-12-31;Patrimônio Líquido Consolidado;5.04.03;Opções Outorgadas Reconhecidas;61120.0;S
09.305.994/0001-29;2024-12-31;1;AZUL S.A.;24112;DF Consolidado - Demonstração das Mutações do Patrimônio Líquido;REAL;MIL;ÚLTIMO;2024-01-01;2024-12-31;Patrimônio Líquido Consolidado;5.04.03;Opções Outorgadas Reconhecidas;43734.0;S
09.305.994/0001-29;2024-12-31;1;AZUL S.A.;24112;DF Consolidado - Demonstração das Mutações do Patrimônio Líquido;REAL;MIL;PENÚLTIMO;2023-01-01;2023-12-31;Capital Social Integralizado;5.04.04;Ações em Tesouraria Adquiridas;0.0;S
09.305.994/0001-29;2024-12-31;1;AZUL S.A.;24112;DF Consolidado - Demonstração das Mutações do Patrimônio Líquido;REAL;MIL;ÚLTIMO;2024-01-01;2024-12-31;Capital Social Integralizado;5.04.04;Ações em Tesouraria Adquiridas;0.0;S
09.305.994/0001-29;2024-12-31;1;AZUL S.A.;24112;DF Consolidado - Demonstração das Mutações do Patrimônio Líquido;REAL;MIL;PENÚLTIMO;2023-01-01;2023-12-31;Reservas de Capital, Opções Outorgadas e Ações em Tesouraria;5.04.04;Ações em Tesouraria Adquiridas;1163.0;S
09.305.994/0001-29;2024-12-31;1;AZUL S.A.;24112;DF Consolidado - Demonstração das Mutações do Patrimônio Líquido;REAL;MIL;ÚLTIMO;2024-01-01;2024-12-31;Reservas de Capital, Opções Outorgadas e Ações em Tesouraria;5.04.04;Ações em Tesouraria Adquiridas;-2596.0;S
09.305.994/0001-29;2024-12-31;1;AZUL S.A.;24112;DF Consolidado - Demonstração das Mutações do Patrimônio Líquido;REAL;MIL;PENÚLTIMO;2023-01-01;2023-12-31;Reservas de Lucro;5.04.04;Ações em Tesouraria Adquiridas;0.0;S
09.305.994/0001-29;2024-12-31;1;AZUL S.A.;24112;DF Consolidado - Demonstração das Mutações do Patrimônio Líquido;REAL;MIL;ÚLTIMO;2024-01-01;2024-12-31;Reservas de Lucro;5.04.04;Ações em Tesouraria Adquiridas;0.0;S
09.305.994/0001-29;2024-12-31;1;AZUL S.A.;24112;DF Consolidado - Demonstração das Mutações do Patrimônio Líquido;REAL;MIL;PENÚLTIMO;2023-01-01;2023-12-31;Lucros ou Prejuízos Acumulados;5.04.04;Ações em Tesouraria Adquiridas;0.0;S
09.305.994/0001-29;2024-12-31;1;AZUL S.A.;24112;DF Consolidado - Demonstração das Mutações do Patrimônio Líquido;REAL;MIL;ÚLTIMO;2024-01-01;2024-12-31;Lucros ou Prejuízos Acumulados;5.04.04;Ações em Tesouraria Adquiridas;0.0;S
09.305.994/0001-29;2024-12-31;1;AZUL S.A.;24112;DF Consolidado - Demonstração das Mutações do Patrimônio Líquido;REAL;MIL;PENÚLTIMO;2023-01-01;2023-12-31;Outros Resultados Abrangentes;5.04.04;Ações em Tesouraria Adquiridas;0.0;S
09.305.994/0001-29;2024-12-31;1;AZUL S.A.;24112;DF Consolidado - Demonstração das Mutações do Patrimônio Líquido;REAL;MIL;ÚLTIMO;2024-01-01;2024-12-31;Outros Resultados Abrangentes;5.04.04;Ações em Tesouraria Adquiridas;0.0;S
09.305.994/0001-29;2024-12-31;1;AZUL S.A.;24112;DF Consolidado - Demonstração das Mutações do Patrimônio Líquido;REAL;MIL;PENÚLTIMO;2023-01-01;2023-12-31;Patrimônio Líquido;5.04.04;Ações em Tesouraria Adquiridas;1163.0;S
09.305.994/0001-29;2024-12-31;1;AZUL S.A.;24112;DF Consolidado - Demonstração das Mutações do Patrimônio Líquido;REAL;MIL;ÚLTIMO;2024-01-01;2024-12-31;Patrimônio Líquido;5.04.04;Ações em Tesouraria Adquiridas;-2596.0;S
09.305.994/0001-29;2024-12-31;1;AZUL S.A.;24112;DF Consolidado - Demonstração das Mutações do Patrimônio Líquido;REAL;MIL;PENÚLTIMO;2023-01-01;2023-12-31;Participação dos Não Controladores;5.04.04;Ações em Tesouraria Adquiridas;0.0;S
09.305.994/0001-29;2024-12-31;1;AZUL S.A.;24112;DF Consolidado - Demonstração das Mutações do Patrimônio Líquido;REAL;MIL;ÚLTIMO;2024-01-01;2024-12-31;Participação dos Não Controladores;5.04.04;Ações em Tesouraria Adquiridas;0.0;S
09.305.994/0001-29;2024-12-31;1;AZUL S.A.;24112;DF Consolidado - Demonstração das Mutações do Patrimônio Líquido;REAL;MIL;PENÚLTIMO;2023-01-01;2023-12-31;Patrimônio Líquido Consolidado;5.04.04;Ações em Tesouraria Adquiridas;1163.0;S
09.305.994/0001-29;2024-12-31;1;AZUL S.A.;24112;DF Consolidado - Demonstração das Mutações do Patrimônio Líquido;REAL;MIL;ÚLTIMO;2024-01-01;2024-12-31;Patrimônio Líquido Consolidado;5.04.04;Ações em Tesouraria Adquiridas;-2596.0;S
09.305.994/0001-29;2024-12-31;1;AZUL S.A.;24112;DF Consolidado - Demonstração das Mutações do Patrimônio Líquido;REAL;MIL;PENÚLTIMO;2023-01-01;2023-12-31;Capital Social Integralizado;5.04.05;Ações em Tesouraria Vendidas;0.0;S
09.305.994/0001-29;2024-12-31;1;AZUL S.A.;24112;DF Consolidado - Demonstração das Mutações do Patrimônio Líquido;REAL;MIL;ÚLTIMO;2024-01-01;2024-12-31;Capital Social Integralizado;5.04.05;Ações em Tesouraria Vendidas;0.0;S
09.305.994/0001-29;2024-12-31;1;AZUL S.A.;24112;DF Consolidado - Demonstração das Mutações do Patrimônio Líquido;REAL;MIL;PENÚLTIMO;2023-01-01;2023-12-31;Reservas de Capital, Opções Outorgadas e Ações em Tesouraria;5.04.05;Ações em Tesouraria Vendidas;0.0;S
09.305.994/0001-29;2024-12-31;1;AZUL S.A.;24112;DF Consolidado - Demonstração das Mutações do Patrimônio Líquido;REAL;MIL;ÚLTIMO;2024-01-01;2024-12-31;Reservas de Capital, Opções Outorgadas e Ações em Tesouraria;5.04.05;Ações em Tesouraria Vendidas;0.0;S
09.305.994/0001-29;2024-12-31;1;AZUL S.A.;24112;DF Consolidado - Demonstração das Mutações do Patrimônio Líquido;REAL;MIL;PENÚLTIMO;2023-01-01;2023-12-31;Reservas de Lucro;5.04.05;Ações em Tesouraria Vendidas;0.0;S
09.305.994/0001-29;2024-12-31;1;AZUL S.A.;24112;DF Consolidado - Demonstração das Mutações do Patrimônio Líquido;REAL;MIL;ÚLTIMO;2024-01-01;2024-12-31;Reservas de Lucro;5.04.05;Ações em Tesouraria Vendidas;0.0;S
09.305.994/0001-29;2024-12-31;1;AZUL S.A.;24112;DF Consolidado - Demonstração das Mutações do Patrimônio Líquido;REAL;MIL;PENÚLTIMO;2023-01-01;2023-12-31;Lucros ou Prejuízos Acumulados;5.04.05;Ações em Tesouraria Vendidas;0.0;S
09.305.994/0001-29;2024-12-31;1;AZUL S.A.;24112;DF Consolidado - Demonstração das Mutações do Patrimônio Líquido;REAL;MIL;ÚLTIMO;2024-01-01;2024-12-31;Lucros ou Prejuízos Acumulados;5.04.05;Ações em Tesouraria Vendidas;0.0;S
09.305.994/0001-29;2024-12-31;1;AZUL S.A.;24112;DF Consolidado - Demonstração das Mutações do Patrimônio Líquido;REAL;MIL;PENÚLTIMO;2023-01-01;2023-12-31;Outros Resultados Abrangentes;5.04.05;Ações em Tesouraria Vendidas;0.0;S
09.305.994/0001-29;2024-12-31;1;AZUL S.A.;24112;DF Consolidado - Demonstração das Mutações do Patrimônio Líquido;REAL;MIL;ÚLTIMO;2024-01-01;2024-12-31;Outros Resultados Abrangentes;5.04.05;Ações em Tesouraria Vendidas;0.0;S
09.305.994/0001-29;2024-12-31;1;AZUL S.A.;24112;DF Consolidado - Demonstração das Mutações do Patrimônio Líquido;REAL;MIL;PENÚLTIMO;2023-01-01;2023-12-31;Patrimônio Líquido;5.04.05;Ações em Tesouraria Vendidas;0.0;S
09.305.994/0001-29;2024-12-31;1;AZUL S.A.;24112;DF Consolidado - Demonstração das Mutações do Patrimônio Líquido;REAL;MIL;ÚLTIMO;2024-01-01;2024-12-31;Patrimônio Líquido;5.04.05;Ações em Tesouraria Vendidas;0.0;S
09.305.994/0001-29;2024-12-31;1;AZUL S.A.;24112;DF Consolidado - Demonstração das Mutações do Patrimônio Líquido;REAL;MIL;PENÚLTIMO;2023-01-01;2023-12-31;Participação dos Não Controladores;5.04.05;Ações em Tesouraria Vendidas;0.0;S
09.305.994/0001-29;2024-12-31;1;AZUL S.A.;24112;DF Consolidado - Demonstração das Mutações do Patrimônio Líquido;REAL;MIL;ÚLTIMO;2024-01-01;2024-12-31;Participação dos Não Controladores;5.04.05;Ações em Tesouraria Vendidas;0.0;S
09.305.994/0001-29;2024-12-31;1;AZUL S.A.;24112;DF Consolidado - Demonstração das Mutações do Patrimônio Líquido;REAL;MIL;PENÚLTIMO;2023-01-01;2023-12-31;Patrimônio Líquido Consolidado;5.04.05;Ações em Tesouraria Vendidas;0.0;S
09.305.994/0001-29;2024-12-31;1;AZUL S.A.;24112;DF Consolidado - Demonstração das Mutações do Patrimônio Líquido;REAL;MIL;ÚLTIMO;2024-01-01;2024-12-31;Patrimônio Líquido Consolidado;5.04.05;Ações em Tesouraria Vendidas;0.0;S
09.305.994/0001-29;2024-12-31;1;AZUL S.A.;24112;DF Consolidado - Demonstração das Mutações do Patrimônio Líquido;REAL;MIL;PENÚLTIMO;2023-01-01;2023-12-31;Capital Social Integralizado;5.04.06;Dividendos;0.0;S
09.305.994/0001-29;2024-12-31;1;AZUL S.A.;24112;DF Consolidado - Demonstração das Mutações do Patrimônio Líquido;REAL;MIL;ÚLTIMO;2024-01-01;2024-12-31;Capital Social Integralizado;5.04.06;Dividendos;0.0;S
09.305.994/0001-29;2024-12-31;1;AZUL S.A.;24112;DF Consolidado - Demonstração das Mutações do Patrimônio Líquido;REAL;MIL;PENÚLTIMO;2023-01-01;2023-12-31;Reservas de Capital, Opções Outorgadas e Ações em Tesouraria;5.04.06;Dividendos;0.0;S
09.305.994/0001-29;2024-12-31;1;AZUL S.A.;24112;DF Consolidado - Demonstração das Mutações do Patrimônio Líquido;REAL;MIL;ÚLTIMO;2024-01-01;2024-12-31;Reservas de Capital, Opções Outorgadas e Ações em Tesouraria;5.04.06;Dividendos;0.0;S
09.305.994/0001-29;2024-12-31;1;AZUL S.A.;24112;DF Consolidado - Demonstração das Mutações do Patrimônio Líquido;REAL;MIL;PENÚLTIMO;2023-01-01;2023-12-31;Reservas de Lucro;5.04.06;Dividendos;0.0;S
09.305.994/0001-29;2024-12-31;1;AZUL S.A.;24112;DF Consolidado - Demonstração das Mutações do Patrimônio Líquido;REAL;MIL;ÚLTIMO;2024-01-01;2024-12-31;Reservas de Lucro;5.04.06;Dividendos;0.0;S
09.305.994/0001-29;2024-12-31;1;AZUL S.A.;24112;DF Consolidado - Demonstração das Mutações do Patrimônio Líquido;REAL;MIL;PENÚLTIMO;2023-01-01;2023-12-31;Lucros ou Prejuízos Acumulados;5.04.06;Dividendos;0.0;S
09.305.994/0001-29;2024-12-31;1;AZUL S.A.;24112;DF Consolidado - Demonstração das Mutações do Patrimônio Líquido;REAL;MIL;ÚLTIMO;2024-01-01;2024-12-31;Lucros ou Prejuízos Acumulados;5.04.06;Dividendos;0.0;S
09.305.994/0001-29;2024-12-31;1;AZUL S.A.;24112;DF Consolidado - Demonstração das Mutações do Patrimônio Líquido;REAL;MIL;PENÚLTIMO;2023-01-01;2023-12-31;Outros Resultados Abrangentes;5.04.06;Dividendos;0.0;S
09.305.994/0001-29;2024-12-31;1;AZUL S.A.;24112;DF Consolidado - Demonstração das Mutações do Patrimônio Líquido;REAL;MIL;ÚLTIMO;2024-01-01;2024-12-31;Outros Resultados Abrangentes;5.04.06;Dividendos;0.0;S
09.305.994/0001-29;2024-12-31;1;AZUL S.A.;24112;DF Consolidado - Demonstração das Mutações do Patrimônio Líquido;REAL;MIL;PENÚLTIMO;2023-01-01;2023-12-31;Patrimônio Líquido;5.04.06;Dividendos;0.0;S
09.305.994/0001-29;2024-12-31;1;AZUL S.A.;24112;DF Consolidado - Demonstração das Mutações do Patrimônio Líquido;REAL;MIL;ÚLTIMO;2024-01-01;2024-12-31;Patrimônio Líquido;5.04.06;Dividendos;0.0;S
09.305.994/0001-29;2024-12-31;1;AZUL S.A.;24112;DF Consolidado - Demonstração das Mutações do Patrimônio Líquido;REAL;MIL;PENÚLTIMO;2023-01-01;2023-12-31;Participação dos Não Controladores;5.04.06;Dividendos;0.0;S
09.305.994/0001-29;2024-12-31;1;AZUL S.A.;24112;DF Consolidado - Demonstração das Mutações do Patrimônio Líquido;REAL;MIL;ÚLTIMO;2024-01-01;2024-12-31;Participação dos Não Controladores;5.04.06;Dividendos;0.0;S
09.305.994/0001-29;2024-12-31;1;AZUL S.A.;24112;DF Consolidado - Demonstração das Mutações do Patrimônio Líquido;REAL;MIL;PENÚLTIMO;2023-01-01;2023-12-31;Patrimônio Líquido Consolidado;5.04.06;Dividendos;0.0;S
09.305.994/0001-29;2024-12-31;1;AZUL S.A.;24112;DF Consolidado - Demonstração das Mutações do Patrimônio Líquido;REAL;MIL;ÚLTIMO;2024-01-01;2024-12-31;Patrimônio Líquido Consolidado;5.04.06;Dividendos;0.0;S
09.305.994/0001-29;2024-12-31;1;AZUL S.A.;24112;DF Consolidado - Demonstração das Mutações do Patrimônio Líquido;REAL;MIL;PENÚLTIMO;2023-01-01;2023-12-31;Capital Social Integralizado;5.04.07;Juros sobre Capital Próprio;0.0;S
09.305.994/0001-29;2024-12-31;1;AZUL S.A.;24112;DF Consolidado - Demonstração das Mutações do Patrimônio Líquido;REAL;MIL;ÚLTIMO;2024-01-01;2024-12-31;Capital Social Integralizado;5.04.07;Juros sobre Capital Próprio;0.0;S
09.305.994/0001-29;2024-12-31;1;AZUL S.A.;24112;DF Consolidado - Demonstração das Mutações do Patrimônio Líquido;REAL;MIL;PENÚLTIMO;2023-01-01;2023-12-31;Reservas de Capital, Opções Outorgadas e Ações em Tesouraria;5.04.07;Juros sobre Capital Próprio;0.0;S
09.305.994/0001-29;2024-12-31;1;AZUL S.A.;24112;DF Consolidado - Demonstração das Mutações do Patrimônio Líquido;REAL;MIL;ÚLTIMO;2024-01-01;2024-12-31;Reservas de Capital, Opções Outorgadas e Ações em Tesouraria;5.04.07;Juros sobre Capital Próprio;0.0;S
09.305.994/0001-29;2024-12-31;1;AZUL S.A.;24112;DF Consolidado - Demonstração das Mutações do Patrimônio Líquido;REAL;MIL;PENÚLTIMO;2023-01-01;2023-12-31;Reservas de Lucro;5.04.07;Juros sobre Capital Próprio;0.0;S
09.305.994/0001-29;2024-12-31;1;AZUL S.A.;24112;DF Consolidado - Demonstração das Mutações do Patrimônio Líquido;REAL;MIL;ÚLTIMO;2024-01-01;2024-12-31;Reservas de Lucro;5.04.07;Juros sobre Capital Próprio;0.0;S
09.305.994/0001-29;2024-12-31;1;AZUL S.A.;24112;DF Consolidado - Demonstração das Mutações do Patrimônio Líquido;REAL;MIL;PENÚLTIMO;2023-01-01;2023-12-31;Lucros ou Prejuízos Acumulados;5.04.07;Juros sobre Capital Próprio;0.0;S
09.305.994/0001-29;2024-12-31;1;AZUL S.A.;24112;DF Consolidado - Demonstração das Mutações do Patrimônio Líquido;REAL;MIL;ÚLTIMO;2024-01-01;2024-12-31;Lucros ou Prejuízos Acumulados;5.04.07;Juros sobre Capital Próprio;0.0;S
09.305.994/0001-29;2024-12-31;1;AZUL S.A.;24112;DF Consolidado - Demonstração das Mutações do Patrimônio Líquido;REAL;MIL;PENÚLTIMO;2023-01-01;2023-12-31;Outros Resultados Abrangentes;5.04.07;Juros sobre Capital Próprio;0.0;S
09.305.994/0001-29;2024-12-31;1;AZUL S.A.;24112;DF Consolidado - Demonstração das Mutações do Patrimônio Líquido;REAL;MIL;ÚLTIMO;2024-01-01;2024-12-31;Outros Resultados Abrangentes;5.04.07;Juros sobre Capital Próprio;0.0;S
09.305.994/0001-29;2024-12-31;1;AZUL S.A.;24112;DF Consolidado - Demonstração das Mutações do Patrimônio Líquido;REAL;MIL;PENÚLTIMO;2023-01-01;2023-12-31;Patrimônio Líquido;5.04.07;Juros sobre Capital Próprio;0.0;S
09.305.994/0001-29;2024-12-31;1;AZUL S.A.;24112;DF Consolidado - Demonstração das Mutações do Patrimônio Líquido;REAL;MIL;ÚLTIMO;2024-01-01;2024-12-31;Patrimônio Líquido;5.04.07;Juros sobre Capital Próprio;0.0;S
09.305.994/0001-29;2024-12-31;1;AZUL S.A.;24112;DF Consolidado - Demonstração das Mutações do Patrimônio Líquido;REAL;MIL;PENÚLTIMO;2023-01-01;2023-12-31;Participação dos Não Controladores;5.04.07;Juros sobre Capital Próprio;0.0;S
09.305.994/0001-29;2024-12-31;1;AZUL S.A.;24112;DF Consolidado - Demonstração das Mutações do Patrimônio Líquido;REAL;MIL;ÚLTIMO;2024-01-01;2024-12-31;Participação dos Não Controladores;5.04.07;Juros sobre Capital Próprio;0.0;S
09.305.994/0001-29;2024-12-31;1;AZUL S.A.;24112;DF Consolidado - Demonstração das Mutações do Patrimônio Líquido;REAL;MIL;PENÚLTIMO;2023-01-01;2023-12-31;Patrimônio Líquido Consolidado;5.04.07;Juros sobre Capital Próprio;0.0;S
09.305.994/0001-29;2024-12-31;1;AZUL S.A.;24112;DF Consolidado - Demonstração das Mutações do Patrimônio Líquido;REAL;MIL;ÚLTIMO;2024-01-01;2024-12-31;Patrimônio Líquido Consolidado;5.04.07;Juros sobre Capital Próprio;0.0;S
09.305.994/0001-29;2024-12-31;1;AZUL S.A.;24112;DF Consolidado - Demonstração das Mutações do Patrimônio Líquido;REAL;MIL;PENÚLTIMO;2023-01-01;2023-12-31;Capital Social Integralizado;5.04.08;Adiantamento para futuro aumento de capital;0.0;N
09.305.994/0001-29;2024-12-31;1;AZUL S.A.;24112;DF Consolidado - Demonstração das Mutações do Patrimônio Líquido;REAL;MIL;PENÚLTIMO;2023-01-01;2023-12-31;Reservas de Capital, Opções Outorgadas e Ações em Tesouraria;5.04.08;Adiantamento para futuro aumento de capital;0.0;N
09.305.994/0001-29;2024-12-31;1;AZUL S.A.;24112;DF Consolidado - Demonstração das Mutações do Patrimônio Líquido;REAL;MIL;PENÚLTIMO;2023-01-01;2023-12-31;Reservas de Lucro;5.04.08;Adiantamento para futuro aumento de capital;0.0;N
09.305.994/0001-29;2024-12-31;1;AZUL S.A.;24112;DF Consolidado - Demonstração das Mutações do Patrimônio Líquido;REAL;MIL;PENÚLTIMO;2023-01-01;2023-12-31;Lucros ou Prejuízos Acumulados;5.04.08;Adiantamento para futuro aumento de capital;0.0;N
09.305.994/0001-29;2024-12-31;1;AZUL S.A.;24112;DF Consolidado - Demonstração das Mutações do Patrimônio Líquido;REAL;MIL;PENÚLTIMO;2023-01-01;2023-12-31;Outros Resultados Abrangentes;5.04.08;Adiantamento para futuro aumento de capital;0.0;N
09.305.994/0001-29;2024-12-31;1;AZUL S.A.;24112;DF Consolidado - Demonstração das Mutações do Patrimônio Líquido;REAL;MIL;PENÚLTIMO;2023-01-01;2023-12-31;Patrimônio Líquido;5.04.08;Adiantamento para futuro aumento de capital;0.0;N
09.305.994/0001-29;2024-12-31;1;AZUL S.A.;24112;DF Consolidado - Demonstração das Mutações do Patrimônio Líquido;REAL;MIL;PENÚLTIMO;2023-01-01;2023-12-31;Participação dos Não Controladores;5.04.08;Adiantamento para futuro aumento de capital;0.0;N
09.305.994/0001-29;2024-12-31;1;AZUL S.A.;24112;DF Consolidado - Demonstração das Mutações do Patrimônio Líquido;REAL;MIL;PENÚLTIMO;2023-01-01;2023-12-31;Patrimônio Líquido Consolidado;5.04.08;Adiantamento para futuro aumento de capital;0.0;N
09.305.994/0001-29;2024-12-31;1;AZUL S.A.;24112;DF Consolidado - Demonstração das Mutações do Patrimônio Líquido;REAL;MIL;PENÚLTIMO;2023-01-01;2023-12-31;Capital Social Integralizado;5.05;Resultado Abrangente Total;0.0;S
09.305.994/0001-29;2024-12-31;1;AZUL S.A.;24112;DF Consolidado - Demonstração das Mutações do Patrimônio Líquido;REAL;MIL;ÚLTIMO;2024-01-01;2024-12-31;Capital Social Integralizado;5.05;Resultado Abrangente Total;0.0;S
09.305.994/0001-29;2024-12-31;1;AZUL S.A.;24112;DF Consolidado - Demonstração das Mutações do Patrimônio Líquido;REAL;MIL;PENÚLTIMO;2023-01-01;2023-12-31;Reservas de Capital, Opções Outorgadas e Ações em Tesouraria;5.05;Resultado Abrangente Total;0.0;S
09.305.994/0001-29;2024-12-31;1;AZUL S.A.;24112;DF Consolidado - Demonstração das Mutações do Patrimônio Líquido;REAL;MIL;ÚLTIMO;2024-01-01;2024-12-31;Reservas de Capital, Opções Outorgadas e Ações em Tesouraria;5.05;Resultado Abrangente Total;0.0;S
09.305.994/0001-29;2024-12-31;1;AZUL S.A.;24112;DF Consolidado - Demonstração das Mutações do Patrimônio Líquido;REAL;MIL;PENÚLTIMO;2023-01-01;2023-12-31;Reservas de Lucro;5.05;Resultado Abrangente Total;0.0;S
09.305.994/0001-29;2024-12-31;1;AZUL S.A.;24112;DF Consolidado - Demonstração das Mutações do Patrimônio Líquido;REAL;MIL;ÚLTIMO;2024-01-01;2024-12-31;Reservas de Lucro;5.05;Resultado Abrangente Total;0.0;S
09.305.994/0001-29;2024-12-31;1;AZUL S.A.;24112;DF Consolidado - Demonstração das Mutações do Patrimônio Líquido;REAL;MIL;PENÚLTIMO;2023-01-01;2023-12-31;Lucros ou Prejuízos Acumulados;5.05;Resultado Abrangente Total;-2380456.0;S
09.305.994/0001-29;2024-12-31;1;AZUL S.A.;24112;DF Consolidado - Demonstração das Mutações do Patrimônio Líquido;REAL;MIL;ÚLTIMO;2024-01-01;2024-12-31;Lucros ou Prejuízos Acumulados;5.05;Resultado Abrangente Total;-9151371.0;S
09.305.994/0001-29;2024-12-31;1;AZUL S.A.;24112;DF Consolidado - Demonstração das Mutações do Patrimônio Líquido;REAL;MIL;PENÚLTIMO;2023-01-01;2023-12-31;Outros Resultados Abrangentes;5.05;Resultado Abrangente Total;-2175.0;S
09.305.994/0001-29;2024-12-31;1;AZUL S.A.;24112;DF Consolidado - Demonstração das Mutações do Patrimônio Líquido;REAL;MIL;ÚLTIMO;2024-01-01;2024-12-31;Outros Resultados Abrangentes;5.05;Resultado Abrangente Total;2811.0;S
09.305.994/0001-29;2024-12-31;1;AZUL S.A.;24112;DF Consolidado - Demonstração das Mutações do Patrimônio Líquido;REAL;MIL;PENÚLTIMO;2023-01-01;2023-12-31;Patrimônio Líquido;5.05;Resultado Abrangente Total;-2382631.0;S
09.305.994/0001-29;2024-12-31;1;AZUL S.A.;24112;DF Consolidado - Demonstração das Mutações do Patrimônio Líquido;REAL;MIL;ÚLTIMO;2024-01-01;2024-12-31;Patrimônio Líquido;5.05;Resultado Abrangente Total;-9148560.0;S
09.305.994/0001-29;2024-12-31;1;AZUL S.A.;24112;DF Consolidado - Demonstração das Mutações do Patrimônio Líquido;REAL;MIL;PENÚLTIMO;2023-01-01;2023-12-31;Participação dos Não Controladores;5.05;Resultado Abrangente Total;0.0;S
09.305.994/0001-29;2024-12-31;1;AZUL S.A.;24112;DF Consolidado - Demonstração das Mutações do Patrimônio Líquido;REAL;MIL;ÚLTIMO;2024-01-01;2024-12-31;Participação dos Não Controladores;5.05;Resultado Abrangente Total;0.0;S
09.305.994/0001-29;2024-12-31;1;AZUL S.A.;24112;DF Consolidado - Demonstração das Mutações do Patrimônio Líquido;REAL;MIL;PENÚLTIMO;2023-01-01;2023-12-31;Patrimônio Líquido Consolidado;5.05;Resultado Abrangente Total;-2382631.0;S
09.305.994/0001-29;2024-12-31;1;AZUL S.A.;24112;DF Consolidado - Demonstração das Mutações do Patrimônio Líquido;REAL;MIL;ÚLTIMO;2024-01-01;2024-12-31;Patrimônio Líquido Consolidado;5.05;Resultado Abrangente Total;-9148560.0;S
09.305.994/0001-29;2024-12-31;1;AZUL S.A.;24112;DF Consolidado - Demonstração das Mutações do Patrimônio Líquido;REAL;MIL;PENÚLTIMO;2023-01-01;2023-12-31;Capital Social Integralizado;5.05.01;Lucro Líquido do Período;0.0;S
09.305.994/0001-29;2024-12-31;1;AZUL S.A.;24112;DF Consolidado - Demonstração das Mutações do Patrimônio Líquido;REAL;MIL;ÚLTIMO;2024-01-01;2024-12-31;Capital Social Integralizado;5.05.01;Lucro Líquido do Período;0.0;S
09.305.994/0001-29;2024-12-31;1;AZUL S.A.;24112;DF Consolidado - Demonstração das Mutações do Patrimônio Líquido;REAL;MIL;PENÚLTIMO;2023-01-01;2023-12-31;Reservas de Capital, Opções Outorgadas e Ações em Tesouraria;5.05.01;Lucro Líquido do Período;0.0;S
09.305.994/0001-29;2024-12-31;1;AZUL S.A.;24112;DF Consolidado - Demonstração das Mutações do Patrimônio Líquido;REAL;MIL;ÚLTIMO;2024-01-01;2024-12-31;Reservas de Capital, Opções Outorgadas e Ações em Tesouraria;5.05.01;Lucro Líquido do Período;0.0;S
09.305.994/0001-29;2024-12-31;1;AZUL S.A.;24112;DF Consolidado - Demonstração das Mutações do Patrimônio Líquido;REAL;MIL;PENÚLTIMO;2023-01-01;2023-12-31;Reservas de Lucro;5.05.01;Lucro Líquido do Período;0.0;S
09.305.994/0001-29;2024-12-31;1;AZUL S.A.;24112;DF Consolidado - Demonstração das Mutações do Patrimônio Líquido;REAL;MIL;ÚLTIMO;2024-01-01;2024-12-31;Reservas de Lucro;5.05.01;Lucro Líquido do Período;0.0;S
09.305.994/0001-29;2024-12-31;1;AZUL S.A.;24112;DF Consolidado - Demonstração das Mutações do Patrimônio Líquido;REAL;MIL;PENÚLTIMO;2023-01-01;2023-12-31;Lucros ou Prejuízos Acumulados;5.05.01;Lucro Líquido do Período;-2380456.0;S
09.305.994/0001-29;2024-12-31;1;AZUL S.A.;24112;DF Consolidado - Demonstração das Mutações do Patrimônio Líquido;REAL;MIL;ÚLTIMO;2024-01-01;2024-12-31;Lucros ou Prejuízos Acumulados;5.05.01;Lucro Líquido do Período;-9151371.0;S
09.305.994/0001-29;2024-12-31;1;AZUL S.A.;24112;DF Consolidado - Demonstração das Mutações do Patrimônio Líquido;REAL;MIL;PENÚLTIMO;2023-01-01;2023-12-31;Outros Resultados Abrangentes;5.05.01;Lucro Líquido do Período;0.0;S
09.305.994/0001-29;2024-12-31;1;AZUL S.A.;24112;DF Consolidado - Demonstração das Mutações do Patrimônio Líquido;REAL;MIL;ÚLTIMO;2024-01-01;2024-12-31;Outros Resultados Abrangentes;5.05.01;Lucro Líquido do Período;0.0;S
09.305.994/0001-29;2024-12-31;1;AZUL S.A.;24112;DF Consolidado - Demonstração das Mutações do Patrimônio Líquido;REAL;MIL;PENÚLTIMO;2023-01-01;2023-12-31;Patrimônio Líquido;5.05.01;Lucro Líquido do Período;-2380456.0;S
09.305.994/0001-29;2024-12-31;1;AZUL S.A.;24112;DF Consolidado - Demonstração das Mutações do Patrimônio Líquido;REAL;MIL;ÚLTIMO;2024-01-01;2024-12-31;Patrimônio Líquido;5.05.01;Lucro Líquido do Período;-9151371.0;S
09.305.994/0001-29;2024-12-31;1;AZUL S.A.;24112;DF Consolidado - Demonstração das Mutações do Patrimônio Líquido;REAL;MIL;PENÚLTIMO;2023-01-01;2023-12-31;Participação dos Não Controladores;5.05.01;Lucro Líquido do Período;0.0;S
09.305.994/0001-29;2024-12-31;1;AZUL S.A.;24112;DF Consolidado - Demonstração das Mutações do Patrimônio Líquido;REAL;MIL;ÚLTIMO;2024-01-01;2024-12-31;Participação dos Não Controladores;5.05.01;Lucro Líquido do Período;0.0;S
09.305.994/0001-29;2024-12-31;1;AZUL S.A.;24112;DF Consolidado - Demonstração das Mutações do Patrimônio Líquido;REAL;MIL;PENÚLTIMO;2023-01-01;2023-12-31;Patrimônio Líquido Consolidado;5.05.01;Lucro Líquido do Período;-2380456.0;S
09.305.994/0001-29;2024-12-31;1;AZUL S.A.;24112;DF Consolidado - Demonstração das Mutações do Patrimônio Líquido;REAL;MIL;ÚLTIMO;2024-01-01;2024-12-31;Patrimônio Líquido Consolidado;5.05.01;Lucro Líquido do Período;-9151371.0;S
09.305.994/0001-29;2024-12-31;1;AZUL S.A.;24112;DF Consolidado - Demonstração das Mutações do Patrimônio Líquido;REAL;MIL;PENÚLTIMO;2023-01-01;2023-12-31;Capital Social Integralizado;5.05.02;Outros Resultados Abrangentes;0.0;S
09.305.994/0001-29;2024-12-31;1;AZUL S.A.;24112;DF Consolidado - Demonstração das Mutações do Patrimônio Líquido;REAL;MIL;ÚLTIMO;2024-01-01;2024-12-31;Capital Social Integralizado;5.05.02;Outros Resultados Abrangentes;0.0;S
09.305.994/0001-29;2024-12-31;1;AZUL S.A.;24112;DF Consolidado - Demonstração das Mutações do Patrimônio Líquido;REAL;MIL;PENÚLTIMO;2023-01-01;2023-12-31;Reservas de Capital, Opções Outorgadas e Ações em Tesouraria;5.05.02;Outros Resultados Abrangentes;0.0;S
09.305.994/0001-29;2024-12-31;1;AZUL S.A.;24112;DF Consolidado - Demonstração das Mutações do Patrimônio Líquido;REAL;MIL;ÚLTIMO;2024-01-01;2024-12-31;Reservas de Capital, Opções Outorgadas e Ações em Tesouraria;5.05.02;Outros Resultados Abrangentes;0.0;S
09.305.994/0001-29;2024-12-31;1;AZUL S.A.;24112;DF Consolidado - Demonstração das Mutações do Patrimônio Líquido;REAL;MIL;PENÚLTIMO;2023-01-01;2023-12-31;Reservas de Lucro;5.05.02;Outros Resultados Abrangentes;0.0;S
09.305.994/0001-29;2024-12-31;1;AZUL S.A.;24112;DF Consolidado - Demonstração das Mutações do Patrimônio Líquido;REAL;MIL;ÚLTIMO;2024-01-01;2024-12-31;Reservas de Lucro;5.05.02;Outros Resultados Abrangentes;0.0;S
09.305.994/0001-29;2024-12-31;1;AZUL S.A.;24112;DF Consolidado - Demonstração das Mutações do Patrimônio Líquido;REAL;MIL;PENÚLTIMO;2023-01-01;2023-12-31;Lucros ou Prejuízos Acumulados;5.05.02;Outros Resultados Abrangentes;0.0;S
09.305.994/0001-29;2024-12-31;1;AZUL S.A.;24112;DF Consolidado - Demonstração das Mutações do Patrimônio Líquido;REAL;MIL;ÚLTIMO;2024-01-01;2024-12-31;Lucros ou Prejuízos Acumulados;5.05.02;Outros Resultados Abrangentes;0.0;S
09.305.994/0001-29;2024-12-31;1;AZUL S.A.;24112;DF Consolidado - Demonstração das Mutações do Patrimônio Líquido;REAL;MIL;PENÚLTIMO;2023-01-01;2023-12-31;Outros Resultados Abrangentes;5.05.02;Outros Resultados Abrangentes;-2175.0;S
09.305.994/0001-29;2024-12-31;1;AZUL S.A.;24112;DF Consolidado - Demonstração das Mutações do Patrimônio Líquido;REAL;MIL;ÚLTIMO;2024-01-01;2024-12-31;Outros Resultados Abrangentes;5.05.02;Outros Resultados Abrangentes;0.0;S
09.305.994/0001-29;2024-12-31;1;AZUL S.A.;24112;DF Consolidado - Demonstração das Mutações do Patrimônio Líquido;REAL;MIL;PENÚLTIMO;2023-01-01;2023-12-31;Patrimônio Líquido;5.05.02;Outros Resultados Abrangentes;-2175.0;S
09.305.994/0001-29;2024-12-31;1;AZUL S.A.;24112;DF Consolidado - Demonstração das Mutações do Patrimônio Líquido;REAL;MIL;ÚLTIMO;2024-01-01;2024-12-31;Patrimônio Líquido;5.05.02;Outros Resultados Abrangentes;0.0;S
09.305.994/0001-29;2024-12-31;1;AZUL S.A.;24112;DF Consolidado - Demonstração das Mutações do Patrimônio Líquido;REAL;MIL;PENÚLTIMO;2023-01-01;2023-12-31;Participação dos Não Controladores;5.05.02;Outros Resultados Abrangentes;0.0;S
09.305.994/0001-29;2024-12-31;1;AZUL S.A.;24112;DF Consolidado - Demonstração das Mutações do Patrimônio Líquido;REAL;MIL;ÚLTIMO;2024-01-01;2024-12-31;Participação dos Não Controladores;5.05.02;Outros Resultados Abrangentes;0.0;S
09.305.994/0001-29;2024-12-31;1;AZUL S.A.;24112;DF Consolidado - Demonstração das Mutações do Patrimônio Líquido;REAL;MIL;PENÚLTIMO;2023-01-01;2023-12-31;Patrimônio Líquido Consolidado;5.05.02;Outros Resultados Abrangentes;-2175.0;S
09.305.994/0001-29;2024-12-31;1;AZUL S.A.;24112;DF Consolidado - Demonstração das Mutações do Patrimônio Líquido;REAL;MIL;ÚLTIMO;2024-01-01;2024-12-31;Patrimônio Líquido Consolidado;5.05.02;Outros Resultados Abrangentes;0.0;S
09.305.994/0001-29;2024-12-31;1;AZUL S.A.;24112;DF Consolidado - Demonstração das Mutações do Patrimônio Líquido;REAL;MIL;PENÚLTIMO;2023-01-01;2023-12-31;Capital Social Integralizado;5.05.02.01;Ajustes de Instrumentos Financeiros;0.0;S
09.305.994/0001-29;2024-12-31;1;AZUL S.A.;24112;DF Consolidado - Demonstração das Mutações do Patrimônio Líquido;REAL;MIL;ÚLTIMO;2024-01-01;2024-12-31;Capital Social Integralizado;5.05.02.01;Ajustes de Instrumentos Financeiros;0.0;S
09.305.994/0001-29;2024-12-31;1;AZUL S.A.;24112;DF Consolidado - Demonstração das Mutações do Patrimônio Líquido;REAL;MIL;PENÚLTIMO;2023-01-01;2023-12-31;Reservas de Capital, Opções Outorgadas e Ações em Tesouraria;5.05.02.01;Ajustes de Instrumentos Financeiros;0.0;S
09.305.994/0001-29;2024-12-31;1;AZUL S.A.;24112;DF Consolidado - Demonstração das Mutações do Patrimônio Líquido;REAL;MIL;ÚLTIMO;2024-01-01;2024-12-31;Reservas de Capital, Opções Outorgadas e Ações em Tesouraria;5.05.02.01;Ajustes de Instrumentos Financeiros;0.0;S
09.305.994/0001-29;2024-12-31;1;AZUL S.A.;24112;DF Consolidado - Demonstração das Mutações do Patrimônio Líquido;REAL;MIL;PENÚLTIMO;2023-01-01;2023-12-31;Reservas de Lucro;5.05.02.01;Ajustes de Instrumentos Financeiros;0.0;S
09.305.994/0001-29;2024-12-31;1;AZUL S.A.;24112;DF Consolidado - Demonstração das Mutações do Patrimônio Líquido;REAL;MIL;ÚLTIMO;2024-01-01;2024-12-31;Reservas de Lucro;5.05.02.01;Ajustes de Instrumentos Financeiros;0.0;S
09.305.994/0001-29;2024-12-31;1;AZUL S.A.;24112;DF Consolidado - Demonstração das Mutações do Patrimônio Líquido;REAL;MIL;PENÚLTIMO;2023-01-01;2023-12-31;Lucros ou Prejuízos Acumulados;5.05.02.01;Ajustes de Instrumentos Financeiros;0.0;S
09.305.994/0001-29;2024-12-31;1;AZUL S.A.;24112;DF Consolidado - Demonstração das Mutações do Patrimônio Líquido;REAL;MIL;ÚLTIMO;2024-01-01;2024-12-31;Lucros ou Prejuízos Acumulados;5.05.02.01;Ajustes de Instrumentos Financeiros;0.0;S
09.305.994/0001-29;2024-12-31;1;AZUL S.A.;24112;DF Consolidado - Demonstração das Mutações do Patrimônio Líquido;REAL;MIL;PENÚLTIMO;2023-01-01;2023-12-31;Outros Resultados Abrangentes;5.05.02.01;Ajustes de Instrumentos Financeiros;0.0;S
09.305.994/0001-29;2024-12-31;1;AZUL S.A.;24112;DF Consolidado - Demonstração das Mutações do Patrimônio Líquido;REAL;MIL;ÚLTIMO;2024-01-01;2024-12-31;Outros Resultados Abrangentes;5.05.02.01;Ajustes de Instrumentos Financeiros;0.0;S
09.305.994/0001-29;2024-12-31;1;AZUL S.A.;24112;DF Consolidado - Demonstração das Mutações do Patrimônio Líquido;REAL;MIL;PENÚLTIMO;2023-01-01;2023-12-31;Patrimônio Líquido;5.05.02.01;Ajustes de Instrumentos Financeiros;0.0;S
09.305.994/0001-29;2024-12-31;1;AZUL S.A.;24112;DF Consolidado - Demonstração das Mutações do Patrimônio Líquido;REAL;MIL;ÚLTIMO;2024-01-01;2024-12-31;Patrimônio Líquido;5.05.02.01;Ajustes de Instrumentos Financeiros;0.0;S
09.305.994/0001-29;2024-12-31;1;AZUL S.A.;24112;DF Consolidado - Demonstração das Mutações do Patrimônio Líquido;REAL;MIL;PENÚLTIMO;2023-01-01;2023-12-31;Participação dos Não Controladores;5.05.02.01;Ajustes de Instrumentos Financeiros;0.0;S
09.305.994/0001-29;2024-12-31;1;AZUL S.A.;24112;DF Consolidado - Demonstração das Mutações do Patrimônio Líquido;REAL;MIL;ÚLTIMO;2024-01-01;2024-12-31;Participação dos Não Controladores;5.05.02.01;Ajustes de Instrumentos Financeiros;0.0;S
09.305.994/0001-29;2024-12-31;1;AZUL S.A.;24112;DF Consolidado - Demonstração das Mutações do Patrimônio Líquido;REAL;MIL;PENÚLTIMO;2023-01-01;2023-12-31;Patrimônio Líquido Consolidado;5.05.02.01;Ajustes de Instrumentos Financeiros;0.0;S
09.305.994/0001-29;2024-12-31;1;AZUL S.A.;24112;DF Consolidado - Demonstração das Mutações do Patrimônio Líquido;REAL;MIL;ÚLTIMO;2024-01-01;2024-12-31;Patrimônio Líquido Consolidado;5.05.02.01;Ajustes de Instrumentos Financeiros;0.0;S
09.305.994/0001-29;2024-12-31;1;AZUL S.A.;24112;DF Consolidado - Demonstração das Mutações do Patrimônio Líquido;REAL;MIL;PENÚLTIMO;2023-01-01;2023-12-31;Capital Social Integralizado;5.05.02.02;Tributos s/ Ajustes Instrumentos Financeiros;0.0;S
09.305.994/0001-29;2024-12-31;1;AZUL S.A.;24112;DF Consolidado - Demonstração das Mutações do Patrimônio Líquido;REAL;MIL;ÚLTIMO;2024-01-01;2024-12-31;Capital Social Integralizado;5.05.02.02;Tributos s/ Ajustes Instrumentos Financeiros;0.0;S
09.305.994/0001-29;2024-12-31;1;AZUL S.A.;24112;DF Consolidado - Demonstração das Mutações do Patrimônio Líquido;REAL;MIL;PENÚLTIMO;2023-01-01;2023-12-31;Reservas de Capital, Opções Outorgadas e Ações em Tesouraria;5.05.02.02;Tributos s/ Ajustes Instrumentos Financeiros;0.0;S
09.305.994/0001-29;2024-12-31;1;AZUL S.A.;24112;DF Consolidado - Demonstração das Mutações do Patrimônio Líquido;REAL;MIL;ÚLTIMO;2024-01-01;2024-12-31;Reservas de Capital, Opções Outorgadas e Ações em Tesouraria;5.05.02.02;Tributos s/ Ajustes Instrumentos Financeiros;0.0;S
09.305.994/0001-29;2024-12-31;1;AZUL S.A.;24112;DF Consolidado - Demonstração das Mutações do Patrimônio Líquido;REAL;MIL;PENÚLTIMO;2023-01-01;2023-12-31;Reservas de Lucro;5.05.02.02;Tributos s/ Ajustes Instrumentos Financeiros;0.0;S
09.305.994/0001-29;2024-12-31;1;AZUL S.A.;24112;DF Consolidado - Demonstração das Mutações do Patrimônio Líquido;REAL;MIL;ÚLTIMO;2024-01-01;2024-12-31;Reservas de Lucro;5.05.02.02;Tributos s/ Ajustes Instrumentos Financeiros;0.0;S
09.305.994/0001-29;2024-12-31;1;AZUL S.A.;24112;DF Consolidado - Demonstração das Mutações do Patrimônio Líquido;REAL;MIL;PENÚLTIMO;2023-01-01;2023-12-31;Lucros ou Prejuízos Acumulados;5.05.02.02;Tributos s/ Ajustes Instrumentos Financeiros;0.0;S
09.305.994/0001-29;2024-12-31;1;AZUL S.A.;24112;DF Consolidado - Demonstração das Mutações do Patrimônio Líquido;REAL;MIL;ÚLTIMO;2024-01-01;2024-12-31;Lucros ou Prejuízos Acumulados;5.05.02.02;Tributos s/ Ajustes Instrumentos Financeiros;0.0;S
09.305.994/0001-29;2024-12-31;1;AZUL S.A.;24112;DF Consolidado - Demonstração das Mutações do Patrimônio Líquido;REAL;MIL;PENÚLTIMO;2023-01-01;2023-12-31;Outros Resultados Abrangentes;5.05.02.02;Tributos s/ Ajustes Instrumentos Financeiros;0.0;S
09.305.994/0001-29;2024-12-31;1;AZUL S.A.;24112;DF Consolidado - Demonstração das Mutações do Patrimônio Líquido;REAL;MIL;ÚLTIMO;2024-01-01;2024-12-31;Outros Resultados Abrangentes;5.05.02.02;Tributos s/ Ajustes Instrumentos Financeiros;0.0;S
09.305.994/0001-29;2024-12-31;1;AZUL S.A.;24112;DF Consolidado - Demonstração das Mutações do Patrimônio Líquido;REAL;MIL;PENÚLTIMO;2023-01-01;2023-12-31;Patrimônio Líquido;5.05.02.02;Tributos s/ Ajustes Instrumentos Financeiros;0.0;S
09.305.994/0001-29;2024-12-31;1;AZUL S.A.;24112;DF Consolidado - Demonstração das Mutações do Patrimônio Líquido;REAL;MIL;ÚLTIMO;2024-01-01;2024-12-31;Patrimônio Líquido;5.05.02.02;Tributos s/ Ajustes Instrumentos Financeiros;0.0;S
09.305.994/0001-29;2024-12-31;1;AZUL S.A.;24112;DF Consolidado - Demonstração das Mutações do Patrimônio Líquido;REAL;MIL;PENÚLTIMO;2023-01-01;2023-12-31;Participação dos Não Controladores;5.05.02.02;Tributos s/ Ajustes Instrumentos Financeiros;0.0;S
09.305.994/0001-29;2024-12-31;1;AZUL S.A.;24112;DF Consolidado - Demonstração das Mutações do Patrimônio Líquido;REAL;MIL;ÚLTIMO;2024-01-01;2024-12-31;Participação dos Não Controladores;5.05.02.02;Tributos s/ Ajustes Instrumentos Financeiros;0.0;S
09.305.994/0001-29;2024-12-31;1;AZUL S.A.;24112;DF Consolidado - Demonstração das Mutações do Patrimônio Líquido;REAL;MIL;PENÚLTIMO;2023-01-01;2023-12-31;Patrimônio Líquido Consolidado;5.05.02.02;Tributos s/ Ajustes Instrumentos Financeiros;0.0;S
09.305.994/0001-29;2024-12-31;1;AZUL S.A.;24112;DF Consolidado - Demonstração das Mutações do Patrimônio Líquido;REAL;MIL;ÚLTIMO;2024-01-01;2024-12-31;Patrimônio Líquido Consolidado;5.05.02.02;Tributos s/ Ajustes Instrumentos Financeiros;0.0;S
09.305.994/0001-29;2024-12-31;1;AZUL S.A.;24112;DF Consolidado - Demonstração das Mutações do Patrimônio Líquido;REAL;MIL;PENÚLTIMO;2023-01-01;2023-12-31;Capital Social Integralizado;5.05.02.03;Equiv. Patrim. s/Result. Abrang. Coligadas;0.0;S
09.305.994/0001-29;2024-12-31;1;AZUL S.A.;24112;DF Consolidado - Demonstração das Mutações do Patrimônio Líquido;REAL;MIL;ÚLTIMO;2024-01-01;2024-12-31;Capital Social Integralizado;5.05.02.03;Equiv. Patrim. s/Result. Abrang. Coligadas;0.0;S
09.305.994/0001-29;2024-12-31;1;AZUL S.A.;24112;DF Consolidado - Demonstração das Mutações do Patrimônio Líquido;REAL;MIL;PENÚLTIMO;2023-01-01;2023-12-31;Reservas de Capital, Opções Outorgadas e Ações em Tesouraria;5.05.02.03;Equiv. Patrim. s/Result. Abrang. Coligadas;0.0;S
09.305.994/0001-29;2024-12-31;1;AZUL S.A.;24112;DF Consolidado - Demonstração das Mutações do Patrimônio Líquido;REAL;MIL;ÚLTIMO;2024-01-01;2024-12-31;Reservas de Capital, Opções Outorgadas e Ações em Tesouraria;5.05.02.03;Equiv. Patrim. s/Result. Abrang. Coligadas;0.0;S
09.305.994/0001-29;2024-12-31;1;AZUL S.A.;24112;DF Consolidado - Demonstração das Mutações do Patrimônio Líquido;REAL;MIL;PENÚLTIMO;2023-01-01;2023-12-31;Reservas de Lucro;5.05.02.03;Equiv. Patrim. s/Result. Abrang. Coligadas;0.0;S
09.305.994/0001-29;2024-12-31;1;AZUL S.A.;24112;DF Consolidado - Demonstração das Mutações do Patrimônio Líquido;REAL;MIL;ÚLTIMO;2024-01-01;2024-12-31;Reservas de Lucro;5.05.02.03;Equiv. Patrim. s/Result. Abrang. Coligadas;0.0;S
09.305.994/0001-29;2024-12-31;1;AZUL S.A.;24112;DF Consolidado - Demonstração das Mutações do Patrimônio Líquido;REAL;MIL;PENÚLTIMO;2023-01-01;2023-12-31;Lucros ou Prejuízos Acumulados;5.05.02.03;Equiv. Patrim. s/Result. Abrang. Coligadas;0.0;S
09.305.994/0001-29;2024-12-31;1;AZUL S.A.;24112;DF Consolidado - Demonstração das Mutações do Patrimônio Líquido;REAL;MIL;ÚLTIMO;2024-01-01;2024-12-31;Lucros ou Prejuízos Acumulados;5.05.02.03;Equiv. Patrim. s/Result. Abrang. Coligadas;0.0;S
09.305.994/0001-29;2024-12-31;1;AZUL S.A.;24112;DF Consolidado - Demonstração das Mutações do Patrimônio Líquido;REAL;MIL;PENÚLTIMO;2023-01-01;2023-12-31;Outros Resultados Abrangentes;5.05.02.03;Equiv. Patrim. s/Result. Abrang. Coligadas;0.0;S
09.305.994/0001-29;2024-12-31;1;AZUL S.A.;24112;DF Consolidado - Demonstração das Mutações do Patrimônio Líquido;REAL;MIL;ÚLTIMO;2024-01-01;2024-12-31;Outros Resultados Abrangentes;5.05.02.03;Equiv. Patrim. s/Result. Abrang. Coligadas;0.0;S
09.305.994/0001-29;2024-12-31;1;AZUL S.A.;24112;DF Consolidado - Demonstração das Mutações do Patrimônio Líquido;REAL;MIL;PENÚLTIMO;2023-01-01;2023-12-31;Patrimônio Líquido;5.05.02.03;Equiv. Patrim. s/Result. Abrang. Coligadas;0.0;S
09.305.994/0001-29;2024-12-31;1;AZUL S.A.;24112;DF Consolidado - Demonstração das Mutações do Patrimônio Líquido;REAL;MIL;ÚLTIMO;2024-01-01;2024-12-31;Patrimônio Líquido;5.05.02.03;Equiv. Patrim. s/Result. Abrang. Coligadas;0.0;S
09.305.994/0001-29;2024-12-31;1;AZUL S.A.;24112;DF Consolidado - Demonstração das Mutações do Patrimônio Líquido;REAL;MIL;PENÚLTIMO;2023-01-01;2023-12-31;Participação dos Não Controladores;5.05.02.03;Equiv. Patrim. s/Result. Abrang. Coligadas;0.0;S
09.305.994/0001-29;2024-12-31;1;AZUL S.A.;24112;DF Consolidado - Demonstração das Mutações do Patrimônio Líquido;REAL;MIL;ÚLTIMO;2024-01-01;2024-12-31;Participação dos Não Controladores;5.05.02.03;Equiv. Patrim. s/Result. Abrang. Coligadas;0.0;S
09.305.994/0001-29;2024-12-31;1;AZUL S.A.;24112;DF Consolidado - Demonstração das Mutações do Patrimônio Líquido;REAL;MIL;PENÚLTIMO;2023-01-01;2023-12-31;Patrimônio Líquido Consolidado;5.05.02.03;Equiv. Patrim. s/Result. Abrang. Coligadas;0.0;S
09.305.994/0001-29;2024-12-31;1;AZUL S.A.;24112;DF Consolidado - Demonstração das Mutações do Patrimônio Líquido;REAL;MIL;ÚLTIMO;2024-01-01;2024-12-31;Patrimônio Líquido Consolidado;5.05.02.03;Equiv. Patrim. s/Result. Abrang. Coligadas;0.0;S
09.305.994/0001-29;2024-12-31;1;AZUL S.A.;24112;DF Consolidado - Demonstração das Mutações do Patrimônio Líquido;REAL;MIL;PENÚLTIMO;2023-01-01;2023-12-31;Capital Social Integralizado;5.05.02.04;Ajustes de Conversão do Período;0.0;S
09.305.994/0001-29;2024-12-31;1;AZUL S.A.;24112;DF Consolidado - Demonstração das Mutações do Patrimônio Líquido;REAL;MIL;ÚLTIMO;2024-01-01;2024-12-31;Capital Social Integralizado;5.05.02.04;Ajustes de Conversão do Período;0.0;S
09.305.994/0001-29;2024-12-31;1;AZUL S.A.;24112;DF Consolidado - Demonstração das Mutações do Patrimônio Líquido;REAL;MIL;PENÚLTIMO;2023-01-01;2023-12-31;Reservas de Capital, Opções Outorgadas e Ações em Tesouraria;5.05.02.04;Ajustes de Conversão do Período;0.0;S
09.305.994/0001-29;2024-12-31;1;AZUL S.A.;24112;DF Consolidado - Demonstração das Mutações do Patrimônio Líquido;REAL;MIL;ÚLTIMO;2024-01-01;2024-12-31;Reservas de Capital, Opções Outorgadas e Ações em Tesouraria;5.05.02.04;Ajustes de Conversão do Período;0.0;S
09.305.994/0001-29;2024-12-31;1;AZUL S.A.;24112;DF Consolidado - Demonstração das Mutações do Patrimônio Líquido;REAL;MIL;PENÚLTIMO;2023-01-01;2023-12-31;Reservas de Lucro;5.05.02.04;Ajustes de Conversão do Período;0.0;S
09.305.994/0001-29;2024-12-31;1;AZUL S.A.;24112;DF Consolidado - Demonstração das Mutações do Patrimônio Líquido;REAL;MIL;ÚLTIMO;2024-01-01;2024-12-31;Reservas de Lucro;5.05.02.04;Ajustes de Conversão do Período;0.0;S
09.305.994/0001-29;2024-12-31;1;AZUL S.A.;24112;DF Consolidado - Demonstração das Mutações do Patrimônio Líquido;REAL;MIL;PENÚLTIMO;2023-01-01;2023-12-31;Lucros ou Prejuízos Acumulados;5.05.02.04;Ajustes de Conversão do Período;0.0;S
09.305.994/0001-29;2024-12-31;1;AZUL S.A.;24112;DF Consolidado - Demonstração das Mutações do Patrimônio Líquido;REAL;MIL;ÚLTIMO;2024-01-01;2024-12-31;Lucros ou Prejuízos Acumulados;5.05.02.04;Ajustes de Conversão do Período;0.0;S
09.305.994/0001-29;2024-12-31;1;AZUL S.A.;24112;DF Consolidado - Demonstração das Mutações do Patrimônio Líquido;REAL;MIL;PENÚLTIMO;2023-01-01;2023-12-31;Outros Resultados Abrangentes;5.05.02.04;Ajustes de Conversão do Período;0.0;S
09.305.994/0001-29;2024-12-31;1;AZUL S.A.;24112;DF Consolidado - Demonstração das Mutações do Patrimônio Líquido;REAL;MIL;ÚLTIMO;2024-01-01;2024-12-31;Outros Resultados Abrangentes;5.05.02.04;Ajustes de Conversão do Período;0.0;S
09.305.994/0001-29;2024-12-31;1;AZUL S.A.;24112;DF Consolidado - Demonstração das Mutações do Patrimônio Líquido;REAL;MIL;PENÚLTIMO;2023-01-01;2023-12-31;Patrimônio Líquido;5.05.02.04;Ajustes de Conversão do Período;0.0;S
09.305.994/0001-29;2024-12-31;1;AZUL S.A.;24112;DF Consolidado - Demonstração das Mutações do Patrimônio Líquido;REAL;MIL;ÚLTIMO;2024-01-01;2024-12-31;Patrimônio Líquido;5.05.02.04;Ajustes de Conversão do Período;0.0;S
09.305.994/0001-29;2024-12-31;1;AZUL S.A.;24112;DF Consolidado - Demonstração das Mutações do Patrimônio Líquido;REAL;MIL;PENÚLTIMO;2023-01-01;2023-12-31;Participação dos Não Controladores;5.05.02.04;Ajustes de Conversão do Período;0.0;S
09.305.994/0001-29;2024-12-31;1;AZUL S.A.;24112;DF Consolidado - Demonstração das Mutações do Patrimônio Líquido;REAL;MIL;ÚLTIMO;2024-01-01;2024-12-31;Participação dos Não Controladores;5.05.02.04;Ajustes de Conversão do Período;0.0;S
09.305.994/0001-29;2024-12-31;1;AZUL S.A.;24112;DF Consolidado - Demonstração das Mutações do Patrimônio Líquido;REAL;MIL;PENÚLTIMO;2023-01-01;2023-12-31;Patrimônio Líquido Consolidado;5.05.02.04;Ajustes de Conversão do Período;0.0;S
09.305.994/0001-29;2024-12-31;1;AZUL S.A.;24112;DF Consolidado - Demonstração das Mutações do Patrimônio Líquido;REAL;MIL;ÚLTIMO;2024-01-01;2024-12-31;Patrimônio Líquido Consolidado;5.05.02.04;Ajustes de Conversão do Período;0.0;S
09.305.994/0001-29;2024-12-31;1;AZUL S.A.;24112;DF Consolidado - Demonstração das Mutações do Patrimônio Líquido;REAL;MIL;PENÚLTIMO;2023-01-01;2023-12-31;Capital Social Integralizado;5.05.02.05;Tributos s/ Ajustes de Conversão do Período;0.0;S
09.305.994/0001-29;2024-12-31;1;AZUL S.A.;24112;DF Consolidado - Demonstração das Mutações do Patrimônio Líquido;REAL;MIL;ÚLTIMO;2024-01-01;2024-12-31;Capital Social Integralizado;5.05.02.05;Tributos s/ Ajustes de Conversão do Período;0.0;S
09.305.994/0001-29;2024-12-31;1;AZUL S.A.;24112;DF Consolidado - Demonstração das Mutações do Patrimônio Líquido;REAL;MIL;PENÚLTIMO;2023-01-01;2023-12-31;Reservas de Capital, Opções Outorgadas e Ações em Tesouraria;5.05.02.05;Tributos s/ Ajustes de Conversão do Período;0.0;S
09.305.994/0001-29;2024-12-31;1;AZUL S.A.;24112;DF Consolidado - Demonstração das Mutações do Patrimônio Líquido;REAL;MIL;ÚLTIMO;2024-01-01;2024-12-31;Reservas de Capital, Opções Outorgadas e Ações em Tesouraria;5.05.02.05;Tributos s/ Ajustes de Conversão do Período;0.0;S
09.305.994/0001-29;2024-12-31;1;AZUL S.A.;24112;DF Consolidado - Demonstração das Mutações do Patrimônio Líquido;REAL;MIL;PENÚLTIMO;2023-01-01;2023-12-31;Reservas de Lucro;5.05.02.05;Tributos s/ Ajustes de Conversão do Período;0.0;S
09.305.994/0001-29;2024-12-31;1;AZUL S.A.;24112;DF Consolidado - Demonstração das Mutações do Patrimônio Líquido;REAL;MIL;ÚLTIMO;2024-01-01;2024-12-31;Reservas de Lucro;5.05.02.05;Tributos s/ Ajustes de Conversão do Período;0.0;S
09.305.994/0001-29;2024-12-31;1;AZUL S.A.;24112;DF Consolidado - Demonstração das Mutações do Patrimônio Líquido;REAL;MIL;PENÚLTIMO;2023-01-01;2023-12-31;Lucros ou Prejuízos Acumulados;5.05.02.05;Tributos s/ Ajustes de Conversão do Período;0.0;S
09.305.994/0001-29;2024-12-31;1;AZUL S.A.;24112;DF Consolidado - Demonstração das Mutações do Patrimônio Líquido;REAL;MIL;ÚLTIMO;2024-01-01;2024-12-31;Lucros ou Prejuízos Acumulados;5.05.02.05;Tributos s/ Ajustes de Conversão do Período;0.0;S
09.305.994/0001-29;2024-12-31;1;AZUL S.A.;24112;DF Consolidado - Demonstração das Mutações do Patrimônio Líquido;REAL;MIL;PENÚLTIMO;2023-01-01;2023-12-31;Outros Resultados Abrangentes;5.05.02.05;Tributos s/ Ajustes de Conversão do Período;0.0;S
09.305.994/0001-29;2024-12-31;1;AZUL S.A.;24112;DF Consolidado - Demonstração das Mutações do Patrimônio Líquido;REAL;MIL;ÚLTIMO;2024-01-01;2024-12-31;Outros Resultados Abrangentes;5.05.02.05;Tributos s/ Ajustes de Conversão do Período;0.0;S
09.305.994/0001-29;2024-12-31;1;AZUL S.A.;24112;DF Consolidado - Demonstração das Mutações do Patrimônio Líquido;REAL;MIL;PENÚLTIMO;2023-01-01;2023-12-31;Patrimônio Líquido;5.05.02.05;Tributos s/ Ajustes de Conversão do Período;0.0;S
09.305.994/0001-29;2024-12-31;1;AZUL S.A.;24112;DF Consolidado - Demonstração das Mutações do Patrimônio Líquido;REAL;MIL;ÚLTIMO;2024-01-01;2024-12-31;Patrimônio Líquido;5.05.02.05;Tributos s/ Ajustes de Conversão do Período;0.0;S
09.305.994/0001-29;2024-12-31;1;AZUL S.A.;24112;DF Consolidado - Demonstração das Mutações do Patrimônio Líquido;REAL;MIL;PENÚLTIMO;2023-01-01;2023-12-31;Participação dos Não Controladores;5.05.02.05;Tributos s/ Ajustes de Conversão do Período;0.0;S
09.305.994/0001-29;2024-12-31;1;AZUL S.A.;24112;DF Consolidado - Demonstração das Mutações do Patrimônio Líquido;REAL;MIL;ÚLTIMO;2024-01-01;2024-12-31;Participação dos Não Controladores;5.05.02.05;Tributos s/ Ajustes de Conversão do Período;0.0;S
09.305.994/0001-29;2024-12-31;1;AZUL S.A.;24112;DF Consolidado - Demonstração das Mutações do Patrimônio Líquido;REAL;MIL;PENÚLTIMO;2023-01-01;2023-12-31;Patrimônio Líquido Consolidado;5.05.02.05;Tributos s/ Ajustes de Conversão do Período;0.0;S
09.305.994/0001-29;2024-12-31;1;AZUL S.A.;24112;DF Consolidado - Demonstração das Mutações do Patrimônio Líquido;REAL;MIL;ÚLTIMO;2024-01-01;2024-12-31;Patrimônio Líquido Consolidado;5.05.02.05;Tributos s/ Ajustes de Conversão do Período;0.0;S
09.305.994/0001-29;2024-12-31;1;AZUL S.A.;24112;DF Consolidado - Demonstração das Mutações do Patrimônio Líquido;REAL;MIL;PENÚLTIMO;2023-01-01;2023-12-31;Capital Social Integralizado;5.05.02.06;Benefício pós emprego;0.0;N
09.305.994/0001-29;2024-12-31;1;AZUL S.A.;24112;DF Consolidado - Demonstração das Mutações do Patrimônio Líquido;REAL;MIL;PENÚLTIMO;2023-01-01;2023-12-31;Reservas de Capital, Opções Outorgadas e Ações em Tesouraria;5.05.02.06;Benefício pós emprego;0.0;N
09.305.994/0001-29;2024-12-31;1;AZUL S.A.;24112;DF Consolidado - Demonstração das Mutações do Patrimônio Líquido;REAL;MIL;PENÚLTIMO;2023-01-01;2023-12-31;Reservas de Lucro;5.05.02.06;Benefício pós emprego;0.0;N
09.305.994/0001-29;2024-12-31;1;AZUL S.A.;24112;DF Consolidado - Demonstração das Mutações do Patrimônio Líquido;REAL;MIL;PENÚLTIMO;2023-01-01;2023-12-31;Lucros ou Prejuízos Acumulados;5.05.02.06;Benefício pós emprego;0.0;N
09.305.994/0001-29;2024-12-31;1;AZUL S.A.;24112;DF Consolidado - Demonstração das Mutações do Patrimônio Líquido;REAL;MIL;PENÚLTIMO;2023-01-01;2023-12-31;Outros Resultados Abrangentes;5.05.02.06;Benefício pós emprego;0.0;N
09.305.994/0001-29;2024-12-31;1;AZUL S.A.;24112;DF Consolidado - Demonstração das Mutações do Patrimônio Líquido;REAL;MIL;PENÚLTIMO;2023-01-01;2023-12-31;Patrimônio Líquido;5.05.02.06;Benefício pós emprego;0.0;N
09.305.994/0001-29;2024-12-31;1;AZUL S.A.;24112;DF Consolidado - Demonstração das Mutações do Patrimônio Líquido;REAL;MIL;PENÚLTIMO;2023-01-01;2023-12-31;Participação dos Não Controladores;5.05.02.06;Benefício pós emprego;0.0;N
09.305.994/0001-29;2024-12-31;1;AZUL S.A.;24112;DF Consolidado - Demonstração das Mutações do Patrimônio Líquido;REAL;MIL;PENÚLTIMO;2023-01-01;2023-12-31;Patrimônio Líquido Consolidado;5.05.02.06;Benefício pós emprego;0.0;N
09.305.994/0001-29;2024-12-31;1;AZUL S.A.;24112;DF Consolidado - Demonstração das Mutações do Patrimônio Líquido;REAL;MIL;PENÚLTIMO;2023-01-01;2023-12-31;Capital Social Integralizado;5.05.03;Reclassificações para o Resultado;0.0;S
09.305.994/0001-29;2024-12-31;1;AZUL S.A.;24112;DF Consolidado - Demonstração das Mutações do Patrimônio Líquido;REAL;MIL;ÚLTIMO;2024-01-01;2024-12-31;Capital Social Integralizado;5.05.03;Reclassificações para o Resultado;0.0;S
09.305.994/0001-29;2024-12-31;1;AZUL S.A.;24112;DF Consolidado - Demonstração das Mutações do Patrimônio Líquido;REAL;MIL;PENÚLTIMO;2023-01-01;2023-12-31;Reservas de Capital, Opções Outorgadas e Ações em Tesouraria;5.05.03;Reclassificações para o Resultado;0.0;S
09.305.994/0001-29;2024-12-31;1;AZUL S.A.;24112;DF Consolidado - Demonstração das Mutações do Patrimônio Líquido;REAL;MIL;ÚLTIMO;2024-01-01;2024-12-31;Reservas de Capital, Opções Outorgadas e Ações em Tesouraria;5.05.03;Reclassificações para o Resultado;0.0;S
09.305.994/0001-29;2024-12-31;1;AZUL S.A.;24112;DF Consolidado - Demonstração das Mutações do Patrimônio Líquido;REAL;MIL;PENÚLTIMO;2023-01-01;2023-12-31;Reservas de Lucro;5.05.03;Reclassificações para o Resultado;0.0;S
09.305.994/0001-29;2024-12-31;1;AZUL S.A.;24112;DF Consolidado - Demonstração das Mutações do Patrimônio Líquido;REAL;MIL;ÚLTIMO;2024-01-01;2024-12-31;Reservas de Lucro;5.05.03;Reclassificações para o Resultado;0.0;S
09.305.994/0001-29;2024-12-31;1;AZUL S.A.;24112;DF Consolidado - Demonstração das Mutações do Patrimônio Líquido;REAL;MIL;PENÚLTIMO;2023-01-01;2023-12-31;Lucros ou Prejuízos Acumulados;5.05.03;Reclassificações para o Resultado;0.0;S
09.305.994/0001-29;2024-12-31;1;AZUL S.A.;24112;DF Consolidado - Demonstração das Mutações do Patrimônio Líquido;REAL;MIL;ÚLTIMO;2024-01-01;2024-12-31;Lucros ou Prejuízos Acumulados;5.05.03;Reclassificações para o Resultado;0.0;S
09.305.994/0001-29;2024-12-31;1;AZUL S.A.;24112;DF Consolidado - Demonstração das Mutações do Patrimônio Líquido;REAL;MIL;PENÚLTIMO;2023-01-01;2023-12-31;Outros Resultados Abrangentes;5.05.03;Reclassificações para o Resultado;0.0;S
09.305.994/0001-29;2024-12-31;1;AZUL S.A.;24112;DF Consolidado - Demonstração das Mutações do Patrimônio Líquido;REAL;MIL;ÚLTIMO;2024-01-01;2024-12-31;Outros Resultados Abrangentes;5.05.03;Reclassificações para o Resultado;2811.0;S
09.305.994/0001-29;2024-12-31;1;AZUL S.A.;24112;DF Consolidado - Demonstração das Mutações do Patrimônio Líquido;REAL;MIL;PENÚLTIMO;2023-01-01;2023-12-31;Patrimônio Líquido;5.05.03;Reclassificações para o Resultado;0.0;S
09.305.994/0001-29;2024-12-31;1;AZUL S.A.;24112;DF Consolidado - Demonstração das Mutações do Patrimônio Líquido;REAL;MIL;ÚLTIMO;2024-01-01;2024-12-31;Patrimônio Líquido;5.05.03;Reclassificações para o Resultado;2811.0;S
09.305.994/0001-29;2024-12-31;1;AZUL S.A.;24112;DF Consolidado - Demonstração das Mutações do Patrimônio Líquido;REAL;MIL;PENÚLTIMO;2023-01-01;2023-12-31;Participação dos Não Controladores;5.05.03;Reclassificações para o Resultado;0.0;S
09.305.994/0001-29;2024-12-31;1;AZUL S.A.;24112;DF Consolidado - Demonstração das Mutações do Patrimônio Líquido;REAL;MIL;ÚLTIMO;2024-01-01;2024-12-31;Participação dos Não Controladores;5.05.03;Reclassificações para o Resultado;0.0;S
09.305.994/0001-29;2024-12-31;1;AZUL S.A.;24112;DF Consolidado - Demonstração das Mutações do Patrimônio Líquido;REAL;MIL;PENÚLTIMO;2023-01-01;2023-12-31;Patrimônio Líquido Consolidado;5.05.03;Reclassificações para o Resultado;0.0;S
09.305.994/0001-29;2024-12-31;1;AZUL S.A.;24112;DF Consolidado - Demonstração das Mutações do Patrimônio Líquido;REAL;MIL;ÚLTIMO;2024-01-01;2024-12-31;Patrimônio Líquido Consolidado;5.05.03;Reclassificações para o Resultado;2811.0;S
09.305.994/0001-29;2024-12-31;1;AZUL S.A.;24112;DF Consolidado - Demonstração das Mutações do Patrimônio Líquido;REAL;MIL;PENÚLTIMO;2023-01-01;2023-12-31;Capital Social Integralizado;5.05.03.01;Ajustes de Instrumentos Financeiros;0.0;S
09.305.994/0001-29;2024-12-31;1;AZUL S.A.;24112;DF Consolidado - Demonstração das Mutações do Patrimônio Líquido;REAL;MIL;ÚLTIMO;2024-01-01;2024-12-31;Capital Social Integralizado;5.05.03.01;Ajustes de Instrumentos Financeiros;0.0;S
09.305.994/0001-29;2024-12-31;1;AZUL S.A.;24112;DF Consolidado - Demonstração das Mutações do Patrimônio Líquido;REAL;MIL;PENÚLTIMO;2023-01-01;2023-12-31;Reservas de Capital, Opções Outorgadas e Ações em Tesouraria;5.05.03.01;Ajustes de Instrumentos Financeiros;0.0;S
09.305.994/0001-29;2024-12-31;1;AZUL S.A.;24112;DF Consolidado - Demonstração das Mutações do Patrimônio Líquido;REAL;MIL;ÚLTIMO;2024-01-01;2024-12-31;Reservas de Capital, Opções Outorgadas e Ações em Tesouraria;5.05.03.01;Ajustes de Instrumentos Financeiros;0.0;S
09.305.994/0001-29;2024-12-31;1;AZUL S.A.;24112;DF Consolidado - Demonstração das Mutações do Patrimônio Líquido;REAL;MIL;PENÚLTIMO;2023-01-01;2023-12-31;Reservas de Lucro;5.05.03.01;Ajustes de Instrumentos Financeiros;0.0;S
09.305.994/0001-29;2024-12-31;1;AZUL S.A.;24112;DF Consolidado - Demonstração das Mutações do Patrimônio Líquido;REAL;MIL;ÚLTIMO;2024-01-01;2024-12-31;Reservas de Lucro;5.05.03.01;Ajustes de Instrumentos Financeiros;0.0;S
09.305.994/0001-29;2024-12-31;1;AZUL S.A.;24112;DF Consolidado - Demonstração das Mutações do Patrimônio Líquido;REAL;MIL;PENÚLTIMO;2023-01-01;2023-12-31;Lucros ou Prejuízos Acumulados;5.05.03.01;Ajustes de Instrumentos Financeiros;0.0;S
09.305.994/0001-29;2024-12-31;1;AZUL S.A.;24112;DF Consolidado - Demonstração das Mutações do Patrimônio Líquido;REAL;MIL;ÚLTIMO;2024-01-01;2024-12-31;Lucros ou Prejuízos Acumulados;5.05.03.01;Ajustes de Instrumentos Financeiros;0.0;S
09.305.994/0001-29;2024-12-31;1;AZUL S.A.;24112;DF Consolidado - Demonstração das Mutações do Patrimônio Líquido;REAL;MIL;PENÚLTIMO;2023-01-01;2023-12-31;Outros Resultados Abrangentes;5.05.03.01;Ajustes de Instrumentos Financeiros;0.0;S
09.305.994/0001-29;2024-12-31;1;AZUL S.A.;24112;DF Consolidado - Demonstração das Mutações do Patrimônio Líquido;REAL;MIL;ÚLTIMO;2024-01-01;2024-12-31;Outros Resultados Abrangentes;5.05.03.01;Ajustes de Instrumentos Financeiros;0.0;S
09.305.994/0001-29;2024-12-31;1;AZUL S.A.;24112;DF Consolidado - Demonstração das Mutações do Patrimônio Líquido;REAL;MIL;PENÚLTIMO;2023-01-01;2023-12-31;Patrimônio Líquido;5.05.03.01;Ajustes de Instrumentos Financeiros;0.0;S
09.305.994/0001-29;2024-12-31;1;AZUL S.A.;24112;DF Consolidado - Demonstração das Mutações do Patrimônio Líquido;REAL;MIL;ÚLTIMO;2024-01-01;2024-12-31;Patrimônio Líquido;5.05.03.01;Ajustes de Instrumentos Financeiros;0.0;S
09.305.994/0001-29;2024-12-31;1;AZUL S.A.;24112;DF Consolidado - Demonstração das Mutações do Patrimônio Líquido;REAL;MIL;PENÚLTIMO;2023-01-01;2023-12-31;Participação dos Não Controladores;5.05.03.01;Ajustes de Instrumentos Financeiros;0.0;S
09.305.994/0001-29;2024-12-31;1;AZUL S.A.;24112;DF Consolidado - Demonstração das Mutações do Patrimônio Líquido;REAL;MIL;ÚLTIMO;2024-01-01;2024-12-31;Participação dos Não Controladores;5.05.03.01;Ajustes de Instrumentos Financeiros;0.0;S
09.305.994/0001-29;2024-12-31;1;AZUL S.A.;24112;DF Consolidado - Demonstração das Mutações do Patrimônio Líquido;REAL;MIL;PENÚLTIMO;2023-01-01;2023-12-31;Patrimônio Líquido Consolidado;5.05.03.01;Ajustes de Instrumentos Financeiros;0.0;S
09.305.994/0001-29;2024-12-31;1;AZUL S.A.;24112;DF Consolidado - Demonstração das Mutações do Patrimônio Líquido;REAL;MIL;ÚLTIMO;2024-01-01;2024-12-31;Patrimônio Líquido Consolidado;5.05.03.01;Ajustes de Instrumentos Financeiros;0.0;S
09.305.994/0001-29;2024-12-31;1;AZUL S.A.;24112;DF Consolidado - Demonstração das Mutações do Patrimônio Líquido;REAL;MIL;ÚLTIMO;2024-01-01;2024-12-31;Capital Social Integralizado;5.05.03.02;Benefício pós-emprego;0.0;N
09.305.994/0001-29;2024-12-31;1;AZUL S.A.;24112;DF Consolidado - Demonstração das Mutações do Patrimônio Líquido;REAL;MIL;ÚLTIMO;2024-01-01;2024-12-31;Reservas de Capital, Opções Outorgadas e Ações em Tesouraria;5.05.03.02;Benefício pós-emprego;0.0;N
09.305.994/0001-29;2024-12-31;1;AZUL S.A.;24112;DF Consolidado - Demonstração das Mutações do Patrimônio Líquido;REAL;MIL;ÚLTIMO;2024-01-01;2024-12-31;Reservas de Lucro;5.05.03.02;Benefício pós-emprego;0.0;N
09.305.994/0001-29;2024-12-31;1;AZUL S.A.;24112;DF Consolidado - Demonstração das Mutações do Patrimônio Líquido;REAL;MIL;ÚLTIMO;2024-01-01;2024-12-31;Lucros ou Prejuízos Acumulados;5.05.03.02;Benefício pós-emprego;0.0;N
09.305.994/0001-29;2024-12-31;1;AZUL S.A.;24112;DF Consolidado - Demonstração das Mutações do Patrimônio Líquido;REAL;MIL;ÚLTIMO;2024-01-01;2024-12-31;Outros Resultados Abrangentes;5.05.03.02;Benefício pós-emprego;2811.0;N
09.305.994/0001-29;2024-12-31;1;AZUL S.A.;24112;DF Consolidado - Demonstração das Mutações do Patrimônio Líquido;REAL;MIL;ÚLTIMO;2024-01-01;2024-12-31;Patrimônio Líquido;5.05.03.02;Benefício pós-emprego;2811.0;N
09.305.994/0001-29;2024-12-31;1;AZUL S.A.;24112;DF Consolidado - Demonstração das Mutações do Patrimônio Líquido;REAL;MIL;ÚLTIMO;2024-01-01;2024-12-31;Participação dos Não Controladores;5.05.03.02;Benefício pós-emprego;0.0;N
09.305.994/0001-29;2024-12-31;1;AZUL S.A.;24112;DF Consolidado - Demonstração das Mutações do Patrimônio Líquido;REAL;MIL;ÚLTIMO;2024-01-01;2024-12-31;Patrimônio Líquido Consolidado;5.05.03.02;Benefício pós-emprego;2811.0;N
09.305.994/0001-29;2024-12-31;1;AZUL S.A.;24112;DF Consolidado - Demonstração das Mutações do Patrimônio Líquido;REAL;MIL;PENÚLTIMO;2023-01-01;2023-12-31;Capital Social Integralizado;5.06;Mutações Internas do Patrimônio Líquido;0.0;S
09.305.994/0001-29;2024-12-31;1;AZUL S.A.;24112;DF Consolidado - Demonstração das Mutações do Patrimônio Líquido;REAL;MIL;ÚLTIMO;2024-01-01;2024-12-31;Capital Social Integralizado;5.06;Mutações Internas do Patrimônio Líquido;0.0;S
09.305.994/0001-29;2024-12-31;1;AZUL S.A.;24112;DF Consolidado - Demonstração das Mutações do Patrimônio Líquido;REAL;MIL;PENÚLTIMO;2023-01-01;2023-12-31;Reservas de Capital, Opções Outorgadas e Ações em Tesouraria;5.06;Mutações Internas do Patrimônio Líquido;0.0;S
09.305.994/0001-29;2024-12-31;1;AZUL S.A.;24112;DF Consolidado - Demonstração das Mutações do Patrimônio Líquido;REAL;MIL;ÚLTIMO;2024-01-01;2024-12-31;Reservas de Capital, Opções Outorgadas e Ações em Tesouraria;5.06;Mutações Internas do Patrimônio Líquido;0.0;S
09.305.994/0001-29;2024-12-31;1;AZUL S.A.;24112;DF Consolidado - Demonstração das Mutações do Patrimônio Líquido;REAL;MIL;PENÚLTIMO;2023-01-01;2023-12-31;Reservas de Lucro;5.06;Mutações Internas do Patrimônio Líquido;0.0;S
09.305.994/0001-29;2024-12-31;1;AZUL S.A.;24112;DF Consolidado - Demonstração das Mutações do Patrimônio Líquido;REAL;MIL;ÚLTIMO;2024-01-01;2024-12-31;Reservas de Lucro;5.06;Mutações Internas do Patrimônio Líquido;0.0;S
09.305.994/0001-29;2024-12-31;1;AZUL S.A.;24112;DF Consolidado - Demonstração das Mutações do Patrimônio Líquido;REAL;MIL;PENÚLTIMO;2023-01-01;2023-12-31;Lucros ou Prejuízos Acumulados;5.06;Mutações Internas do Patrimônio Líquido;0.0;S
09.305.994/0001-29;2024-12-31;1;AZUL S.A.;24112;DF Consolidado - Demonstração das Mutações do Patrimônio Líquido;REAL;MIL;ÚLTIMO;2024-01-01;2024-12-31;Lucros ou Prejuízos Acumulados;5.06;Mutações Internas do Patrimônio Líquido;0.0;S
09.305.994/0001-29;2024-12-31;1;AZUL S.A.;24112;DF Consolidado - Demonstração das Mutações do Patrimônio Líquido;REAL;MIL;PENÚLTIMO;2023-01-01;2023-12-31;Outros Resultados Abrangentes;5.06;Mutações Internas do Patrimônio Líquido;0.0;S
09.305.994/0001-29;2024-12-31;1;AZUL S.A.;24112;DF Consolidado - Demonstração das Mutações do Patrimônio Líquido;REAL;MIL;ÚLTIMO;2024-01-01;2024-12-31;Outros Resultados Abrangentes;5.06;Mutações Internas do Patrimônio Líquido;0.0;S
09.305.994/0001-29;2024-12-31;1;AZUL S.A.;24112;DF Consolidado - Demonstração das Mutações do Patrimônio Líquido;REAL;MIL;PENÚLTIMO;2023-01-01;2023-12-31;Patrimônio Líquido;5.06;Mutações Internas do Patrimônio Líquido;0.0;S
09.305.994/0001-29;2024-12-31;1;AZUL S.A.;24112;DF Consolidado - Demonstração das Mutações do Patrimônio Líquido;REAL;MIL;ÚLTIMO;2024-01-01;2024-12-31;Patrimônio Líquido;5.06;Mutações Internas do Patrimônio Líquido;0.0;S
09.305.994/0001-29;2024-12-31;1;AZUL S.A.;24112;DF Consolidado - Demonstração das Mutações do Patrimônio Líquido;REAL;MIL;PENÚLTIMO;2023-01-01;2023-12-31;Participação dos Não Controladores;5.06;Mutações Internas do Patrimônio Líquido;0.0;S
09.305.994/0001-29;2024-12-31;1;AZUL S.A.;24112;DF Consolidado - Demonstração das Mutações do Patrimônio Líquido;REAL;MIL;ÚLTIMO;2024-01-01;2024-12-31;Participação dos Não Controladores;5.06;Mutações Internas do Patrimônio Líquido;0.0;S
09.305.994/0001-29;2024-12-31;1;AZUL S.A.;24112;DF Consolidado - Demonstração das Mutações do Patrimônio Líquido;REAL;MIL;PENÚLTIMO;2023-01-01;2023-12-31;Patrimônio Líquido Consolidado;5.06;Mutações Internas do Patrimônio Líquido;0.0;S
09.305.994/0001-29;2024-12-31;1;AZUL S.A.;24112;DF Consolidado - Demonstração das Mutações do Patrimônio Líquido;REAL;MIL;ÚLTIMO;2024-01-01;2024-12-31;Patrimônio Líquido Consolidado;5.06;Mutações Internas do Patrimônio Líquido;0.0;S
09.305.994/0001-29;2024-12-31;1;AZUL S.A.;24112;DF Consolidado - Demonstração das Mutações do Patrimônio Líquido;REAL;MIL;PENÚLTIMO;2023-01-01;2023-12-31;Capital Social Integralizado;5.06.01;Constituição de Reservas;0.0;S
09.305.994/0001-29;2024-12-31;1;AZUL S.A.;24112;DF Consolidado - Demonstração das Mutações do Patrimônio Líquido;REAL;MIL;ÚLTIMO;2024-01-01;2024-12-31;Capital Social Integralizado;5.06.01;Constituição de Reservas;0.0;S
09.305.994/0001-29;2024-12-31;1;AZUL S.A.;24112;DF Consolidado - Demonstração das Mutações do Patrimônio Líquido;REAL;MIL;PENÚLTIMO;2023-01-01;2023-12-31;Reservas de Capital, Opções Outorgadas e Ações em Tesouraria;5.06.01;Constituição de Reservas;0.0;S
09.305.994/0001-29;2024-12-31;1;AZUL S.A.;24112;DF Consolidado - Demonstração das Mutações do Patrimônio Líquido;REAL;MIL;ÚLTIMO;2024-01-01;2024-12-31;Reservas de Capital, Opções Outorgadas e Ações em Tesouraria;5.06.01;Constituição de Reservas;0.0;S
09.305.994/0001-29;2024-12-31;1;AZUL S.A.;24112;DF Consolidado - Demonstração das Mutações do Patrimônio Líquido;REAL;MIL;PENÚLTIMO;2023-01-01;2023-12-31;Reservas de Lucro;5.06.01;Constituição de Reservas;0.0;S
09.305.994/0001-29;2024-12-31;1;AZUL S.A.;24112;DF Consolidado - Demonstração das Mutações do Patrimônio Líquido;REAL;MIL;ÚLTIMO;2024-01-01;2024-12-31;Reservas de Lucro;5.06.01;Constituição de Reservas;0.0;S
09.305.994/0001-29;2024-12-31;1;AZUL S.A.;24112;DF Consolidado - Demonstração das Mutações do Patrimônio Líquido;REAL;MIL;PENÚLTIMO;2023-01-01;2023-12-31;Lucros ou Prejuízos Acumulados;5.06.01;Constituição de Reservas;0.0;S
09.305.994/0001-29;2024-12-31;1;AZUL S.A.;24112;DF Consolidado - Demonstração das Mutações do Patrimônio Líquido;REAL;MIL;ÚLTIMO;2024-01-01;2024-12-31;Lucros ou Prejuízos Acumulados;5.06.01;Constituição de Reservas;0.0;S
09.305.994/0001-29;2024-12-31;1;AZUL S.A.;24112;DF Consolidado - Demonstração das Mutações do Patrimônio Líquido;REAL;MIL;PENÚLTIMO;2023-01-01;2023-12-31;Outros Resultados Abrangentes;5.06.01;Constituição de Reservas;0.0;S
09.305.994/0001-29;2024-12-31;1;AZUL S.A.;24112;DF Consolidado - Demonstração das Mutações do Patrimônio Líquido;REAL;MIL;ÚLTIMO;2024-01-01;2024-12-31;Outros Resultados Abrangentes;5.06.01;Constituição de Reservas;0.0;S
09.305.994/0001-29;2024-12-31;1;AZUL S.A.;24112;DF Consolidado - Demonstração das Mutações do Patrimônio Líquido;REAL;MIL;PENÚLTIMO;2023-01-01;2023-12-31;Patrimônio Líquido;5.06.01;Constituição de Reservas;0.0;S
09.305.994/0001-29;2024-12-31;1;AZUL S.A.;24112;DF Consolidado - Demonstração das Mutações do Patrimônio Líquido;REAL;MIL;ÚLTIMO;2024-01-01;2024-12-31;Patrimônio Líquido;5.06.01;Constituição de Reservas;0.0;S
09.305.994/0001-29;2024-12-31;1;AZUL S.A.;24112;DF Consolidado - Demonstração das Mutações do Patrimônio Líquido;REAL;MIL;PENÚLTIMO;2023-01-01;2023-12-31;Participação dos Não Controladores;5.06.01;Constituição de Reservas;0.0;S
09.305.994/0001-29;2024-12-31;1;AZUL S.A.;24112;DF Consolidado - Demonstração das Mutações do Patrimônio Líquido;REAL;MIL;ÚLTIMO;2024-01-01;2024-12-31;Participação dos Não Controladores;5.06.01;Constituição de Reservas;0.0;S
09.305.994/0001-29;2024-12-31;1;AZUL S.A.;24112;DF Consolidado - Demonstração das Mutações do Patrimônio Líquido;REAL;MIL;PENÚLTIMO;2023-01-01;2023-12-31;Patrimônio Líquido Consolidado;5.06.01;Constituição de Reservas;0.0;S
09.305.994/0001-29;2024-12-31;1;AZUL S.A.;24112;DF Consolidado - Demonstração das Mutações do Patrimônio Líquido;REAL;MIL;ÚLTIMO;2024-01-01;2024-12-31;Patrimônio Líquido Consolidado;5.06.01;Constituição de Reservas;0.0;S
09.305.994/0001-29;2024-12-31;1;AZUL S.A.;24112;DF Consolidado - Demonstração das Mutações do Patrimônio Líquido;REAL;MIL;PENÚLTIMO;2023-01-01;2023-12-31;Capital Social Integralizado;5.06.02;Realização da Reserva Reavaliação;0.0;S
09.305.994/0001-29;2024-12-31;1;AZUL S.A.;24112;DF Consolidado - Demonstração das Mutações do Patrimônio Líquido;REAL;MIL;ÚLTIMO;2024-01-01;2024-12-31;Capital Social Integralizado;5.06.02;Realização da Reserva Reavaliação;0.0;S
09.305.994/0001-29;2024-12-31;1;AZUL S.A.;24112;DF Consolidado - Demonstração das Mutações do Patrimônio Líquido;REAL;MIL;PENÚLTIMO;2023-01-01;2023-12-31;Reservas de Capital, Opções Outorgadas e Ações em Tesouraria;5.06.02;Realização da Reserva Reavaliação;0.0;S
09.305.994/0001-29;2024-12-31;1;AZUL S.A.;24112;DF Consolidado - Demonstração das Mutações do Patrimônio Líquido;REAL;MIL;ÚLTIMO;2024-01-01;2024-12-31;Reservas de Capital, Opções Outorgadas e Ações em Tesouraria;5.06.02;Realização da Reserva Reavaliação;0.0;S
09.305.994/0001-29;2024-12-31;1;AZUL S.A.;24112;DF Consolidado - Demonstração das Mutações do Patrimônio Líquido;REAL;MIL;PENÚLTIMO;2023-01-01;2023-12-31;Reservas de Lucro;5.06.02;Realização da Reserva Reavaliação;0.0;S
09.305.994/0001-29;2024-12-31;1;AZUL S.A.;24112;DF Consolidado - Demonstração das Mutações do Patrimônio Líquido;REAL;MIL;ÚLTIMO;2024-01-01;2024-12-31;Reservas de Lucro;5.06.02;Realização da Reserva Reavaliação;0.0;S
09.305.994/0001-29;2024-12-31;1;AZUL S.A.;24112;DF Consolidado - Demonstração das Mutações do Patrimônio Líquido;REAL;MIL;PENÚLTIMO;2023-01-01;2023-12-31;Lucros ou Prejuízos Acumulados;5.06.02;Realização da Reserva Reavaliação;0.0;S
09.305.994/0001-29;2024-12-31;1;AZUL S.A.;24112;DF Consolidado - Demonstração das Mutações do Patrimônio Líquido;REAL;MIL;ÚLTIMO;2024-01-01;2024-12-31;Lucros ou Prejuízos Acumulados;5.06.02;Realização da Reserva Reavaliação;0.0;S
09.305.994/0001-29;2024-12-31;1;AZUL S.A.;24112;DF Consolidado - Demonstração das Mutações do Patrimônio Líquido;REAL;MIL;PENÚLTIMO;2023-01-01;2023-12-31;Outros Resultados Abrangentes;5.06.02;Realização da Reserva Reavaliação;0.0;S
09.305.994/0001-29;2024-12-31;1;AZUL S.A.;24112;DF Consolidado - Demonstração das Mutações do Patrimônio Líquido;REAL;MIL;ÚLTIMO;2024-01-01;2024-12-31;Outros Resultados Abrangentes;5.06.02;Realização da Reserva Reavaliação;0.0;S
09.305.994/0001-29;2024-12-31;1;AZUL S.A.;24112;DF Consolidado - Demonstração das Mutações do Patrimônio Líquido;REAL;MIL;PENÚLTIMO;2023-01-01;2023-12-31;Patrimônio Líquido;5.06.02;Realização da Reserva Reavaliação;0.0;S
09.305.994/0001-29;2024-12-31;1;AZUL S.A.;24112;DF Consolidado - Demonstração das Mutações do Patrimônio Líquido;REAL;MIL;ÚLTIMO;2024-01-01;2024-12-31;Patrimônio Líquido;5.06.02;Realização da Reserva Reavaliação;0.0;S
09.305.994/0001-29;2024-12-31;1;AZUL S.A.;24112;DF Consolidado - Demonstração das Mutações do Patrimônio Líquido;REAL;MIL;PENÚLTIMO;2023-01-01;2023-12-31;Participação dos Não Controladores;5.06.02;Realização da Reserva Reavaliação;0.0;S
09.305.994/0001-29;2024-12-31;1;AZUL S.A.;24112;DF Consolidado - Demonstração das Mutações do Patrimônio Líquido;REAL;MIL;ÚLTIMO;2024-01-01;2024-12-31;Participação dos Não Controladores;5.06.02;Realização da Reserva Reavaliação;0.0;S
09.305.994/0001-29;2024-12-31;1;AZUL S.A.;24112;DF Consolidado - Demonstração das Mutações do Patrimônio Líquido;REAL;MIL;PENÚLTIMO;2023-01-01;2023-12-31;Patrimônio Líquido Consolidado;5.06.02;Realização da Reserva Reavaliação;0.0;S
09.305.994/0001-29;2024-12-31;1;AZUL S.A.;24112;DF Consolidado - Demonstração das Mutações do Patrimônio Líquido;REAL;MIL;ÚLTIMO;2024-01-01;2024-12-31;Patrimônio Líquido Consolidado;5.06.02;Realização da Reserva Reavaliação;0.0;S
09.305.994/0001-29;2024-12-31;1;AZUL S.A.;24112;DF Consolidado - Demonstração das Mutações do Patrimônio Líquido;REAL;MIL;PENÚLTIMO;2023-01-01;2023-12-31;Capital Social Integralizado;5.06.03;Tributos sobre a Realização da Reserva de Reavaliação;0.0;S
09.305.994/0001-29;2024-12-31;1;AZUL S.A.;24112;DF Consolidado - Demonstração das Mutações do Patrimônio Líquido;REAL;MIL;ÚLTIMO;2024-01-01;2024-12-31;Capital Social Integralizado;5.06.03;Tributos sobre a Realização da Reserva de Reavaliação;0.0;S
09.305.994/0001-29;2024-12-31;1;AZUL S.A.;24112;DF Consolidado - Demonstração das Mutações do Patrimônio Líquido;REAL;MIL;PENÚLTIMO;2023-01-01;2023-12-31;Reservas de Capital, Opções Outorgadas e Ações em Tesouraria;5.06.03;Tributos sobre a Realização da Reserva de Reavaliação;0.0;S
09.305.994/0001-29;2024-12-31;1;AZUL S.A.;24112;DF Consolidado - Demonstração das Mutações do Patrimônio Líquido;REAL;MIL;ÚLTIMO;2024-01-01;2024-12-31;Reservas de Capital, Opções Outorgadas e Ações em Tesouraria;5.06.03;Tributos sobre a Realização da Reserva de Reavaliação;0.0;S
09.305.994/0001-29;2024-12-31;1;AZUL S.A.;24112;DF Consolidado - Demonstração das Mutações do Patrimônio Líquido;REAL;MIL;PENÚLTIMO;2023-01-01;2023-12-31;Reservas de Lucro;5.06.03;Tributos sobre a Realização da Reserva de Reavaliação;0.0;S
09.305.994/0001-29;2024-12-31;1;AZUL S.A.;24112;DF Consolidado - Demonstração das Mutações do Patrimônio Líquido;REAL;MIL;ÚLTIMO;2024-01-01;2024-12-31;Reservas de Lucro;5.06.03;Tributos sobre a Realização da Reserva de Reavaliação;0.0;S
09.305.994/0001-29;2024-12-31;1;AZUL S.A.;24112;DF Consolidado - Demonstração das Mutações do Patrimônio Líquido;REAL;MIL;PENÚLTIMO;2023-01-01;2023-12-31;Lucros ou Prejuízos Acumulados;5.06.03;Tributos sobre a Realização da Reserva de Reavaliação;0.0;S
09.305.994/0001-29;2024-12-31;1;AZUL S.A.;24112;DF Consolidado - Demonstração das Mutações do Patrimônio Líquido;REAL;MIL;ÚLTIMO;2024-01-01;2024-12-31;Lucros ou Prejuízos Acumulados;5.06.03;Tributos sobre a Realização da Reserva de Reavaliação;0.0;S
09.305.994/0001-29;2024-12-31;1;AZUL S.A.;24112;DF Consolidado - Demonstração das Mutações do Patrimônio Líquido;REAL;MIL;PENÚLTIMO;2023-01-01;2023-12-31;Outros Resultados Abrangentes;5.06.03;Tributos sobre a Realização da Reserva de Reavaliação;0.0;S
09.305.994/0001-29;2024-12-31;1;AZUL S.A.;24112;DF Consolidado - Demonstração das Mutações do Patrimônio Líquido;REAL;MIL;ÚLTIMO;2024-01-01;2024-12-31;Outros Resultados Abrangentes;5.06.03;Tributos sobre a Realização da Reserva de Reavaliação;0.0;S
09.305.994/0001-29;2024-12-31;1;AZUL S.A.;24112;DF Consolidado - Demonstração das Mutações do Patrimônio Líquido;REAL;MIL;PENÚLTIMO;2023-01-01;2023-12-31;Patrimônio Líquido;5.06.03;Tributos sobre a Realização da Reserva de Reavaliação;0.0;S
09.305.994/0001-29;2024-12-31;1;AZUL S.A.;24112;DF Consolidado - Demonstração das Mutações do Patrimônio Líquido;REAL;MIL;ÚLTIMO;2024-01-01;2024-12-31;Patrimônio Líquido;5.06.03;Tributos sobre a Realização da Reserva de Reavaliação;0.0;S
09.305.994/0001-29;2024-12-31;1;AZUL S.A.;24112;DF Consolidado - Demonstração das Mutações do Patrimônio Líquido;REAL;MIL;PENÚLTIMO;2023-01-01;2023-12-31;Participação dos Não Controladores;5.06.03;Tributos sobre a Realização da Reserva de Reavaliação;0.0;S
09.305.994/0001-29;2024-12-31;1;AZUL S.A.;24112;DF Consolidado - Demonstração das Mutações do Patrimônio Líquido;REAL;MIL;ÚLTIMO;2024-01-01;2024-12-31;Participação dos Não Controladores;5.06.03;Tributos sobre a Realização da Reserva de Reavaliação;0.0;S
09.305.994/0001-29;2024-12-31;1;AZUL S.A.;24112;DF Consolidado - Demonstração das Mutações do Patrimônio Líquido;REAL;MIL;PENÚLTIMO;2023-01-01;2023-12-31;Patrimônio Líquido Consolidado;5.06.03;Tributos sobre a Realização da Reserva de Reavaliação;0.0;S
09.305.994/0001-29;2024-12-31;1;AZUL S.A.;24112;DF Consolidado - Demonstração das Mutações do Patrimônio Líquido;REAL;MIL;ÚLTIMO;2024-01-01;2024-12-31;Patrimônio Líquido Consolidado;5.06.03;Tributos sobre a Realização da Reserva de Reavaliação;0.0;S
09.305.994/0001-29;2024-12-31;1;AZUL S.A.;24112;DF Consolidado - Demonstração das Mutações do Patrimônio Líquido;REAL;MIL;PENÚLTIMO;2023-01-01;2023-12-31;Capital Social Integralizado;5.07;Saldos Finais;2315610.0;S
09.305.994/0001-29;2024-12-31;1;AZUL S.A.;24112;DF Consolidado - Demonstração das Mutações do Patrimônio Líquido;REAL;MIL;ÚLTIMO;2024-01-01;2024-12-31;Capital Social Integralizado;5.07;Saldos Finais;2315628.0;S
09.305.994/0001-29;2024-12-31;1;AZUL S.A.;24112;DF Consolidado - Demonstração das Mutações do Patrimônio Líquido;REAL;MIL;PENÚLTIMO;2023-01-01;2023-12-31;Reservas de Capital, Opções Outorgadas e Ações em Tesouraria;5.07;Saldos Finais;2020569.0;S
09.305.994/0001-29;2024-12-31;1;AZUL S.A.;24112;DF Consolidado - Demonstração das Mutações do Patrimônio Líquido;REAL;MIL;ÚLTIMO;2024-01-01;2024-12-31;Reservas de Capital, Opções Outorgadas e Ações em Tesouraria;5.07;Saldos Finais;2061689.0;S
09.305.994/0001-29;2024-12-31;1;AZUL S.A.;24112;DF Consolidado - Demonstração das Mutações do Patrimônio Líquido;REAL;MIL;PENÚLTIMO;2023-01-01;2023-12-31;Reservas de Lucro;5.07;Saldos Finais;0.0;S
09.305.994/0001-29;2024-12-31;1;AZUL S.A.;24112;DF Consolidado - Demonstração das Mutações do Patrimônio Líquido;REAL;MIL;ÚLTIMO;2024-01-01;2024-12-31;Reservas de Lucro;5.07;Saldos Finais;0.0;S
09.305.994/0001-29;2024-12-31;1;AZUL S.A.;24112;DF Consolidado - Demonstração das Mutações do Patrimônio Líquido;REAL;MIL;PENÚLTIMO;2023-01-01;2023-12-31;Lucros ou Prejuízos Acumulados;5.07;Saldos Finais;-25667133.0;S
09.305.994/0001-29;2024-12-31;1;AZUL S.A.;24112;DF Consolidado - Demonstração das Mutações do Patrimônio Líquido;REAL;MIL;ÚLTIMO;2024-01-01;2024-12-31;Lucros ou Prejuízos Acumulados;5.07;Saldos Finais;-34818504.0;S
09.305.994/0001-29;2024-12-31;1;AZUL S.A.;24112;DF Consolidado - Demonstração das Mutações do Patrimônio Líquido;REAL;MIL;PENÚLTIMO;2023-01-01;2023-12-31;Outros Resultados Abrangentes;5.07;Saldos Finais;3106.0;S
09.305.994/0001-29;2024-12-31;1;AZUL S.A.;24112;DF Consolidado - Demonstração das Mutações do Patrimônio Líquido;REAL;MIL;ÚLTIMO;2024-01-01;2024-12-31;Outros Resultados Abrangentes;5.07;Saldos Finais;5917.0;S
09.305.994/0001-29;2024-12-31;1;AZUL S.A.;24112;DF Consolidado - Demonstração das Mutações do Patrimônio Líquido;REAL;MIL;PENÚLTIMO;2023-01-01;2023-12-31;Patrimônio Líquido;5.07;Saldos Finais;-21327848.0;S
09.305.994/0001-29;2024-12-31;1;AZUL S.A.;24112;DF Consolidado - Demonstração das Mutações do Patrimônio Líquido;REAL;MIL;ÚLTIMO;2024-01-01;2024-12-31;Patrimônio Líquido;5.07;Saldos Finais;-30435270.0;S
09.305.994/0001-29;2024-12-31;1;AZUL S.A.;24112;DF Consolidado - Demonstração das Mutações do Patrimônio Líquido;REAL;MIL;PENÚLTIMO;2023-01-01;2023-12-31;Participação dos Não Controladores;5.07;Saldos Finais;0.0;S
09.305.994/0001-29;2024-12-31;1;AZUL S.A.;24112;DF Consolidado - Demonstração das Mutações do Patrimônio Líquido;REAL;MIL;ÚLTIMO;2024-01-01;2024-12-31;Participação dos Não Controladores;5.07;Saldos Finais;0.0;S
09.305.994/0001-29;2024-12-31;1;AZUL S.A.;24112;DF Consolidado - Demonstração das Mutações do Patrimônio Líquido;REAL;MIL;PENÚLTIMO;2023-01-01;2023-12-31;Patrimônio Líquido Consolidado;5.07;Saldos Finais;-21327848.0;S
09.305.994/0001-29;2024-12-31;1;AZUL S.A.;24112;DF Consolidado - Demonstração das Mutações do Patrimônio Líquido;REAL;MIL;ÚLTIMO;2024-01-01;2024-12-31;Patrimônio Líquido Consolidado;5.07;Saldos Finais;-30435270.0;S
